"name","address1","address2","address3","borough_name","website","os_addressbase_uprn","borough_code","ward_2022_name","ward_2022_code","latitude","longitude","easting","northing","type"
"Brompton Oratory","Brompton Road"," ","SW7 2RP","Kensington and Chelsea","","217007711","E09000020","Brompton & Hans Town","E05009389",51.49747072,-0.169815218,527139.0127,179202.0035,"Archives"
"Channel 4 Document Archive","124 Horseferry Road"," ","SW1P 2TX","Westminster","","1e+11","E09000033","St James's","E05013806",51.4957021,-0.132918466,529705.0137,179070.0023,"Archives"
"Chelsea and Westminster Hospital Archives","369 Fulham Road"," ","SW10 9NH","Kensington and Chelsea","","217033201","E09000020","Stanley","E05009405",51.48425239,-0.181434976,526369.013,177712.0032,"Archives"
"ChurchCare Library","Cathedral and Church Buildings Division Archbishop","Church House  27 Great Smith Street","SW1P 3AZ","Westminster","","1e+11","E09000033","St James's","E05013806",51.497938,-0.129326046,529948.0131,179325.002,"Archives"
"Commonwealth Institute","Commonwealth Resources Centre","Kensington High Street ","W8 6NQ","Kensington and Chelsea","","217044656","E09000020","Holland","E05009397",51.49987443,-0.200159027,525026.2823,179417.0831,"Archives"
"DayCare Trust","21 St George Road"," ","SE1 6ES","Southwark","","2e+11","E09000028","St George's","E05011114",51.49529754,-0.102666646,531806.0131,179079.0036,"Archives"
"Employment Policy Institute","Beaufort House ","15 St Botolph Street ","EC3A 7NJ","City of London","","95500292","E09000001","Portsoken","E05009308",51.51506783,-0.075887122,533607.012,181326.0022,"Archives"
"General Conference of the New Church","Swedenborg House ","20 Bloomsbury Way ","WC1A 2TH","Camden","","5024660","E09000007","Bloomsbury","E05013653",51.51792235,-0.122727011,530349.0114,181559.0035,"Archives"
"Harrods Archive","68-72 Hammersmith Road"," ","W14 8YW","Hammersmith and Fulham","","34142299","E09000013","Brook Green","E05013735",51.49454912,-0.213626532,524106.0124,178802.0028,"Archives"
"National Council for Voluntary Youth Services","Third Floor ","Lancaster House 33 Islington High Str","N1 9LH","Islington","","10008978268","E09000019","Barnsbury","E05013698",51.5330567,-0.106474468,531433.0126,183271.0007,"Archives"
"National Council of Voluntary Child Care Organisation","Unit 25","1st Floor Angel Gate","EC1V 2PT","Islington","","10023216009","E09000019","St Peter's & Canalside","E05013711",51.52925214,-0.101427729,531794.0122,182857.0022,"Archives"
"National Institute for Social Work","5 Tavistock Place"," ","WC1H 9SN","Camden","","5090642","E09000007","Bloomsbury","E05013653",51.52526291,-0.127384112,530005.0114,182367.0034,"Archives"
"National League of the Blind and Disabled","324 Gray's Inn Road"," ","WC1X 8DD","Camden","","5166668","E09000007","King's Cross","E05013666",51.52884842,-0.119350731,530552.012,182780.003,"Archives"
"Performing Right Society Archives","29/33 Berners Street"," ","W1P 4AA","Westminster","","1e+11","E09000033","West End","E05013808",51.5184036,-0.137121112,529349.0116,181587.0024,"Archives"
"The Theatres Trust Resource Centre","22 Charing Cross Road"," ","WC2H 0QL","Westminster","","10033531816","E09000033","St James's","E05013806",51.51060881,-0.12820152,529990.012,180736.0028,"Archives"
"Working Mens College","Crowndale Road"," ","NW1","Camden","","5005485","E09000007","St Pancras & Somers Town","E05013669",51.53523862,-0.136029812,529377.0117,183461.0027,"Archives"
"Writers and Scholars Educational Trust (Index on Cens","6-8 Amwell St"," ","EC1R 1UQ","Islington","","5300001787","E09000019","Clerkenwell","E05013702",51.52727965,-0.108473109,531311.0123,182625.001,"Archives"
"Photographers Gallery ","6-8 Ramillies Street"," ","W1F 7LW","Westminster","",NA,"E09000033","West End","E05013808",51.5155547,-0.138631346,529252.2979,181267.5352,"Archives"
"Action for Blind People","14-16 Verney Road"," ","SE16 3DZ","Southwark","https://www.rnib.org.uk/who-we-are/action-for-blind-people","2e+11","E09000028","Old Kent Road","E05011109",51.48468217,-0.062835752,534602.0131,177971.0024,"Archives"
"ActionAid Central Archive","Resource Centre Hamlyn House ","Macdonald Road  Archway","N19 5PG","Islington","https://www.actionaid.org.uk/changelives/donate?src=ppc&utm_content=A197_A822_A000329&ds_rl=1248098&gcli","10012791132","E09000019","Junction","E05013707",51.56568099,-0.135607243,529320.0117,186847.0019,"Archives"
"Advertising Association","7th Floor North Artillery House","Regents Park ","SW1P 1RT","Westminster","https://www.adassoc.org.uk/","1e+11","E09000033","St James's","E05013806",51.49670957,-0.135196816,529544.0135,179178.003,"Archives"
"Age Concern","National Old People's Welfare Council ","Astral House  1268 London Road","SW16 4ER","Croydon","https://www.ageuk.org.uk/","2e+11","E09000008","Norbury & Pollards Hill","E05011472",51.40683553,-0.120521531,530819.0079,169210.0009,"Archives"
"Agnew's","8 Grafton Street"," ","W1S 4EL","Westminster","http://www.agnewsgallery.com/","1e+11","E09000033","West End","E05013808",51.51005319,-0.143601127,528923.012,180647.0024,"Archives"
"Air League","3 Whitehall Court"," ","SW1A2EL","Westminster","https://www.airleague.co.uk/","10033625553","E09000033","St James's","E05013806",51.49984047,-0.132461109,529725.0126,179531.0024,"Archives"
"Alexander Fleming Laboratory Museum","St Mary's Hospital ","Praed Street ","W2 1NY","Westminster","https://www.imperial.nhs.uk/about-us/who-we-are/fleming-museum","2e+11","E09000033","Hyde Park","E05013796",51.51697102,-0.173544641,526826.0122,181364.0034,"Archives"
"Alexandra Park and Palace Charitable Trust","Alexandra Palace Way"," ","N22 7AY","Haringey","http://www.alexandrapalace.com/","10003974918","E09000014","Alexandra Park","E05013585",51.59448347,-0.130501429,529592.0124,190059.0004,"Archives"
"Alfred Dunhill Museum and Archive","Alfred Dunhill Ltd ","5-7 Mandeville Place ","W1U 3AY","Westminster","https://www.dunhill.com/gb","1e+11","E09000033","Marylebone","E05013801",51.5163984,-0.151342371,528368.0117,181339.0029,"Archives"
"All Hallows by the Tower","All Hallows Church ","Byward Street ","EC3R 5BJ","City of London","http://www.allhallowsbythetower.org.uk/","2e+11","E09000001","Tower","E05009310",51.50933062,-0.079184156,533395.0121,180682.0018,"Archives"
"Alleyn's School Archive","Townley Road ","Dulwich ","SE22 8SU","Southwark","https://www.alleyns.org.uk/senior-school/aboutalleyns/school-archive","2e+11","E09000028","Goose Green","E05011103",51.45478129,-0.081993244,533359.0119,174611.0024,"Archives"
"Alpine Club Archives","55/56 Charlotte Road"," ","EC2A 3QF","Hackney","http://www.alpine-club.org.uk/ac2/ac-media/archive","10008348373","E09000012","Hoxton East & Shoreditch","E05009377",51.52591939,-0.080662628,533244.0118,182524.0019,"Archives"
"Amnesty International, International Secretariat","Peter Benenson House ","1 Easton Street ","WC1X 0DW","Islington","https://careers.amnesty.org/","5300029347","E09000019","Clerkenwell","E05013702",51.52582065,-0.111128528,531131.0123,182458.0008,"Archives"
"Anglo-Chilean Society","12 Devonshire Street"," ","W1N 2DS","Westminster","https://www.anglochileansociety.org/","1e+11","E09000033","Marylebone","E05013801",51.52207935,-0.146629122,528679.0115,181979.0032,"Archives"
"Anthroposophical Society in Great Britain","Rudolf Steiner House ","35 Park Road ","NW1 6XT","Westminster","https://www.anthroposophy.org.uk/","2e+11","E09000033","Regent's Park","E05013805",51.52489743,-0.160555743,527705.0122,182268.0029,"Archives"
"Arab-British Chamber of Commerce","43 Upper Grosvenor Street"," ","W1K 2NJ","Westminster","https://www.abcc.org.uk/","1e+11","E09000033","West End","E05013808",51.51042165,-0.153270578,528251.0116,180671.0023,"Archives"
"Architectural Association Archives","No. 32 Bedford Square"," ","WC1B 3ES","Camden","https://www.aaschool.ac.uk/AASCHOOL/LIBRARY/archive.php","5183821","E09000007","Bloomsbury","E05013653",51.51853136,-0.131018802,529772.0113,181612.0033,"Archives"
"Archives of the British Psychoanalytical Society","Institute of Psychoanalysis Bryon House ","112A Shirland Road ","W9 2BT","Westminster","http://psychoanalysis.org.uk/archive/view-archive-collections","10033595987","E09000033","Maida Vale","E05013800",51.52664589,-0.194378265,525354.0126,182404.0034,"Archives"
"Archives of the Royal Philatelic Society London","The Royal Philatelic Society London ","41 Devonshire Place ","W1G 6JY","Westminster","http://www.rpsl.org.uk/library.asp","1e+11","E09000033","Marylebone","E05013801",51.52147742,-0.150084306,528441.0117,181906.003,"Archives"
"Armenian Institute","Armenian Church Hall"," Iverna Gardens ","W8 6TP","Kensington and Chelsea","http://www.armenianinstitute.org.uk/","217116743","E09000020","Abingdon","E05009388",51.49955292,-0.193331863,525501.0123,179393.0028,"Archives"
"Art Workers Guild","6 Queen Square"," ","WC1N 3AT","Camden","http://www.artworkersguild.org/","5088276","E09000007","Holborn & Covent Garden","E05013662",51.5214067,-0.122987281,530321.0109,181946.0033,"Archives"
"Association for the Conservation of Energy","Westgate House ","2a Prebend Street ","N1 8PT","Islington","https://www.ukace.org/","5300075757","E09000019","St Peter's & Canalside","E05013711",51.53567982,-0.096863134,532092.0129,183579.9991,"Archives"
"Association of Anaesthetists of Great Britain and Ire","21 Portland Place"," ","W1B 1PY","Westminster","https://www.aagbi.org/","10033598850","E09000033","Marylebone","E05013801",51.51939349,-0.145109412,528792.0116,181683.0028,"Archives"
"Association of Conservative Clubs Ltd","24 Old Queen Street"," ","SW1H 9HP","Westminster","https://www.toryclubs.co.uk/","1e+11","E09000033","St James's","E05013806",51.50100242,-0.130886294,529831.0125,179663.002,"Archives"
"Association of Directors of Adult Social Services","ADSS Business Unit Local Government House ","Smith Square ","SW1P 3HZ","Westminster","https://www.adass.org.uk/home","10033543338","E09000033","St James's","E05013806",51.49557688,-0.126757514,530133.0136,179067.0024,"Archives"
"Athenaeum","107 Pall Mall"," ","SW1Y 5ER","Westminster","http://www.athenaeumclub.co.uk/","1e+11","E09000033","St James's","E05013806",51.50684074,-0.132707924,529688.0123,180309.0023,"Archives"
"Baltic Exchange","38 St Mary Axe"," ","EC3A 8BH","City of London","https://www.balticexchange.com/","1e+11","E09000001","Aldgate","E05009289",51.51497647,-0.08018605,533309.012,181308.0017,"Archives"
"Bank of England Archive","Threadneedle Street"," ","EC2R 8AH","City of London","https://www.bankofengland.co.uk/archive","2e+11","E09000001","Walbrook","E05009312",51.51418809,-0.088621829,532726.0118,181205.0021,"Archives"
"Bankside Gallery","48 Hopton Street"," Blackfriars ","SE1 9JH","Southwark","https://www.banksidegallery.com/","2e+11","E09000028","Borough & Bankside","E05011095",51.50819212,-0.100934689,531889.0116,180516.0019,"Archives"
"Barbers Company","Barber-Surgeons' Hall ","1 Monkwell Square  Wood Street ","EC2Y 5BL","City of London","http://barberscompany.org/","2e+11","E09000001","Cripplegate","E05009302",51.5180174,-0.094601756,532300.0124,181619.9985,"Archives"
"Baring Archive","8-10 Moorgate"," ","EC2R 6DA","City of London","https://www.baringarchive.org.uk/","95512518","E09000001","Broad Street","E05009295",51.51551699,-0.089226292,532680.2119,181351.6813,"Archives"
"Barnet Local Studies and Archives","The Burroughs"," ","NW4 4BQ","Barnet","https://www.barnet.gov.uk/citizen-home/libraries/local-studies-and-archives.html","200222812","E09000003","Hendon","E05013643",51.58859385,-0.228932832,522790.1859,189234.2074,"Archives"
"Barnet Museum","31 Wood Street"," ","EN5 4BE","Barnet","http://www.barnetmuseum.co.uk/","200128241","E09000003","High Barnet","E05013644",51.65287654,-0.202296261,524459.5518,196427.9224,"Archives"
"Ben Uri Art Society and Gallery","108a Boundary Road"," ","NW8 0RH","Camden","http://www.benuri.org.uk/","5144462","E09000007","Kilburn","E05013665",51.5375408,-0.185367081,525949.012,183631.0028,"Archives"
"Bexley Local Studies and Archive Centre","Central Library ","Townley Road  ","DA6 7HJ","Bexley","https://www.bexley.gov.uk/services/archives-and-local-history","1e+11","E09000004","Bexleyheath","E05011219",51.45599566,0.143775809,549040.0135,175181.0046,"Archives"
"Bible Churchmens Missionary Society","BCMS Crosslinks"," 251 Lewisham Way ","SE4","Lewisham","https://missiology.org.uk/societies_bcms.php","1e+11","E09000023","Brockley","E05013716",51.46925434,-0.026960722,537139.0087,176322.0052,"Archives"
"Bishopsgate Institute","230 Bishopsgate"," ","EC2M 4QH","City of London","http://www.bishopsgate.org.uk/","1e+11","E09000001","Bishopsgate","E05009292",51.5187111,-0.079250559,533363.0118,181725.0025,"Archives"
"Black Cultural Archives","1 Windrush Square ","Brixton ","SW2 1EF","Lambeth","https://blackculturalarchives.org/","10091118537","E09000022","Brixton Windrush","E05014098",51.46051638,-0.114572316,531079.1711,175189.9522,"Archives"
"Blind Veterans UK","12-14 Harcourt Street"," ","W1H 4HD","Westminster","https://www.blindveterans.org.uk/","10033535975","E09000033","Marylebone","E05013801",51.52012515,-0.164755341,527427.0121,181730.0027,"Archives"
"Book Trust","Book House ","45 East Hill ","SW18 2QZ","Wandsworth","https://www.booktrust.org.uk/","121011471","E09000032","Wandsworth Town","E05014028",51.45797137,-0.184048133,526260.0119,174785.0017,"Archives"
"Brent Museum and Archives","The Library at Willesden Green ","95 High Road Willesden","NW10 2SF","Brent","https://www.brent.gov.uk/archives","202149110","E09000005","Willesden Green","E05013517",51.5466504,-0.228921501,522904.0119,184570.0027,"Archives"
"British Academy","10 Carlton House Terrace"," ","SW1Y 5AH","Westminster","https://www.thebritishacademy.ac.uk/","1e+11","E09000033","St James's","E05013806",51.5063498,-0.131243765,529791.0123,180257.0023,"Archives"
"British Actors' Equity Association","Guild House ","Upper St Martins Lane ","WC2H 9EG","Westminster","https://www.equity.org.uk/","1e+11","E09000033","St James's","E05013806",51.51208035,-0.127997054,530000.0117,180900.0025,"Archives"
"British Airways Heritage Collection","Waterside Speedbird Way","Harmondsworth ","UB7 0GA","Hillingdon","https://www.britishairways.com/en-gb/information/about-ba/history-and-heritage/heritage-collection","1e+11","E09000017","Heathrow Villages","E05013570",51.48549094,-0.487020906,505149.0129,177367.0018,"Archives"
"British Board of Film Classification","3 Soho Square"," ","W1D 3HD","Westminster","http://www.bbfc.co.uk/","1e+11","E09000033","West End","E05013808",51.51533741,-0.133181828,529631.0118,181253.0024,"Archives"
"British Council","10 Spring Gardens"," ","SW1A 2BN","Westminster","https://www.britishcouncil.org/","1e+11","E09000033","St James's","E05013806",51.50699994,-0.129718478,529895.0123,180332.002,"Archives"
"British Deaf Association","1-3 Worship Street"," ","EC2A 2AB","Islington","https://bda.org.uk/","5300099044","E09000019","Bunhill","E05013699",51.5223107,-0.086551737,532846.0117,182112.0013,"Archives"
"British Dental Association Museum","64 Wimpole Street"," ","W1G 8YS","Westminster","https://bda.org/museum","1e+11","E09000033","Marylebone","E05013801",51.5185766,-0.148616377,528551.0117,181586.0027,"Archives"
"British Film Institute (BFI) National Archive","21 Stephen Street"," ","W1T 1LN","Camden","https://www.bfi.org.uk/archive-collections","5158427","E09000007","Bloomsbury","E05013653",51.51785121,-0.132920441,529642.0116,181533.0024,"Archives"
"British Film Institute, Special Collections","BFI Southbank ","Belvedere Road ","SE1 8XT","Lambeth","https://www.bfi.org.uk/archive-collections/introduction-bfi-collections/exploring-collections/special-co","2e+11","E09000022","Waterloo & South Bank","E05014118",51.5069462,-0.115937366,530851.5021,180350.5519,"Archives"
"British Heart Foundation","Greater London House  ","180 Hampstead Road ","NW1 7AW","Camden","https://www.bhf.org.uk/","5088648","E09000007","Regent's Park","E05013668",51.53344266,-0.139592511,529135.0114,183255.0025,"Archives"
"British Humanist Association","1 Gower Street"," ","WC1E 6HD","Camden","https://humanism.org.uk/","5088342","E09000007","Bloomsbury","E05013653",51.51979395,-0.130116644,529831.011,181754.0035,"Archives"
"British Institute of Radiology","36 Portland Place"," ","W1B 1AT","Westminster","https://www.bir.org.uk/","1e+11","E09000033","West End","E05013808",51.52001346,-0.144507634,528832.0115,181753.0027,"Archives"
"British Library Corporate Archives","British Library ","96 Euston Road ","NW1 2DB","Camden","http://searcharchives.bl.uk/primo_library/libweb/action/search.do?dscnt=1&dstmp=1542715917978&vid=IAMS_V","5037737","E09000007","St Pancras & Somers Town","E05013669",51.52998677,-0.126988356,530019.012,182893.0028,"Archives"
"British Library, Manuscript Collections/Map Library/M","96 Euston Road"," ","NW1 2DB","Camden","https://www.bl.uk/subjects/manuscripts-and-archives","5037737","E09000007","St Pancras & Somers Town","E05013669",51.52998677,-0.126988356,530019.012,182893.0028,"Archives"
"British Museum Central Archive, Ethnography Library, ","British Museum ","1 Great Russell Street ","WC1B 3DG","Camden","https://www.britishmuseum.org/research/libraries_and_archives.aspx","5090682","E09000007","Bloomsbury","E05013653",51.51936411,-0.126847821,530059.0108,181712.004,"Archives"
"British Olympic Association","60 Charlotte Street"," ","W1T 2NU","Camden","https://www.teamgb.com/","5155903","E09000007","Bloomsbury","E05013653",51.52004232,-0.136117275,529414.0113,181771.0033,"Archives"
"British Plastics Federation","5 - 6 Bath Place ","Rivington Street ","EC2A 3JE","Hackney","http://www.bpf.co.uk/","10008338301","E09000012","Hoxton East & Shoreditch","E05009377",51.52631281,-0.082722063,533100.0119,182564.002,"Archives"
"British Psychological Society: History of Psychology ","30 Tabernacle St"," ","EC2A 4UE","Islington","https://www.bps.org.uk/about-us/history-psychology-centre","5300089442","E09000019","Bunhill","E05013699",51.52319332,-0.086082254,532876.0117,182211.0024,"Archives"
"British Red Cross Museum and Archives","UK Office ","44 Moorfields ","EC2Y 9AL","City of London","https://www.redcross.org.uk/about-us/our-history/museum-and-archives","2e+11","E09000001","Coleman Street","E05009299",51.51908359,-0.08858643,532714.2419,181749.4506,"Archives"
"British Retail Consortium","Second Floor ","21 Dartmouth Street ","SW1H 9BP","Westminster","https://brc.org.uk/","1e+11","E09000033","St James's","E05013806",51.50031567,-0.131807714,529769.0125,179585.0023,"Archives"
"British School of Osteopathy","275 Borough High Street"," ","SE1 1JE","Southwark","https://www.uco.ac.uk/","2e+11","E09000028","Chaucer","E05011098",51.50008115,-0.094312879,532372.0114,179626.0032,"Archives"
"British Universities Film and Video Council","77 Wells Street"," ","W1T 3QJ","Westminster","http://bufvc.ac.uk/","10033579368","E09000033","West End","E05013808",51.51637417,-0.137304849,529342.0119,181361.0028,"Archives"
"British Veterinary Association","7 Mansfield Street"," ","W1G 9NQ","Westminster","https://www.bva.co.uk/","1e+11","E09000033","Marylebone","E05013801",51.51901537,-0.146220252,528716.0117,181639.0027,"Archives"
"British-German Association","34 Belgrave Square"," ","SW1X 8QB","Westminster","https://www.britishgermanassociation.org/","1e+11","E09000033","Knightsbridge & Belgravia","E05013797",51.49860148,-0.151890056,528380.0126,179359.0024,"Archives"
"Broomfield House Museum","Broomfield Park Palmers Green"," ","N13","Enfield","http://www.broomfieldhouse.org/","207169245","E09000010","Palmers Green","E05013688",51.61844628,-0.11800416,530389.0156,192746.0019,"Archives"
"Brunel University Archives","The Old School House ","1 Hillingdon Road  Uxbridge","UB10 0AA","Hillingdon","https://www.brunel.ac.uk/about/Archives","1e+11","E09000017","Hillingdon West","E05013572",51.53662881,-0.471007019,506142.018,183077.0051,"Archives"
"Brunel University Library","Kingston Lane","Uxbridge ","UB8 3PH","Hillingdon","https://www.brunel.ac.uk/life/library","1e+11","E09000017","Colham & Cowley","E05013566",51.53283992,-0.472835336,506024.0137,182653.0034,"Archives"
"BT Archives","3rd Floor Holborn Telephone Exchange ","268-270 High Holborn ","WC1V 7EE","Camden","https://www.btplc.com/Thegroup/BTsHistory/BTgrouparchives/index.htm","5086502","E09000007","Holborn & Covent Garden","E05013662",51.51761085,-0.116758156,530764.0117,181535.0026,"Archives"
"Building Societies Association","6th Floor","York House  23 Kingsway","WC2B 6UJ","Westminster","https://www.bsa.org.uk/","10033583375","E09000033","St James's","E05013806",51.51389915,-0.118583158,530648.0117,181119.0027,"Archives"
"C Hoare & Co","37 Fleet Street"," ","EC4P 4DQ","City of London","https://www.hoaresbank.co.uk/","95513039","E09000001","Farringdon Without","E05009305",51.51377693,-0.1096323,531269.4113,181121.4133,"Archives"
"Camden Local Studies and Archives Centre","Holborn Library ","32-38 Theobalds Road ","WC1X 8PA","Camden","https://www.camden.gov.uk/ccm/navigation/leisure/libraries-and-online-learning-centres/local-history/","5082117","E09000007","Holborn & Covent Garden","E05013662",51.52118201,-0.115702644,530827.0116,181934.0026,"Archives"
"CAMLIS (Complimentary and Alternative Medicine Librar","The Royal London Homoeopathic Hospital ","60 Great Ormond Street ","WC1N 3HR","Camden","http://www.uclh.nhs.uk/ourservices/ourhospitals/rlhim/pages/camlis.aspx","5123747","E09000007","Holborn & Covent Garden","E05013662",51.52174058,-0.121373486,530432.0112,181986.0032,"Archives"
"Campaign for Better Transport ","16 Waterside ","44-48 Wharf Road ","N1 7UX","Hackney","https://bettertransport.org.uk/","10008319406","E09000012","Hoxton West","E05009378",51.5319723,-0.096152741,532152.0134,183168.9989,"Archives"
"Canning House Library","2 Belgrave Square"," ","SW1X 8PJ","Westminster","https://www.canninghouse.org/library/","1e+11","E09000033","Knightsbridge & Belgravia","E05013797",51.5003496,-0.154398373,528201.0121,179549.0032,"Archives"
"Carpenters Company","Carpenters Hall ","Throgmorton Avenue ","EC2N 2JJ","City of London","http://www.carpentersco.com/","95511248","E09000001","Broad Street","E05009295",51.51669821,-0.085936685,532905.0116,181489.002,"Archives"
"Catholic Bishops' Conference of England and Wales","Catholic Trust for England and Wales ","39 Eccleston Square ","SW1V 1BX","Westminster","http://www.cbcew.org.uk/","1e+11","E09000033","Pimlico North","E05013802",51.49106651,-0.144765532,528895.7529,178533.6131,"Archives"
"Catholic Education Service","39 Eccleston Square"," ","SW1V 1BX","Westminster","http://www.catholiceducation.org.uk/","1e+11","E09000033","Pimlico North","E05013802",51.49106651,-0.144765532,528895.7529,178533.6131,"Archives"
"Catholic Truth Society","40-46 Harleyford Road"," ","SE11 5AY","Lambeth","http://www.ctsbooks.org/","1e+11","E09000022","Vauxhall","E05014117",51.48531584,-0.120552493,530593.014,177937.0036,"Archives"
"Catholic Union of Great Britain","St Maximilian Kolbe House ","63 Jeddo Road ","W12 9EE","Hammersmith and Fulham","http://catholicunion.org.uk/","34000250","E09000013","Wendell Park","E05013750",51.50441554,-0.248918069,521630.0132,179840.0028,"Archives"
"Cayzer Family Archive","Cayzer House ","30 Buckingham Gate ","SW1E 6NN","Westminster","http://www.cayzer.com/","1e+11","E09000033","St James's","E05013806",51.49918072,-0.139043655,529270.0127,179446.0027,"Archives"
"Central School of Speech and Drama","Embassy Theatre ","64 Eton Avenue ","NW3 3HY","Camden","https://www.cssd.ac.uk/","5139115","E09000007","Belsize","E05013652",51.54432753,-0.174179507,526706.0115,184405.0026,"Archives"
"Charles Dickens Museum","48 Doughty Street"," ","WC1N 2LF","Camden","https://dickensmuseum.com/","5087477","E09000007","Holborn & Covent Garden","E05013662",51.52360065,-0.116237045,530783.0119,182202.0023,"Archives"
"Chartered Insitute of Taxation","Tony Arnold Library","Maughan Library Chancery Lane","WC2A 1LR","City of London","https://www.tax.org.uk/homepage","95509816","E09000001","Farringdon Without","E05009305",51.51520531,-0.110328375,531217.0114,181279.0027,"Archives"
"Chartered Institute of Journalists","2 Dock Offices ","Surrey Quays Road ","SE16 2XU","Southwark","https://cioj.org/","2e+11","E09000028","Rotherhithe","E05011112",51.49677063,-0.051027719,535386.012,179337.0029,"Archives"
"Chartered Institute of Library and Information Profes","7 Ridgmount Street"," ","WC1E 7AE","Camden","https://www.cilip.org.uk/","5088287","E09000007","Bloomsbury","E05013653",51.52030934,-0.131421658,529739.011,181809.0031,"Archives"
"Chartered Institute of Public Finance and Accountancy","3 Robert Street"," ","WC2N 6BH","Westminster","https://www.cipfa.org/","1e+11","E09000033","St James's","E05013806",51.50874887,-0.122671958,530379.0123,180539.0026,"Archives"
"Chartered Insurance Institute","42-48 High Road","South Woodford ","E18 2JP","Redbridge","https://www.cii.co.uk/","1e+11","E09000026","South Woodford","E05011252",51.59393333,0.022654036,540201.5173,190280.4087,"Archives"
"Chelsea Library","Old Town Hall ","Kings Road ","SW3 5EZ","Kensington and Chelsea","https://www.rbkc.gov.uk/libraries/your-library/find-library/chelsea-library","217105143","E09000020","Royal Hospital","E05009403",51.48747216,-0.168170333,527281.0156,178093.0047,"Archives"
"Chelsea Physic Garden","66 Royal Hospital Road"," ","SW3 4HS","Kensington and Chelsea","https://www.chelseaphysicgarden.co.uk/","217102618","E09000020","Royal Hospital","E05009403",51.48457384,-0.162251549,527700.0136,177781.0035,"Archives"
"Chemical Industries Association","Kings Buildings ","Smith Square ","SW1P 3JJ","Westminster","https://www.cia.org.uk/","10033571884","E09000033","St James's","E05013806",51.49575664,-0.126188277,530172.0135,179088.0031,"Archives"
"Chiswick Library Local Studies Service","Chiswick Library"," Duke's Avenue ","W4 2AB","Hounslow","https://www.hounslow.gov.uk/info/20136/other_library_services/1692/local_history_and_archives","2e+11","E09000018","Chiswick Gunnersbury","E05013609",51.49169574,-0.261085466,520819.2126,178405.4019,"Archives"
"Church Times","108-114 Golden Lane"," ","EC1Y 0TG","Islington","https://www.churchtimes.co.uk/","10090262788","E09000019","Bunhill","E05013699",51.52353627,-0.094991154,532257.0129,182232.9981,"Archives"
"Cinema Museum, Ronald Grant Archive","The Master's House ","The Old Lambeth Workhouse  2 Dugard W","SE11 4TH","Lambeth","http://www.ronaldgrantarchive.com/","10023852579","E09000022","Kennington","E05014105",51.49228045,-0.105168913,531641.0113,178739.0023,"Archives"
"City of London Club","19 Old Broad Street"," ","EC2N 1DS","City of London","http://www.cityoflondonclub.com/","1e+11","E09000001","Cornhill","E05009301",51.5149871,-0.08468246,532997.0117,181301.0025,"Archives"
"City of London Police Museum","Police Headquarters ","37 Wood St ","EC2P 2NP","City of London","https://www.cityoflondon.police.uk/about-us/history/museum/Pages/default.aspx","1e+11","E09000001","Bassishaw","E05009290",51.51667263,-0.093749855,532363.0122,181471.9996,"Archives"
"City of London School","William Hallet Archive Room City of London School ","Queen Victoria Street ","EC4V 3AL","City of London","https://www.cityoflondonschool.org.uk/","1e+11","E09000001","Queenhithe","E05009309",51.51102633,-0.099361206,531990.0118,180834.0002,"Archives"
"City of Westminster Archives Centre","10 St Ann's Street"," ","SW1P 2DE","Westminster","https://www.westminster.gov.uk/archives","1e+11","E09000033","St James's","E05013806",51.49755544,-0.130148527,529892.0132,179281.0025,"Archives"
"City, University of London","Northampton Square"," ","EC1V 0HB","Islington","https://www.city.ac.uk/","5300067719","E09000019","Clerkenwell","E05013702",51.52770618,-0.102587756,531718.012,182683.0021,"Archives"
"Civic Trust","17 Carlton House Terrace"," ","SW1Y 5AW","Westminster","https://www.civictrust.org.uk/","1e+11","E09000033","St James's","E05013806",51.50671003,-0.130148252,529866.0123,180299.0017,"Archives"
"Clothworkers Company","Clothworkers' Hall ","Dunster Court  Mincing Lane","EC3R 7AH","City of London","https://www.clothworkers.co.uk/","95511249","E09000001","Tower","E05009310",51.51152987,-0.081138094,533253.0123,180923.0012,"Archives"
"College of Arms","Queen Victoria Street"," ","EC4V 4BT","City of London","https://www.college-of-arms.gov.uk/","1e+11","E09000001","Castle Baynard","E05009297",51.51223825,-0.098676614,532034.012,180969.9995,"Archives"
"Commonwealth Parliamentary Association","Suite 700 Westminster House ","7 Millbank ","SW1P 3JA","Westminster","http://www.cpahq.org/cpahq/","10033584807","E09000033","St James's","E05013806",51.49644332,-0.126390616,530156.0134,179164.0029,"Archives"
"Commonwealth Secretariat","Marlborough House ","Pall Mall ","SW1Y 5HX","Westminster","http://thecommonwealth.org/","1e+11","E09000033","St James's","E05013806",51.50514791,-0.135961714,529467.0122,180115.0025,"Archives"
"Community Service Volunteers","237 Pentonville Road"," ","N1 9NJ","Islington","https://volunteeringmatters.org.uk/news/national-charity-community-service-volunteers-csv-becomes-volunt","10093112761","E09000019","Clerkenwell","E05013702",51.53092502,-0.11818378,530627.0121,183013.003,"Archives"
"Confederation of Indian Organisations (UK)","5 Westminster Bridge Road"," ","SE1 7XW","Southwark","http://www.ciostrokeproject.co.uk/","10000813756","E09000028","St George's","E05011114",51.49843095,-0.105691744,531587.0124,179422.0025,"Archives"
"Congregational Library","14 Gordon Square"," ","WC1H 0AR","Camden","http://conglib.co.uk/","5162943","E09000007","Bloomsbury","E05013653",51.52393564,-0.131561459,529719.0113,182212.0035,"Archives"
"Conservative Christian Fellowship","CCHQ ","30 Millbank  ","SW1P 4DP","Westminster","https://www.christian-conservatives.org.uk/","10033598461","E09000033","Vincent Square","E05013807",51.49272186,-0.125923818,530199.0123,178751.0025,"Archives"
"Conservative Party Research Department"," 25 Victoria Street"," ","SW1H 0DL","Westminster","https://www.conservativehome.com/tag/conservative-research-department","1e+11","E09000033","St James's","E05013806",51.49813388,-0.132588528,529721.0131,179341.0025,"Archives"
"Co-operative Party","77 Weston Street"," ","SE1 3SD","Southwark","https://party.coop/","2e+11","E09000028","London Bridge & West Bermondsey","E05011104",51.50207687,-0.085987748,532944.0116,179863.0006,"Archives"
"Corps of Commissionaires (Corps Security)","85 Cowcross Street"," ","EC1M 6PF","Islington","https://www.corpssecurity.co.uk/","5300024887","E09000019","Clerkenwell","E05013702",51.52003774,-0.102733663,531730.0118,181830.0013,"Archives"
"Council for the Advancement of Arab-British Understan","1 Gough Square"," ","EC4A 3DE","City of London","https://www.caabu.org/","1e+11","E09000001","Castle Baynard","E05009297",51.51514167,-0.108053774,531375.0114,181276.0026,"Archives"
"Countryside Alliance","The Old Town ","367 Kennington Road ","SE11 4PT","Lambeth","http://www.countryside-alliance.org/","1e+11","E09000022","Kennington","E05014105",51.48681908,-0.111128096,531243.0129,178121.0027,"Archives"
"Coutts & Co","Archives Department ","440 Strand ","WC2R 0QS","Westminster","https://www.coutts.com/","1e+11","E09000033","St James's","E05013806",51.50910072,-0.124992068,530217.0122,180574.0019,"Archives"
"Crisis","66 Commercial Street"," ","E1 6LT","Tower Hamlets","https://www.crisis.org.uk/","6155270","E09000030","Spitalfields & Banglatown","E05009333",51.51811045,-0.073885005,533737.0119,181668.0032,"Archives"
"De Morgan Centre","West Hill Library ","38 West Hill ","SW18 1RZ","Wandsworth","http://www.demorgan.org.uk/","121007255","E09000032","East Putney","E05014011",51.45713641,-0.200476777,525121.013,174664.0028,"Archives"
"D'Oyly Carte Opera Company","N302 North Block Vox Studios"," ","SE11 5JH","Lambeth","http://www.doylycarte.org.uk/","1e+11","E09000022","Kennington","E05014105",51.48847861,-0.11087226,531256.0124,178306.0023,"Archives"
"Dr Johnson's House","17 Gough Square"," ","EC4A 3DE","City of London","http://www.drjohnsonshouse.org/","1e+11","E09000001","Castle Baynard","E05009297",51.51503546,-0.108159067,531368.0114,181264.0031,"Archives"
"Dr Williams's Library","14 Gordon Square"," ","WC1H 0AR","Camden","http://www.dwl.ac.uk/","5162943","E09000007","Bloomsbury","E05013653",51.52393564,-0.131561459,529719.0113,182212.0035,"Archives"
"Drapers' Company","Drapers' Hall ","Throgmorton Avenue ","EC2N 2DQ","City of London","https://www.thedrapers.co.uk/","95511252","E09000001","Broad Street","E05009295",51.51523928,-0.0863582,532880.0117,181326.002,"Archives"
"Duchy of Cornwall Office","10 Buckingham Gate"," ","SW1E 6LA","Westminster","https://duchyofcornwall.org/contact-details.html","1e+11","E09000033","St James's","E05013806",51.49993301,-0.141116576,529124.0124,179526.0027,"Archives"
"Duchy of Lancaster Office","1 Lancaster Place ","Strand ","WC2E 7ED","Westminster","https://www.duchyoflancaster.co.uk/","1e+11","E09000033","St James's","E05013806",51.51013113,-0.118579941,530659.0121,180700.0018,"Archives"
"Dulwich College Archive","Dulwich College ","Dulwich Common ","SE21 7LD","Southwark","https://www.dulwich.org.uk/about/history/the-archives","2e+11","E09000028","Dulwich Wood","E05011101",51.44028029,-0.085018121,533191.012,172993.0025,"Archives"
"Dulwich Picture Gallery","Gallery Road"," ","SE21 7AD","Southwark","https://www.dulwichpicturegallery.org.uk/","2e+11","E09000028","Dulwich Village","E05011100",51.4459777,-0.086420365,533077.0118,173624.0012,"Archives"
"Ealing Local History Centre","Central Library ","103 Ealing Broadway Centre  The Broad","W5 5JY","Ealing","https://www.ealing.gov.uk/info/201129/local_history/1888/local_history_centre/1","12148296","E09000009","Ealing Broadway","E05013520",51.51233212,-0.302370117,517900.0125,180633.0033,"Archives"
"East London Mosque & London Muslim Centre Archive","4th Floor ","46-92 Whitechapel Road ","E1 1JX","Tower Hamlets","https://www.eastlondonmosque.org.uk/content/east-london-mosque-london-muslim-centre-archive-collections","6012773","E09000030","Whitechapel","E05009336",51.51746961,-0.065552047,534317.012,181612.0038,"Archives"
"Egypt Exploration Society","Lucy Gura Archive ","3 Doughty Mews ","WC1N 2PG","Camden","https://www.ees.ac.uk/","5020719","E09000007","Holborn & Covent Garden","E05013662",51.52315343,-0.116947449,530735.0117,182151.0031,"Archives"
"Eighteen Stafford Terrace: Sambourne Family Archive","18 Stafford Terrace"," ","W8 7BH","Kensington and Chelsea","https://www.rbkc.gov.uk/subsites/museums/18staffordterrace1.aspx","217107937","E09000020","Campden","E05009390",51.50045223,-0.196840681,525255.0122,179487.0033,"Archives"
"Electoral Reform Society of Great Britain and Ireland","Thomas Hare House ","6 Chancel Street ","SE1 0UU","Southwark","https://www.electoral-reform.org.uk/","2e+11","E09000028","Borough & Bankside","E05011095",51.50515771,-0.102919768,531760.0115,180175.0031,"Archives"
"Electrical Contractors' Association","ESCA House ","34 Palace Court ","W2 4HY","Westminster","https://www.eca.co.uk/","1e+11","E09000033","Bayswater","E05013793",51.51178125,-0.192055219,525556.0126,180755.0032,"Archives"
"Emanuel School","Battersea Rise"," ","SW11 1HS","Wandsworth","http://www.emanuel.org.uk/","1e+11","E09000032","Wandsworth Common","E05014027",51.45665326,-0.173290163,527011.0102,174657.001,"Archives"
"EMI Group Archive Trust","Dawley Road","Hayes ","UB3 1HH","Hillingdon","https://www.emiarchivetrust.org/","10022797517","E09000017","Hayes Town","E05013569",51.5081604,-0.430243685,509037.0122,179971.0001,"Archives"
"Enfield Local Studies Library and Archive","First Floor Thomas Hardy House ","39 London Road ","EN2 6DS","Enfield","https://www.dugdalecentre.co.uk/page/local-studies-library-and-archive/","207007119","E09000010","Town","E05013693",51.65031766,-0.081118167,532849.2911,196356.6622,"Archives"
"English Folk Dance and Song Society: Vaughan Williams","Cecil Sharp House ","2 Regents Park Road ","NW1 7AY","Camden","https://www.vwml.org/","5066674","E09000007","Primrose Hill","E05013667",51.53810212,-0.149337866,528446.0119,183756.0026,"Archives"
"English National Ballet Archives","Markova House"," 39 Jays Mews ","SW7 2ES","Westminster","https://www.ballet.org.uk/research-enquiries/","1e+11","E09000033","Knightsbridge & Belgravia","E05013797",51.50074685,-0.17866026,526516.0121,179551.0029,"Archives"
"English National Opera Archive","185 Broadhurst Gardens"," ","NW6 3AX","Camden","https://www.eno.org/","5082898","E09000007","South Hampstead","E05013670",51.54618942,-0.190460152,525572.0105,184584.0025,"Archives"
"English-Speaking Union of the Commonwealth","Page Memorial Library Dartmouth House"," ","W1J 5ED","Westminster","https://www.esu.org/","1e+11","E09000033","West End","E05013808",51.50786441,-0.146788412,528708.0119,180398.0027,"Archives"
"European Movement","Southbank House"," Black Prince Road ","SE1 7SJ","Lambeth","http://www.europeanmovement.co.uk/","1e+11","E09000022","Vauxhall","E05014117",51.49222021,-0.11986521,530621.0116,178706.0018,"Archives"
"Evangelical Alliance","176 Copenhagen Street"," ","N1 0ST","Islington","https://www.eauk.org/","10012792269","E09000019","Caledonian","E05013700",51.53708312,-0.119746587,530501.0122,183695.003,"Archives"
"Evangelical Library","5/6 Gateway Mews","Ringway Bounds Green ","N11 2UT","Haringey","http://www.evangelical-library.org.uk/","10003984141","E09000014","Bounds Green","E05013586",51.60960732,-0.13437207,529281.0149,191734.0018,"Archives"
"Faber Archive","Faber & Faber Ltd Bloomsbury House ","74-77 Great Russell Street ","WC1B 3DA","Camden","https://www.faber.co.uk/blog/tag/faber-archive/","5088411","E09000007","Bloomsbury","E05013653",51.51922382,-0.12425903,530239.011,181701.0032,"Archives"
"Federation of British Artists","17 Carlton House Terrace"," ","SW1Y 5BD","Westminster","https://www.mallgalleries.org.uk/about-us/federation-british-artists","1e+11","E09000033","St James's","E05013806",51.50671,-0.13015,529865.8911,180298.9953,"Archives"
"Federation of Master Builders","Gordon Fisher House ","14-15 Great James Street ","WC1N 3DP","Camden","https://www.fmb.org.uk/","5087806","E09000007","Holborn & Covent Garden","E05013662",51.5216858,-0.11684,530746.6672,181987.9936,"Archives"
"Fields in Trust (formerly the National Playing Fields","2nd Floor","15 Crinan Street ","N1 9SQ","Islington","http://www.fieldsintrust.org/","10093624079","E09000019","Caledonian","E05013700",51.53442884,-0.1219,530359.255,183396.0096,"Archives"
"Finance and Leasing Association","2nd Floor Imperial House ","15-19 Kingsway ","WC2B 6UN","Westminster","https://www.fla.org.uk/home/","10033589788","E09000033","St James's","E05013806",51.51371733,-0.11846,530657.077,181099.0039,"Archives"
"Fishmongers Company","Fishmongers Hall"," London Bridge ","EC4 9EL","City of London","http://www.fishhall.org.uk/","2e+11","E09000001","Bridge","E05009294",51.50935936,-0.087541437,532815.0118,180670.0018,"Archives"
"Folklore Society Archives","University College London Library","Special Collections Gower Street ","WC1E 6BT","Camden","https://www.ucl.ac.uk/library/special-collections/a-z/folklore","5157421","E09000007","Bloomsbury","E05013653",51.5248441,-0.13326858,529598.0115,182310.0031,"Archives"
"Food and Drink Federation","6 Catherine Street"," ","WC2B 5JJ","Westminster","https://www.fdf.org.uk/","1e+11","E09000033","St James's","E05013806",51.51270833,-0.12003022,530551.0117,180984.0028,"Archives"
"Football Association","25 Soho Square"," ","W1D 4FA","Westminster","http://www.thefa.com/","10033604804","E09000033","West End","E05013808",51.51516082,-0.13112801,529774.0118,181237.0021,"Archives"
"Foster + Partners","Riverside ","22 Hester Road ","SW11 4AN","City of London","https://www.fosterandpartners.com/","95509816","E09000001","Farringdon Without","E05009305",51.51520531,-0.110328375,531217.0114,181279.0027,"Archives"
"Foyle Special Collections Library/ Foreign and Common","King's College Chancery Lane"," ","WC2A 1LR","Wandsworth","https://www.kcl.ac.uk/library/archivespec/special-collections/Individualcollections/fco.aspx","121016628","E09000032","Battersea Park","E05014010",51.48076694,-0.168381317,527285.0122,177347.0028,"Archives"
"Franciscan Archives English Province","Franciscan Friary ","56 St Antony's Road  Forest Gate","E7 9QB","Newham","http://www.friar.org/our-heritage","46068665","E09000025","Green Street West","E05013914",51.53951262,0.024906099,540525.0128,184233.0016,"Archives"
"Franco-British Society","2 Dovedale Studios ","465 Battersea Park Road ","SW11 4LR","Wandsworth","http://www.franco-british-society.org/","1e+11","E09000032","Battersea Park","E05014010",51.47225363,-0.163379903,527656.0123,176409.002,"Archives"
"French Protestant Church","8-9 Soho Sq"," ","W1D 3QD","Westminster","http://www.egliseprotestantelondres.org.uk/en/","10033543361","E09000033","West End","E05013808",51.51580427,-0.133133904,529633.0118,181305.0025,"Archives"
"Freud Museum","20 Maresfield Gardens"," ","NW3 5SX","Camden","https://www.freud.org.uk/","5012934","E09000007","Belsize","E05013652",51.54842189,-0.177246355,526482.0102,184855.0022,"Archives"
"Friars Minor, English Province Archives","The Friary ","58 St Antony's Road  Forest Gate","E7 9QB","Newham","http://www.friar.org/our-heritage","46068665","E09000025","Green Street West","E05013914",51.53951262,0.024906099,540525.0128,184233.0016,"Archives"
"Friends of the Hebrew University of Jerusalem","126 Albert Street"," ","NW1 7NE","Camden","https://www.bfhu.org/","5088430","E09000007","Camden Town","E05013655",51.53747892,-0.144042224,528815.0119,183696.0031,"Archives"
"Garden Museum Archives","Garden Museum ","5 Lambeth Palace Road ","SE1 7LB","Lambeth","https://gardenmuseum.org.uk/archive/","1e+11","E09000022","Waterloo & South Bank","E05014118",51.49504923,-0.12019536,530590.0135,179020.0031,"Archives"
"Garrick Club Library","Garrick Club ","15 Garrick Street ","WC2E 9AY","Westminster","https://www.garrickclub.co.uk/library/","10033599098","E09000033","St James's","E05013806",51.51130593,-0.126241768,530124.0118,180817.0028,"Archives"
"Museum of the Home (formerly Geffrye Museum) ","Kingsland Road"," ","E2 8EA","Hackney","https://www.geffrye-museum.org.uk/","1e+11","E09000012","Haggerston","E05009375",51.53155722,-0.076244067,533534.0127,183158.9985,"Archives"
"General Dental Council","37 Wimpole Street"," ","W1G 8DQ","Westminster","https://www.gdc-uk.org/","10033579475","E09000033","Marylebone","E05013801",51.51979279,-0.148754417,528538.0117,181721.0026,"Archives"
"Geological Society of London","Burlington House ","Piccadilly ","W1J 0BG","Westminster","https://www.geolsoc.org.uk/","1e+11","E09000033","West End","E05013808",51.50909914,-0.139576037,529205.0122,180548.0025,"Archives"
"Geologists Association","Burlington House"," Piccadilly ","W1J 0DU","Westminster","https://geologistsassociation.org.uk/","1e+11","E09000033","West End","E05013808",51.50909914,-0.139576037,529205.0122,180548.0025,"Archives"
"George Padmore Institute","76 Stroud Green Road"," ","N4 3EN","Haringey","https://www.georgepadmoreinstitute.org/","1e+11","E09000014","Stroud Green","E05013600",51.56813088,-0.109447471,531126.0134,187166.0008,"Archives"
"German Historical Institute London","17 Bloomsbury Square"," ","WC1A 2NJ","Camden","https://www.ghil.ac.uk/home.html","5087926","E09000007","Bloomsbury","E05013653",51.51890444,-0.123969462,530260.0111,181666.0027,"Archives"
"Gimpel Fils","30 Davies Street"," ","W1K 4NB","Westminster","http://www.gimpelfils.com/","1e+11","E09000033","West End","E05013808",51.51195324,-0.14774652,528630.0118,180851.0029,"Archives"
"Girlguiding UK","17-19 Buckingham Palace Road"," ","SW1W 0PT","Westminster","https://www.girlguiding.org.uk/","10033531078","E09000033","St James's","E05013806",51.49875796,-0.143008591,528996.0127,179392.003,"Archives"
"GlaxoSmithKline Heritage Archives","GSK House 980 Great West Road","Brentford ","TW8 9GS","Hounslow","https://www.gsk.com/en-gb/about-us/our-history/gsk-heritage-archives/","2e+11","E09000018","Brentford West","E05013608",51.48869905,-0.315612974,517041.6162,177983.6968,"Archives"
"Goldsmiths Company","Goldsmith's Hall ","Foster Lane ","EC2V 6BN","City of London","https://www.thegoldsmiths.co.uk/","2e+11","E09000001","Cheap","E05009298",51.51589613,-0.095771311,532225.0123,181381.999,"Archives"
"Great Britain - China Centre","15 Belgrave Square"," ","SW1X 8PS","Westminster","http://www.gbcc.org.uk/","1e+11","E09000033","Knightsbridge & Belgravia","E05013797",51.49860801,-0.155160323,528153.0125,179354.0033,"Archives"
"Great Ormond Street Hospital Archives","Museum and Archives Service Great Ormond Street Ho"," ","WC1N 3JH","Camden","https://www.gosh.nhs.uk/about-us/our-history/archives","5090726","E09000007","Holborn & Covent Garden","E05013662",51.52221155,-0.11989817,530533.0114,182041.0033,"Archives"
"Green Alliance","4th Floor Victoria Charity Centre ","11 Belgrave Road ","SW1V 1RB","Westminster","https://www.green-alliance.org.uk/","1e+11","E09000033","Pimlico North","E05013802",51.49269242,-0.142160353,529072.0128,178719.0022,"Archives"
"Greenwich Heritage Centre","Artillery Square Royal Arsenal"," ","SE18 4DX","Greenwich","https://www.greenwichheritage.org/visit/greenwich-heritage-centre","10010229615","E09000011","Woolwich Arsenal","E05014092",51.49430805,0.069422401,543754.164,179292.7227,"Archives"
"Grenadier Guards Regimental Archives","Wellington Barracks ","Birdcage Walk ","SW1E 6HQ","Westminster","http://grengds.com/static.php?content_id=12","1e+11","E09000033","St James's","E05013806",51.4999858,-0.137642078,529365.0125,179538.0023,"Archives"
"Guardian News & Media Archive (formerly the Newsroom)","Kings Place ","90 York Way ","N1 9GU","Islington","https://www.theguardian.com/gnm-archive","10012790864","E09000019","Caledonian","E05013700",51.53499869,-0.121548397,530382.0121,183460.0034,"Archives"
"Guildhall Library Manuscripts Section","40 Northampton Road"," ","EC1R 0HB","Islington","https://www.cityoflondon.gov.uk/things-to-do/london-metropolitan-archives/visitor-information/Pages/arch","5300067716","E09000019","Clerkenwell","E05013702",51.52537595,-0.107528493,531382.012,182415.0024,"Archives"
"Gunnersbury Park Museum","Gunnersbury Park Popes Lane"," ","W3 8LQ","Hounslow","http://www.visitgunnersbury.org/","2e+11","E09000018","Chiswick Gunnersbury","E05013609",51.49954349,-0.286321449,519046.9121,179236.8033,"Archives"
"Haberdashers' Aske's Federation Trust: Hatcham Colleg","135 Pepys Road"," ","SE14 5SF","Lewisham","https://www.haaf.org.uk/","2e+11","E09000023","Telegraph Hill","E05013732",51.46768411,-0.042722194,536049.014,176118.0025,"Archives"
"Hackney Archives","Dalston CLR James Library and Hackney Archives ","Dalston Square  Dalston Lane","E8 3BQ","Hackney","https://hackney.gov.uk/article/3498/Archives-and-local-history",NA,"E09000012","Dalston","E05009370",51.54613,-0.07417,533635.1979,184783.3368,"Archives"
"Hackney Public Libraries, Stoke Newington District Li"," Church Street","Stoke Newington ","N16 OJS","Hackney","https://www.hackney.gov.uk/stoke-newington-library","1e+11","E09000012","Clissold","E05009369",51.5616189,-0.082795826,532992.0122,186490.0029,"Archives"
"Hammersmith and Fulham Archives and Local History Cen","First Floor Hammersmith Library Shepherd's Bush Ro"," ","W6 7AT","Hammersmith and Fulham","https://www.lbhf.gov.uk/libraries/local-studies-and-archives","34027231","E09000013","Brook Green","E05013735",51.49458469,-0.223666292,523409.0117,178789.0015,"Archives"
"Hampstead Museum","Burgh House ","New End Square ","NW3 1LT","Camden","https://burghhouse.museumssites.com/","5067420","E09000007","Hampstead Town","E05013659",51.5581809,-0.175067341,526606.0117,185944.0031,"Archives"
"Handel House Trust","25 Brook Street"," ","W1","Westminster","https://handelhendrix.org/about-us/handel-house-trust/","1e+11","E09000033","West End","E05013808",51.51296728,-0.145903845,528755.0119,180967.0028,"Archives"
"Haringey Archive Service","Bruce Castle Museum ","Lordship Lane  ","N17 8NU","Haringey","https://www.haringey.gov.uk/libraries-sport-and-leisure/culture-and-entertainment/visiting-haringey/hari","1e+11","E09000014","Bruce Castle","E05013587",51.5991501,-0.075440905,533392.0135,190677.001,"Archives"
"Harrow Local History Collection","Headstone Manor and Museum Pinner View","Harrow ","HA2 6PX","Harrow","http://www.harrow.gov.uk/info/100009/leisure_and_culture/183/harrow_local_history_centre","2e+11","E09000015","Headstone","E05013550",51.59406082,-0.352613082,514209.0116,189642.003,"Archives"
"Harrow School Archives","5 High Street","Harrow on the Hill ","HA1 3HP","Harrow","https://www.harrowschool.org.uk/The-Archive","10070266096","E09000015","Harrow on the Hill","E05013547",51.57228208,-0.337383023,515319.0126,187244.0057,"Archives"
"Hayward Gallery Library and Archives","Belvedere Road"," ","SE1 8XX","Lambeth","https://www.southbankcentre.co.uk/about/what-we-do/archives-collections/hayward-gallery-archive","2e+11","E09000022","Waterloo & South Bank","E05014118",51.50613299,-0.115444817,530888.0121,180261.0023,"Archives"
"Highgate Cemetery","Swain's Lane Highgate"," ","N6 6PJ","Camden","https://highgatecemetery.org/","5090701","E09000007","Highgate","E05013661",51.56691029,-0.146797338,528541.0117,186964.0021,"Archives"
"Highgate Literary and Scientific Institution","11 South Grove"," ","N6 6BS","Camden","http://www.hlsi.net/","5067464","E09000007","Highgate","E05013661",51.57018179,-0.14839595,528421.0117,187325.0019,"Archives"
"Highgate School Archives","Highgate School North Road"," ","N6 4AY","Haringey","https://www.highgateschool.org.uk/about/museum-and-archive","1e+11","E09000014","Highgate","E05013592",51.57220174,-0.149324045,528351.0118,187548.0017,"Archives"
"Hillingdon Local Studies, Archives and Museums Servic","Local Studies Archives and Museum Service Central ","Uxbridge ","UB8 1HD","Hillingdon","https://www.hillingdon.gov.uk/history","1e+11","E09000017","Uxbridge","E05013580",51.54518515,-0.478276716,505618.0083,184018.0016,"Archives"
"Historic Royal Palaces Architectural Drawings Archive","Waterloo Block HM Tower of London"," ","EC3N 4AB","Tower Hamlets","https://blog.hrp.org.uk/archive/","6086565","E09000030","St Katharine's & Wapping","E05009330",51.50827523,-0.076245514,533602.012,180570.0022,"Archives"
"History of Parliament","18 Bloomsbury Square"," ","WC1A 2NS","Camden","https://www.historyofparliamentonline.org/","5071361","E09000007","Bloomsbury","E05013653",51.51928304,-0.124025969,530255.011,181708.0029,"Archives"
"Hon Soc of Gray's Inn: Archives","8 South Square"," ","WC1R 5ET","Camden","https://www.graysinn.org.uk/history/archives","5045865","E09000007","Holborn & Covent Garden","E05013662",51.51927701,-0.112437215,531059.0117,181728.0026,"Archives"
"Honourable Artillery Company","Armoury House ","City Road ","EC1Y 2BQ","Islington","https://www.hac.org.uk/home/","5300019875","E09000019","Bunhill","E05013699",51.52301548,-0.088410608,532715.012,182187.0007,"Archives"
"Horniman Museum and Gardens","100 London Road"," ","SE23 3PQ","Lewisham","https://www.horniman.ac.uk/","1e+11","E09000023","Forest Hill","E05013722",51.44113087,-0.060736392,534876.0129,173132.0034,"Archives"
"Hounslow and Feltham Local Studies Service","Feltham Library The Centre High Street","Feltham ","TW13 4GU","Hounslow","https://www.hounslow.gov.uk/info/20136/other_library_services/1692/local_history_and_archives","1e+11","E09000018","Feltham West","E05013614",51.44636331,-0.411070417,510516.6123,173127.6038,"Archives"
"Howard de Walden Estates Ltd","23 Queen Anne Street"," ","W1G 9DL","Westminster","https://www.hdwe.co.uk/","1e+11","E09000033","Marylebone","E05013801",51.51794832,-0.146984288,528666.0117,181519.0028,"Archives"
"HSBC Group Archives","HSBC Holdings plc 8 Canada Square"," ","E14 5HQ","Tower Hamlets","https://www.hsbc.com/about-hsbc/company-history/hsbc-archives","6151241","E09000030","Canary Wharf","E05009323",51.50553219,-0.017395336,537694.0112,180374.0037,"Archives"
"Huguenot Library","UCL Gower Street"," ","WC1E 6BT","Camden","https://www.huguenotsociety.org.uk/library-and-archive.html","5148596","E09000007","Bloomsbury","E05013653",51.52357126,-0.132398065,529662.0113,182170.0028,"Archives"
"Humanist Library and Archives","Conway Hall ","25 Red Lion Square ","WC1R 4RL","Camden","https://conwayhall.org.uk/library/","5048256","E09000007","Holborn & Covent Garden","E05013662",51.51979404,-0.118311294,530650.0116,181775.0035,"Archives"
"Illustrated London News Picture Library","Mary Evans Picture Library ","59 Tranquil Vale Blackheath","SE3 0BS","Lewisham","https://www.maryevans.com/collect.php","1e+11","E09000023","Blackheath","E05013715",51.46670535,0.006662793,539482.0132,176102.002,"Archives"
"Imperial College Archives and Corporate Records Unit","Room 455 Sherfield Building Imperial College"," ","SW7 2AZ","Westminster","https://www.imperial.ac.uk/admin-services/acru/","10033558317","E09000033","Knightsbridge & Belgravia","E05013797",51.49886271,-0.174888563,526783.0124,179348.0035,"Archives"
"Imperial College Healthcare NHS Trust Archives","St Mary's Hospital ","Praed Street ","W2 1NY","Westminster","https://www.imperial.nhs.uk/about-us/who-we-are/our-history","2e+11","E09000033","Hyde Park","E05013796",51.51697102,-0.173544641,526826.0122,181364.0034,"Archives"
"Imperial War Museum Department of Documents","Lambeth Road"," ","SE1 6HZ","Southwark","https://www.iwm.org.uk/collections/documents","2e+11","E09000028","St George's","E05011114",51.49600948,-0.108327792,531411.0131,179148.0025,"Archives"
"Imperial War Museum Film Archive, Photographic Archiv","All Saints Building Austral Street"," ","SE11 4SJ","Southwark","https://www.iwm.org.uk/collections/film","10000816541","E09000028","St George's","E05011114",51.49452227,-0.106444522,531546.0133,178986.0036,"Archives"
"Imperial War Museum: Churchill War Rooms","Clive Steps ","King Charles Street  Westminster","SW1A 2QA","Westminster","https://www.iwm.org.uk/visits/churchill-war-rooms","10033636263","E09000033","St James's","E05013806",51.50217907,-0.129377362,529932.3925,179796.5216,"Archives"
"Incorporated Council of Law Reporting for England and","Megarry House 119 Chancery Lane"," ","WC2A 1PP","Westminster","http://iclr.co.uk/","10033591744","E09000033","St James's","E05013806",51.51440862,-0.111672912,531126.0113,181188.0031,"Archives"
"Inner Temple Archives","Treasurer's Office Inner Temple"," ","EC4Y 7HL","City of London","https://www.innertemple.org.uk/who-we-are/history/the-archives/","2e+11","E09000001","Farringdon Without","E05009305",51.51279865,-0.109981236,531248.0111,181012.003,"Archives"
"Institute for European Environmental Policy","15 Queen Anne's Gate"," ","SW1H 9BU","Westminster","https://ieep.eu/","1e+11","E09000033","St James's","E05013806",51.50034483,-0.133074443,529681.0125,179586.0019,"Archives"
"Institute of Actuaries","Staple Inn Hall High Holborn"," ","WC1V 7QJ","City of London","https://www.actuaries.org.uk/","1e+11","E09000001","Farringdon Without","E05009305",51.51782273,-0.111371942,531137.0916,181568.1924,"Archives"
"Institute of Brewing & Distilling","33 Clarges Street"," Mayfair ","W1Y 8EE","Westminster","https://www.ibd.org.uk/home/","1e+11","E09000033","West End","E05013808",51.50689961,-0.145487425,528801.0119,180293.0023,"Archives"
"Institute of Chartered Accountants in England and Wal","Chartered Accountants' Hall ","Moorgate Place ","EC2R 6EA","City of London","https://www.icaew.com/","2e+11","E09000001","Coleman Street","E05009299",51.51639409,-0.088241168,532746.0118,181451.0017,"Archives"
"Institute of Contemporary Arts","The Mall ","12 Carlton House Terrace ","SW1Y 5AH","Westminster","https://www.ica.art/","1e+11","E09000033","St James's","E05013806",51.50638923,-0.130896308,529815.0123,180262.0026,"Archives"
"Institute of Directors","116 & 123 Pall Mall"," ","SW1Y 5ED","Westminster","https://www.iod.com/","1e+11","E09000033","St James's","E05013806",51.50719177,-0.131598377,529764.0123,180350.002,"Archives"
"Institute of Materials, Minerals and Mining","1 Carlton House Terrace"," ","SW1Y 5DB","Westminster","https://www.iom3.org/","1e+11","E09000033","St James's","E05013806",51.50569129,-0.133374566,529645.0123,180180.0023,"Archives"
"Institute of Physics","76 Portland Place"," ","W1B 1NT","Westminster","http://www.iop.org/","1e+11","E09000033","West End","E05013808",51.52168834,-0.145217928,528778.0114,181938.0026,"Archives"
"Institution of Civil Engineers","One Great George Street"," ","SW1P 3AA","Westminster","https://www.ice.org.uk/","1e+11","E09000033","St James's","E05013806",51.50110324,-0.128749716,529979.0125,179678.0017,"Archives"
"Institution of Engineering and Technology (IET) Archi","Savoy Hill House ","7-10 Savoy Hill ","WC2R 0BU","Westminster","https://www.theiet.org/resources/library/archives/index.cfm","1e+11","E09000033","St James's","E05013806",51.51028947,-0.119481331,530596.012,180716.002,"Archives"
"Institution of Incorporated Engineers","Savoy Hill House ","Savoy Hill ","WC2R 0BS","Westminster","https://www.theiet.org/membership/profreg/ieng/","1e+11","E09000033","St James's","E05013806",51.51028947,-0.119481331,530596.012,180716.002,"Archives"
"Institution of Mechanical Engineers Archive","1 Bird Cage Walk"," ","SW1H 9JJ","Westminster","https://www.imeche.org/libraries-archive/archive-and-artefacts","10033530502","E09000033","St James's","E05013806",51.50120342,-0.129955923,529895.0125,179687.0025,"Archives"
"International Brewers Guild","8 Ely Place Holborn"," ","EC1N 6SD","Camden","https://beerandbrewing.com/dictionary/iu1zbv4d6L/","5088098","E09000007","Holborn & Covent Garden","E05013662",51.51830308,-0.10724526,531422.0116,181629.0028,"Archives"
"International Fund for Animal Welfare Charitable Trus","87-90 Albert Embankment"," ","SE1 7UD","Lambeth","https://www.ifaw.org/united-kingdom/frontpage","1e+11","E09000022","Vauxhall","E05014117",51.48796534,-0.123713335,530366.0133,178226.0026,"Archives"
"International PEN","9-10 Charterhouse Buildings ","Goswell Road ","EC1M 7AT","Islington","https://pen-international.org/","5300018851","E09000019","Bunhill","E05013699",51.5230092,-0.098530535,532013.0129,182167.9978,"Archives"
"IRIE! dance theatre","Moonshot Centre ","Fordham Park  Angus Street","SE14 6LU","Lewisham","https://www.iriedancetheatre.org/","10093394257","E09000023","Deptford","E05013719",51.47785681,-0.035301972,536534.0122,177263.0023,"Archives"
"Islington Local History Centre","Finsbury Library","Islington Museum and Local History Ce","EC1V4NB","Islington","https://www.islington.gov.uk/libraries-arts-and-heritage/heritage/local-history-centre","10091003195","E09000019","Clerkenwell","E05013702",51.52648755,-0.104527002,531587.012,182544.0025,"Archives"
"James Allen's Girls' School","East Dulwich Grove"," ","SE22 8TE","Southwark","https://www.jags.org.uk/","2e+11","E09000028","Dulwich Village","E05011100",51.45542039,-0.085528085,533111.572,174675.6417,"Archives"
"Japan Society","Swire House ","59 Buckingham Gate ","SW1E 6AJ","Westminster","https://www.japansociety.org.uk/","1e+11","E09000033","St James's","E05013806",51.49808833,-0.136509229,529449.013,179329.0028,"Archives"
"Jewish Studies Library","University College ","London Gower Street ","WC1E 6BT","Camden","https://www.ucl.ac.uk/library/special-collections/a-z/jewish-library","5148596","E09000007","Bloomsbury","E05013653",51.52357126,-0.132398065,529662.0113,182170.0028,"Archives"
"Jews College Library","44a Albert Road"," ","NW4 2SJ","Barnet","https://www.lsjs.ac.uk/about-our-library.php","200219174","E09000003","Hendon","E05013643",51.58821378,-0.213739211,523843.7293,189217.5617,"Archives"
"Keats House","Keats Grove Hampstead"," ","NW3 2RR","Camden","https://www.cityoflondon.gov.uk/things-to-do/keats-house/Pages/default.aspx","5015415","E09000007","Hampstead Town","E05013659",51.55556976,-0.16793018,527108.0117,185666.002,"Archives"
"Kensington and Chelsea Libraries and Arts Service","Central Library ","Phillimore Walk ","W8 7RX","Kensington and Chelsea","https://www.rbkc.gov.uk/leisure-and-culture/culture/arts-services","217125485","E09000020","Campden","E05009390",51.50141889,-0.194406095,525421.3322,179598.6625,"Archives"
"King Alfred School","Manor Wood North End Road"," ","NW11 7HY","Barnet","http://www.kingalfred.org.uk/","200086130","E09000003","Childs Hill","E05013631",51.56967063,-0.184458946,525923.3025,187205.5022,"Archives"
"King's College London: St Thomas' House Library","St Thomas' Hospital ","Lambeth Palace Road ","SE1 7EH","Lambeth","https://www.kcl.ac.uk/library/visiting/stthomas.aspx","1e+11","E09000022","Waterloo & South Bank","E05014118",51.49948958,-0.118384483,530703.0125,179517.0021,"Archives"
"Lambeth Archives","Minet Library ","52 Knatchbull Road ","SE5 9QY","Lambeth","https://www.lambeth.gov.uk/places/lambeth-archives","1e+11","E09000022","Myatt's Fields","E05014107",51.47129501,-0.105390235,531686.0113,176405.0017,"Archives"
"Landscape Institute","33 Great Portland Street"," ","W1W 8QG","Westminster","https://www.landscapeinstitute.org/","1e+11","E09000033","West End","E05013808",51.51690058,-0.141578562,529044.0118,181412.0024,"Archives"
"Lasa","Watson House","54 Baker Street ","W1U 7BU","Tower Hamlets","http://www.lasa.org.uk/","6002410","E09000030","Spitalfields & Banglatown","E05009333",51.5170911,-0.070958811,533943.012,181560.0029,"Archives"
"Latymer Upper School","King Street"," ","W6 9LR","Hammersmith and Fulham","http://www.latymer-upper.org/","34004704","E09000013","Ravenscourt","E05013746",51.49273648,-0.237063395,522484.0128,178561.0026,"Archives"
"Law Centres Federation","Duchess House","18-19 Warren Street ","W1P 5DB","Camden","http://www.lawcentres.org.uk/","5087095","E09000007","Bloomsbury","E05013653",51.52395509,-0.139575757,529163.0112,182200.0032,"Archives"
"Law Society of England and Wales","113 Chancery Lane"," ","WC2A 1PL","Westminster","https://www.lawsociety.org.uk/","10033554126","E09000033","St James's","E05013806",51.51495084,-0.111837845,531113.0113,181248.003,"Archives"
"Leathersellers Company","15 St Helen's Place"," ","EC3A 6DQ","City of London","https://leathersellers.co.uk/","95513684","E09000001","Lime Street","E05009307",51.51500491,-0.081543569,533214.742,181308.6919,"Archives"
"Legal Action Group","242 Pentonville Road"," ","N1 9UN","Islington","https://www.lag.org.uk/","5300073296","E09000019","Caledonian","E05013700",51.53119215,-0.119701061,530521.0121,183040.0031,"Archives"
"Leighton House Museum","12 Holland Park Road"," ","W14 8LZ","Kensington and Chelsea","https://www.rbkc.gov.uk/subsites/museums/leightonhousemuseum1.aspx","217039506","E09000020","Holland","E05009397",51.49858782,-0.203095135,524826.0123,179269.0035,"Archives"
"Leo Baeck College Library","The Sternberg Centre for Judaism ","80 East End Road ","N3 2SY","Barnet","http://lbc.ac.uk/library-resources/","200033491","E09000003","Finchley Church End","E05013639",51.59527665,-0.189326369,525515.4411,190044.6216,"Archives"
"Leprosy Mission International","80 Windmill Road","Brentford ","TW8 0QH","Hounslow","https://www.leprosymission.org/","1e+11","E09000018","Brentford West","E05013608",51.48961264,-0.309043989,517495.3148,178095.7985,"Archives"
"Lesbian and Gay Christian Movement","Oxford House ","Derbyshire Street ","E2 6HG","Tower Hamlets","https://www.onebodyonefaith.org.uk/about-us/new-era-new-name/","6089004","E09000030","St Peter's","E05009331",51.52636805,-0.061484047,534573.0115,182609.0039,"Archives"
"Lewisham Local History and Archives Centre","Lewisham Library ","199-201 Lewisham High Street ","SE13 6LG","Lewisham","https://www.lewisham.gov.uk/inmyarea/history/archives/Pages/default.aspx","10023235063","E09000023","Lewisham Central","E05013727",51.4592745,-0.011657207,538232.0132,175241.0041,"Archives"
"LexisNexis Butterworths","Halsbury House","35 Chancery Lane ","WC2A 1EL","City of London","https://store.lexisnexis.co.uk/categories/butterworths-law-books","95500066","E09000001","Farringdon Without","E05009305",51.51631266,-0.111522065,531131.0115,181400.0031,"Archives"
"Liberal Judaism archives","Montagu Centre ","21 Maple Street ","W1T 4BE","Camden","https://www.liberaljudaism.org/resources/lj-historical-archive/","5016796","E09000007","Bloomsbury","E05013653",51.52243218,-0.137677393,529299.0112,182034.0033,"Archives"
"Library and Museum of Freemasonry","Freemasons' Hall ","60 Great Queen Street ","WC2B 5AZ","Camden","http://freemasonry.london.museum/","5087804","E09000007","Holborn & Covent Garden","E05013662",51.51516268,-0.121110979,530469.0117,181255.0029,"Archives"
"Lincoln's Inn Archives","Lincoln's Inn Library ","Lincoln's Inn ","WC2A 3TN","Camden","https://www.lincolnsinn.org.uk/index.php/library/the-inns-archives","5110067","E09000007","Holborn & Covent Garden","E05013662",51.51643182,-0.114457444,530927.0116,181408.0033,"Archives"
"Linnean Society of London","Burlington House"," Piccadilly ","W1J 0BF","Westminster","https://www.linnean.org/","1e+11","E09000033","West End","E05013808",51.50909914,-0.139576037,529205.0122,180548.0025,"Archives"
"Livability (Shaftesbury Society)","50 Scrutton Street"," ","EC2A 4XQ","Hackney","https://livability.org.uk/about-us/history-and-track-record/","1e+11","E09000012","Hoxton East & Shoreditch","E05009377",51.52326552,-0.081149086,533218.0117,182228.0017,"Archives"
"Live Art Development Agency's Study Room","White Building"," Unit 7 Queen's Yard  White Post Lane","E9 5EN","Tower Hamlets","http://www.thisisliveart.co.uk/resources/study-room/","6077530","E09000030","Bow East","E05009319",51.54298591,-0.02211269,537254.0121,184530.003,"Archives"
"Living Streets","4th Floor Universal House ","88-94 Wentworth Street ","E1 7SA","Tower Hamlets","https://www.livingstreets.org.uk/","6198476","E09000030","Spitalfields & Banglatown","E05009333",51.51708235,-0.070973594,533942.0121,181559.0028,"Archives"
"Lloyd's","One Lime Street"," ","EC3M 7HA","City of London","https://www.lloydsbank.com/","1e+11","E09000001","Lime Street","E05009307",51.51301401,-0.082257511,533171.0121,181086.0015,"Archives"
"Lloyds Banking Group Archives (London)","7th floor 155 Bishopsgate"," ","EC2M 3UB","City of London","https://www.lloydsbankinggroup.com/our-group/our-heritage/our-archives/","1e+11","E09000001","Bishopsgate","E05009292",51.51876949,-0.080069711,533306.0118,181730.0027,"Archives"
"Lloyd's Register Foundation Heritage & Education Cent","71 Fenchurch Street"," ","EC3M 4BS","City of London","http://www.lrfoundation.org.uk/public_education/HEC-Blogs/","2e+11","E09000001","Aldgate","E05009289",51.51250665,-0.078733423,533417.0122,181036.0022,"Archives"
"London Borough of Sutton: Archives & Local Studies","Level 2A Central Library ","St Nicholas Way ","SM1 1EA","Sutton","https://arena.yourlondonlibrary.net/web/sutton/sutton-archives","5870113864","E09000029","Sutton Central","E05013765",51.36207339,-0.195154616,525751.0114,164102.0017,"Archives"
"London Business School Library","Sussex Place "," ","NW1 4SA","Westminster","https://www.london.edu/experience/campus-services/library","1e+11","E09000033","Regent's Park","E05013805",51.52658256,-0.161352782,527645.0122,182454.0028,"Archives"
"London Library","14 St James Square"," ","SW1Y 4LG","Westminster","https://www.londonlibrary.co.uk/","10033543639","E09000033","St James's","E05013806",51.50734035,-0.136981791,529390.0122,180357.002,"Archives"
"London Mathematical Society","De Morgan House ","57-58 Russell Square ","WC1B 4HS","Camden","https://www.lms.ac.uk/","5083525","E09000007","Bloomsbury","E05013653",51.52117742,-0.124394946,530224.0106,181918.0039,"Archives"
"London Metropolitan Archives: City of London","40 Northampton Road"," ","EC1R 0HB","Islington","https://www.cityoflondon.gov.uk/things-to-do/london-metropolitan-archives/Pages/default.aspx","5300067716","E09000019","Clerkenwell","E05013702",51.52537595,-0.107528493,531382.012,182415.0024,"Archives"
"London Metropolitan University: Trades Union Congress","The Wash Houses ","Old Castle Street ","E1 7NT","Tower Hamlets","https://student.londonmet.ac.uk/library/using-the-library/special-collections/trades-union-congress-libr",NA,"E09000030","Spitalfields & Banglatown","E05009333",51.51596508,-0.07371457,533755.1194,181429.7468,"Archives"
"London Museum of Water & Steam","Green Dragon Lane"," Brentford ","TW8 0EN","Hounslow","https://www.waterandsteam.org.uk/","1e+11","E09000018","Brentford East","E05013607",51.48905549,-0.290517573,518782.9155,178063.698,"Archives"
"London School of Theology","Green Lane","Northwood ","HA6 2UW","Hillingdon","https://home.lst.ac.uk/","1e+11","E09000017","Northwood","E05013574",51.61294959,-0.431728976,508684.0121,191622.0001,"Archives"
"London South Bank University Archives Centre","103 Borough Road "," ","SE1 0AA","Southwark","http://www.lsbu.ac.uk/about-us/professional-services/archives-centre","2e+11","E09000028","St George's","E05011114",51.49870595,-0.101742556,531860.3223,179459.683,"Archives"
"London Transport Museum","Covent Garden"," ","WC2E 7BB","Westminster","https://www.ltmuseum.co.uk/","10033620435","E09000033","St James's","E05013806",51.5121249,-0.121221618,530470.0116,180917.0024,"Archives"
"London University: Birkbeck College","The Library"," Malet Street ","WC1E 7HX","Camden","http://www.bbk.ac.uk/","5108194","E09000007","Bloomsbury","E05013653",51.52189271,-0.130333352,529810.0109,181987.0037,"Archives"
"London University: Courtauld Institute of Art","Book Library Courtauld Institute of Art Somerset H","Strand ","WC2R 0RN","Westminster","https://courtauld.ac.uk/","1e+11","E09000033","St James's","E05013806",51.51102034,-0.117952415,530700.0119,180800.0022,"Archives"
"London University: Goldsmiths Library: Special Collec","Goldsmiths University of London ","New Cross ","SE14 6NW","Lewisham","https://www.gold.ac.uk/library/collections/special-collections/","1e+11","E09000023","Brockley","E05013716",51.47414396,-0.035375199,536540.0126,176850.0019,"Archives"
"London University: Heythrop College","Kensington Square"," ","W8 5HN","Kensington and Chelsea","http://www.heythrop.ac.uk/","217046014","E09000020","Queen's Gate","E05009401",51.49946248,-0.1902477,525715.3223,179388.2331,"Archives"
"London University: Institute for the Study of the Ame","35 Tavistock Square"," ","WC1H 9HA","Camden","https://www.ucl.ac.uk/americas/","5155310","E09000007","Bloomsbury","E05013653",51.52484364,-0.129852027,529835.0114,182316.0027,"Archives"
"London University: Institute of Advanced Legal Studie","Charles Clore House ","17 Russell Square ","WC1B 5DR","Camden","https://ials.sas.ac.uk/","5087791","E09000007","Bloomsbury","E05013653",51.52248482,-0.127426054,530010.0108,182058.0033,"Archives"
"London University: Institute of Archaeology","University of London ","31-34 Gordon Square ","WC1 0PY","Camden","https://www.ucl.ac.uk/archaeology","5087993","E09000007","Bloomsbury","E05013653",51.52491681,-0.131622188,529712.0115,182321.0029,"Archives"
"London University: Institute of Education","Newsam Library and Archives ","20 Bedford Way ","WC1H 0AL","Camden","https://www.ucl.ac.uk/ioe/","5087943","E09000007","Bloomsbury","E05013653",51.52297862,-0.127939155,529973.0109,182112.0036,"Archives"
"London University: London School of Economics Library","Lionel Robbins Building ","10 Portugal Street ","WC2A 2HD","Westminster","http://www.lse.ac.uk/library/using-the-library/access-archives-and-special-collections","1e+11","E09000033","St James's","E05013806",51.51483618,-0.11589258,530832.0116,181228.0031,"Archives"
"London University: London School of Economics, The Wo","London School of Economics and Political Science ","10 Portugal Street ","WC2A 2HD","Westminster","http://www.lse.ac.uk/Library/Collections/Collection-highlights/The-Womens-Library","10033572083","E09000033","St James's","E05013806",51.51483618,-0.11589258,530832.0116,181228.0031,"Archives"
"London University: London School of Hygiene and Tropi","Keppel Street"," ","WC1E 7HT","Camden","https://www.lshtm.ac.uk/","5090709","E09000007","Bloomsbury","E05013653",51.52092672,-0.130661227,529790.0108,181879.0037,"Archives"
"London University: Queen Mary, University of London","Archives Mile End Library Queen Mary University of","328 Mile End Road ","E1 4NS","Tower Hamlets","https://www.qmul.ac.uk/","6164839","E09000030","Bethnal Green","E05009317",51.52418885,-0.039664421,536093.012,182407.0036,"Archives"
"London University: School of Oriental and African Stu","Archives & Special Collections ","10 Thornhaugh Street Russell Square ","WC1H 0XG","Camden","https://www.soas.ac.uk/","5086881","E09000007","Bloomsbury","E05013653",51.52235179,-0.129233406,529885.0108,182040.0037,"Archives"
"London University: Senate House Library/ Institute of","Senate House Malet Street"," ","WC1E 7HU","Camden","https://www.senatehouselibrary.ac.uk/","5016035","E09000007","Bloomsbury","E05013653",51.52064362,-0.128698024,529927.0108,181851.0033,"Archives"
"London University: UCL School of Slavonic and East Eu","16 Taviton Street"," ","WC1H 0BW","Camden","https://www.ucl.ac.uk/ssees/","5007450","E09000007","Bloomsbury","E05013653",51.52532328,-0.131735287,529703.0115,182366.0024,"Archives"
"London University: University College Department of E","Petrie Museum of Egyptian Archaeology University C","Gower Street ","WC1E 6BT","Camden","https://www.ucl.ac.uk/library/subject-support/guides/egyptology","5148596","E09000007","Bloomsbury","E05013653",51.52357126,-0.132398065,529662.0113,182170.0028,"Archives"
"London University: University College London (UCL) Sp","Library Services University College London ","Gower St ","WC1E 6BT","Camden","https://www.ucl.ac.uk/library/special-collections","5157421","E09000007","Bloomsbury","E05013653",51.5248441,-0.13326858,529598.0115,182310.0031,"Archives"
"London University: Warburg Institute","Woburn Square"," ","WC1H 0AB","Camden","https://warburg.sas.ac.uk/","5090639","E09000007","Bloomsbury","E05013653",51.52327321,-0.130622753,529786.0111,182140.0036,"Archives"
"London Wildlife Trust","Skyline House ","200 Union Street ","SE1 0LX","Southwark","https://www.wildlondon.org.uk/","2e+11","E09000028","Borough & Bankside","E05011095",51.5038528,-0.101749191,531845.0114,180032.0029,"Archives"
"Madame Tussaud's Ltd","Marylebone Road"," ","NW1 5LR","Westminster","https://www.madametussauds.com/?utm_campaign=coukredirect","1e+11","E09000033","Regent's Park","E05013805",51.5229671,-0.155026018,528094.0119,182063.0034,"Archives"
"Magistrates Association","28 Fitzroy Square"," ","W1T 6DD","Camden","https://www.magistrates-association.org.uk/","5008666","E09000007","Bloomsbury","E05013653",51.52259699,-0.140697861,529089.0111,182047.0027,"Archives"
"Marine Society","202 Lambeth Road"," ","SE1 7JW","Lambeth","https://www.marine-society.org/","1e+11","E09000022","Waterloo & South Bank","E05014118",51.49554589,-0.116400357,530852.0133,179082.0029,"Archives"
"Marx Memorial Library","37a Clerkenwell Green"," ","EC1R 0DU","Islington","https://www.marx-memorial-library.org/","5300021024","E09000019","Clerkenwell","E05013702",51.52296494,-0.105797743,531509.0119,182150.0024,"Archives"
"Mary Ward Centre","42 Queen Square"," ","WC1N 3AQ","Camden","http://www.marywardcentre.ac.uk/","5045366","E09000007","Holborn & Covent Garden","E05013662",51.52086587,-0.12178428,530406.011,181888.0035,"Archives"
"Marylebone Cricket Club Library","Lord's Cricket Ground ","St John's Wood ","NW8 8QN","Westminster","https://www.lords.org/lords/tours-and-museum/museum/our-departments/mcc-library/","1e+11","E09000033","Abbey Road","E05013792",51.52943247,-0.17281502,526842.0127,182751.0035,"Archives"
"Matt's Gallery","6 Charles Clowes Walk","Nine Elms ","SW11 7AN","Westminster","https://www.mattsgallery.org/",NA,"E09000033","Pimlico South","E05013803",51.48718187,-0.132063339,529788.5496,178124.0575,"Archives"
"Medical Defence Union","230 Blackfriars Road"," ","SE1 8PJ","Southwark","https://www.themdu.com/","10000809744","E09000028","Borough & Bankside","E05011095",51.50584065,-0.104000959,531683.0115,180249.0021,"Archives"
"Medical Research Council","20 Park Crescent"," ","W1N 1AL","Westminster","https://mrc.ukri.org/","1e+11","E09000033","Marylebone","E05013801",51.52278226,-0.147292501,528631.0116,182056.0025,"Archives"
"Mencap","123 Golden Lane"," ","EC1Y 0RT","Islington","https://www.mencap.org.uk/","5300036426","E09000019","Bunhill","E05013699",51.52387977,-0.095654351,532210.013,182269.9973,"Archives"
"Mental Health Foundation","Colechurch House ","1 London Bridge Walk ","SE1 2SX","Southwark","https://www.mentalhealth.org.uk/","10000813676","E09000028","Borough & Bankside","E05011095",51.50844093,-0.10672454,531486.5216,180533.2622,"Archives"
"Mercers' Company Archives","Mercers' Hall ","Ironmonger Lane ","EC2V 8HE","City of London","https://www.mercers.co.uk/archive","95511261","E09000001","Cheap","E05009298",51.51416686,-0.091735853,532510.012,181197.0002,"Archives"
"Middle Temple Library","Middle Temple Lane"," ","EC4Y 9BT","City of London","https://www.middletemple.org.uk/library-and-archive/library","2e+11","E09000001","Farringdon Without","E05009305",51.51189777,-0.110998545,531180.0111,180910.0028,"Archives"
"Middlesex University: Museum of Domestic Design & Arc","9 Boulevard Drive ","Beaufort Park Colindale","NW9 5HF","Barnet","https://moda.mdx.ac.uk/","200141126","E09000003","Colindale South","E05013633",51.59604884,-0.241636786,521890.2346,190042.0159,"Archives"
"Middlesex University: Sheppard Library","The Burroughs"," ","NW4 4BT","Barnet","https://unihub.mdx.ac.uk/study/library/library-services/library-opening-hours","200153196","E09000003","Hendon","E05013643",51.5904557,-0.22959233,522739.4882,189440.1485,"Archives"
"Mind for Better Mental Health","15-19 Broadway ","Stratford ","E15 4BQ","Newham","https://www.mind.org.uk/","10008984107","E09000025","Stratford","E05013924",51.54023648,0.001086514,538871.0114,184268.0012,"Archives"
"Minority Rights Group","Minority Rights Group International ","54 Commercial Street London ","E1 6LT","Tower Hamlets","https://minorityrights.org/","6715453","E09000030","Spitalfields & Banglatown","E05009333",51.51744496,-0.073336543,533777.012,181595.0025,"Archives"
"Mission to Seafarers","St Michael Paternoster ","Royal College Hill ","EC4R 2RL","City of London","https://www.missiontoseafarers.org/","2e+11","E09000001","Dowgate","E05009303",51.51118565,-0.092004606,532500.012,180865.0014,"Archives"
"Moravian Church Archive and Library","Moravian Church House 5-7 Muswell Hill"," ","N10 3TJ","Haringey","http://www.moravian.org.uk/index.php/church-house/church-archives","10003979924","E09000014","Muswell Hill","E05013594",51.58751364,-0.134410693,529341.0118,189277.003,"Archives"
"Mothers' Union","Mary Sumner House ","24 Tufton Street ","SW1P 3RB","Westminster","https://www.mothersunion.org/","1e+11","E09000033","St James's","E05013806",51.49665845,-0.128600476,530002.0134,179184.0021,"Archives"
"Movement for Christian Democracy","Mayflower Family Centre ","Vincent Street ","E16 1LZ","Newham","https://www.britannica.com/topic/Christian-democracy","10008988833","E09000025","Canning Town South","E05013907",51.51524569,0.013149883,539784.0111,181512.0033,"Archives"
"Museum of London Docklands - Port and River Archive","No 1 Warehouse ","West India Quay  Hertsmere Road","E14 4AL","Tower Hamlets","https://www.museumoflondon.org.uk/collections/access-and-enquiries/port-london-authority-archive","6650052","E09000030","Canary Wharf","E05009323",51.50769779,-0.023152002,537288.0113,180604.0013,"Archives"
"Museum of London Library","150 London Wall"," ","EC2Y 5HN","City of London","https://www.museumoflondon.org.uk/collections","2e+11","E09000001","Aldersgate","E05009288",51.5177984,-0.096066695,532199.0125,181592.9986,"Archives"
"Museum of London: London Archaeological Archive and R","Mortimer Wheeler House ","46 Eagle Wharf Road ","N1 7ED","Hackney","https://www.museumoflondon.org.uk/collections/other-collection-databases-and-libraries/museum-london-arc","1e+11","E09000012","Hoxton West","E05009378",51.53473431,-0.090702331,532522.0127,183485.9999,"Archives"
"Museum of Order of St John","St John's Gate ","St John's Lane ","EC1M 4DA","Islington","http://museumstjohn.org.uk/","5300085644","E09000019","Clerkenwell","E05013702",51.52192262,-0.10251114,531740.0118,182040.0016,"Archives"
"Musicians Union","National Office ","60/62 Clapham Road ","SW9 0JJ","Lambeth","https://www.musiciansunion.org.uk/","2e+11","E09000022","Oval","E05014108",51.47964474,-0.115154428,530984.0116,177316.0022,"Archives"
"National Air Traffic Services Ltd","Heathrow House Bath Road"," ","TW5 9AT","Hounslow","https://www.nats.aero/","10091691519","E09000018","Cranford","E05013612",51.48044982,-0.412330588,510346.9121,176916.306,"Archives"
"National Army Museum Templer Study Centre","Royal Hospital Road Chelsea"," ","SW3 4HT","Kensington and Chelsea","https://www.nam.ac.uk/collections/templer-study-centre","217075883","E09000020","Royal Hospital","E05009403",51.48622897,-0.160337437,527828.286,177968.3948,"Archives"
"National Art Library, Victoria & Albert Museum","Cromwell Road"," ","SW7 2RL","Kensington and Chelsea","https://www.vam.ac.uk/info/national-art-library/","217108016","E09000020","Brompton & Hans Town","E05009389",51.49690228,-0.172098033,526982.1428,179134.8334,"Archives"
"National Association of Citizens Advice Bureaux","Citizens Advice 3rd Floor North 200 Aldersgate Str"," ","EC1A 4HD","City of London","https://www.ncsyes.co.uk/?gclid=EAIaIQobChMI3NOB97zo3gIVZJJbCh2ijwJVEAAYASAAEgJzafD_BwE&gclsrc=aw.ds","95511288","E09000001","Aldersgate","E05009288",51.51747107,-0.097507308,532100.0126,181553.9983,"Archives"
"National Association of University and College Union","Carlow Street"," ","NW1 7LH","Camden","https://www.ucu.org.uk/","5107848","E09000007","Regent's Park","E05013668",51.53514553,-0.139797015,529116.0116,183444.0029,"Archives"
"National Campaign for Nursery Education","Tachbrook Nursery School ","Aylesford Street ","SW1V 3RN","Westminster","https://www.nurseryworld.co.uk/nursery-world/news/1090442/national-campaign-real-nursery-education","1e+11","E09000033","Pimlico South","E05013803",51.48659594,-0.132570322,529755.0146,178058.0036,"Archives"
"National Childbirth Trust","Alexandra House ","Oldham Terrace ","W3 6NH","Ealing","https://www.nct.org.uk/","12102911","E09000009","South Acton","E05013536",51.50593843,-0.269739395,520181.0119,179975.0024,"Archives"
"National Council for Housing and Planning","41 Botolph Lane"," ","EC3 8DL","City of London","https://www.rtpi.org.uk/","2e+11","E09000001","Bridge","E05009294",51.51031626,-0.084460529,533026.012,180782.0023,"Archives"
"National Council of Building Materials Producers","The Building Centre ","26 Store Street ","WC1E 7BT","Camden","https://www.constructionproducts.org.uk/","5088670","E09000007","Bloomsbury","E05013653",51.51965513,-0.131563761,529731.0112,181736.0025,"Archives"
"National Federation of Women's Institutes","104 New Kings Road"," ","SW6 4LY","Hammersmith and Fulham","https://www.thewi.org.uk/","34044214","E09000013","Fulham Town","E05013739",51.47223329,-0.203871557,524844.012,176337.0025,"Archives"
"National Gallery Research Centre","The National Gallery Trafalgar Square"," ","WC2N 5DN","Westminster","https://www.nationalgallery.org.uk/research/research-centre","1e+11","E09000033","St James's","E05013806",51.50909835,-0.127658197,530032.0121,180569.0025,"Archives"
"National Housing Federation","Lion Court ","25 Procter Street ","WC1V 6NY","Camden","https://www.housing.org.uk/","5135098","E09000007","Holborn & Covent Garden","E05013662",51.51844721,-0.119563184,530567.0116,181623.0029,"Archives"
"National Institute of Economic and Social Research","2 Dean Trench Street Smith Square"," ","SW1P 3HE","Westminster","https://www.niesr.ac.uk/","10033533249","E09000033","St James's","E05013806",51.49570564,-0.128063247,530042.0136,179079.0023,"Archives"
"National Liberal Club","Whitehall Place"," ","SW1A 2HE","Westminster","http://www.nlc.org.uk/","10033570113","E09000033","St James's","E05013806",51.50604245,-0.123820779,530307.0124,180236.0022,"Archives"
"National Maritime Museum: The Caird Library and Archi","Park Row ","Romney Road  ","SE10 9NF","Greenwich","https://www.rmg.co.uk/research-collections/caird-library","10010243516","E09000011","Greenwich Park","E05014081",51.48094088,-0.005215641,538613.8303,177662.454,"Archives"
"National Osteopathic Archive","c/o British School of Osteopathy ","275 Borough High Street ","SE1 1JE","Southwark","https://www.uco.ac.uk/","2e+11","E09000028","Chaucer","E05011098",51.50008115,-0.094312879,532372.0114,179626.0032,"Archives"
"National Portrait Gallery","Heinz Archive and Library St Martin's Place"," ","WC2H 0HE","Westminster","https://www.npg.org.uk/","1e+11","E09000033","St James's","E05013806",51.5093988,-0.128452893,529976.0121,180601.0025,"Archives"
"National Secular Society","25 Red Lion Square"," ","WC1R 4RL","Camden","https://www.secularism.org.uk/","5048256","E09000007","Holborn & Covent Garden","E05013662",51.51979404,-0.118311294,530650.0116,181775.0035,"Archives"
"National Society for the Prevention of Cruelty to Chi","Library and Information Service Weston House 42 Cu"," ","EC2A 3NH","Hackney","https://www.nspcc.org.uk/","1e+11","E09000012","Hoxton East & Shoreditch","E05009377",51.52340481,-0.080126923,533288.5117,182245.3527,"Archives"
"National Theatre Archive","NT Studio 83-101"," The Cut ","SE1 8LL","Lambeth","https://www.nationaltheatre.org.uk/about-the-national-theatre/archive","2e+11","E09000022","Waterloo & South Bank","E05014118",51.50233994,-0.10885803,531356.0118,179851.0023,"Archives"
"Natural History Museum Library and Archives","Cromwell Road ","South Kensington ","SW7 5BD","Kensington and Chelsea","http://www.nhm.ac.uk/our-science/departments-and-staff/library-and-archives.html","217110763","E09000020","Brompton & Hans Town","E05009389",51.49656438,-0.176867722,526652.0128,179089.0029,"Archives"
"Newham Archive and Local Studies Library","Stratford Library ","3 The Grove ","E15 1EL","Newham","https://www.newham.gov.uk/Pages/Services/Local-history-and-archives.aspx","46101428","E09000025","Stratford","E05013924",51.54277052,0.004355963,539090.0106,184556.0006,"Archives"
"Newman Association","20-22 Bedford Row"," ","WC1R 4JS","Camden","http://www.newman.org.uk/","5088364","E09000007","Holborn & Covent Garden","E05013662",51.52051425,-0.116119411,530800.0116,181859.003,"Archives"
"News UK Archive","1 London Bridge Street"," ","SE1 9GF","Southwark","https://www.britishnewspaperarchive.co.uk/","10090747871","E09000028","London Bridge & West Bermondsey","E05011104",51.50542632,-0.087719169,532814.1117,180232.3218,"Archives"
"North London Collegiate School","Canons Drive ","Edgware ","HA8 7RJ","Harrow","https://www.nlcs.org.uk/","2e+11","E09000015","Canons","E05013543",51.61417689,-0.2947011,518168.0031,191971.0006,"Archives"
"Nursing and Midwifery Council","23 Portland Place"," ","W1B 1PZ","Westminster","https://www.nmc.org.uk/","1e+11","E09000033","Marylebone","E05013801",51.51956538,-0.145174496,528787.0115,181702.0028,"Archives"
"Offer, Watermann & Co","11 Langton Street"," ","SW10 OJL","Kensington and Chelsea","https://www.waterman.co.uk/","217051629","E09000020","Stanley","E05009405",51.48229148,-0.180821618,526417.0121,177495.0027,"Archives"
"Orleans House Gallery","Riverside"," ","TW1 3DJ","Richmond upon Thames","https://www.orleanshousegallery.org/","1e+11","E09000027","Twickenham Riverside","E05013789",51.44733169,-0.319072216,516907.0121,173378.0027,"Archives"
"Palestine Exploration Fund","2 Hinde Mews Marylebone Lane"," ","W1U 2AA","Westminster","https://www.pef.org.uk/","1e+11","E09000033","Marylebone","E05013801",51.51676904,-0.150894955,528398.0117,181381.0028,"Archives"
"Parliamentary Archives","Houses of Parliament"," ","SW1A 0PW","Westminster","https://www.parliament.uk/business/publications/parliamentary-archives/","10033540874","E09000033","St James's","E05013806",51.49984153,-0.124637491,530268.0126,179545.0023,"Archives"
"Paul Mellon Centre for Studies in British Art","16 Bedford Square"," ","WC1B 3JA","Camden","https://www.paul-mellon-centre.ac.uk/","5059068","E09000007","Bloomsbury","E05013653",51.51957157,-0.130269899,529821.0111,181729.0029,"Archives"
"Plastics Historical Society","Institute of Materials","Minerals and Mining 1 Carlton House T","SW1Y 5DB","Westminster","http://plastiquarian.com/","1e+11","E09000033","St James's","E05013806",51.50569129,-0.133374566,529645.0123,180180.0023,"Archives"
"Polish Library POSK","Polish Social and Cultural Centre ","238-246 King Street ","W6 0RF","Hammersmith and Fulham","http://www.posk.org/c5/en/library/about-library/","34006639","E09000013","Ravenscourt","E05013746",51.49351545,-0.237436695,522456.0127,178647.0022,"Archives"
"Prison Reform Trust","15 Northburgh Street"," ","EC1V 0JR","Islington","http://www.prisonreformtrust.org.uk/","5300067920","E09000019","Bunhill","E05013699",51.52385619,-0.100297203,531888.0122,182259.0013,"Archives"
"Prospect","Prospect House ","75-79 York Street ","SE1 7AQ","Lambeth","https://www.prospect.org.uk/","10023851808","E09000022","Waterloo & South Bank","E05014118",51.50217833,-0.116329069,530837.9722,179819.6619,"Archives"
"Prudential Group Archives","Prudential plc Laurence Pountney Hill"," ","EC4R 0HH","City of London","https://www.prudential.co.uk/about-us/our-history/our-archives","95503633","E09000001","Dowgate","E05009303",51.51039098,-0.089040241,532708.0118,180782.0016,"Archives"
"Queen Mary's Hospital, Roehampton","Health Service Library Roehampton"," ","SW15 5PN","Wandsworth","https://www.nhs.uk/Services/hospitals/Overview/DefaultView.aspx?id=29686","121052762","E09000032","Roehampton","E05014017",51.45554949,-0.241705797,522261.0121,174418.0023,"Archives"
"Radio Centre","77 Shaftesbury Avenue "," ","W1D 5DU","Westminster","https://www.radiocentre.org/","10033570247","E09000033","West End","E05013808",51.51256293,-0.131191151,529777.0119,180948.0021,"Archives"
"Railfuture","207 The Colourworks ","2 Abbot Street ","E8 3DP","Hackney","https://www.railfuture.org.uk/Welcome+to+Railfuture","10008240634","E09000012","Dalston","E05009370",51.54712954,-0.074981487,533576.0087,184893.0062,"Archives"
"Rambert Dance Company Archives","99 Upper Ground"," ","SE1 9PP","Lambeth","http://www.rambert.org.uk/explore/rambert-archive/","1e+11","E09000022","Waterloo & South Bank","E05014118",51.50617404,-0.113523269,531021.2419,180269.0021,"Archives"
"Ramblers Association","2nd Floor Camelford House ","87-90 Albert Embankment ","SE1 7TW","Lambeth","https://www.ramblers.org.uk/","1e+11","E09000022","Vauxhall","E05014117",51.48796534,-0.123713335,530366.0133,178226.0026,"Archives"
"Reform Club","104 Pall Mall"," ","SW1Y 5EW","Westminster","https://www.reformclub.com/","1e+11","E09000033","St James's","E05013806",51.50660955,-0.13343789,529638.0123,180282.0017,"Archives"
"Religious Society of Friends Library","Friends House ","173-177 Euston Road ","NW1 2BJ","Camden","http://www.quaker.org.uk/resources/library","5085921","E09000007","Bloomsbury","E05013653",51.5262991,-0.132589142,529641.0116,182473.0029,"Archives"
"Reuters Archive","Thomson Reuters ","30 South Colonnade  Canary Wharf","E14 5EP","Tower Hamlets","https://reuters.screenocean.com/","6155377","E09000030","Canary Wharf","E05009323",51.50435142,-0.020429416,537487.0116,180237.0022,"Archives"
"Rogers Stirk Harbour + Partners","Thames Wharf ","Rainville Road ","W6 9HA","Hammersmith and Fulham","https://www.rsh-p.com/","34024755","E09000013","Fulham Reach","E05013738",51.48362317,-0.224294009,523395.0129,177569.0015,"Archives"
"Royal Academy of Arts","Burlington House ","Piccadilly ","W1J 0BD","Westminster","https://www.royalacademy.org.uk/","1e+11","E09000033","West End","E05013808",51.50909914,-0.139576037,529205.0122,180548.0025,"Archives"
"Royal Academy of Dance: Philip Richardson Library","36 Battersea Square"," ","SW11 3RA","Wandsworth","https://www.royalacademyofdance.org/more/library","1e+11","E09000032","St Mary's","E05014018",51.47430671,-0.17507667,526838.0122,176617.0023,"Archives"
"Royal Academy of Dramatic Art","18-22 Chenies Street"," ","WC1E 7EX","Camden","https://www.rada.ac.uk/","5136140","E09000007","Bloomsbury","E05013653",51.52088928,-0.13226279,529679.0109,181872.0036,"Archives"
"Royal Academy of Music Library","Marylebone Road"," ","NW1 5HT","Westminster","https://www.ram.ac.uk/museum/library","10033538190","E09000033","Regent's Park","E05013805",51.52349886,-0.151674537,528325.0119,182128.0027,"Archives"
"Royal African Society","School of Oriental and African Studies","Thornhaugh Street Russell Square","WC1H 0XG","Camden","http://www.royalafricansociety.org/","5086881","E09000007","Bloomsbury","E05013653",51.52235179,-0.129233406,529885.0108,182040.0037,"Archives"
"Royal Air Force Museum, Department of Research and In","Grahame Park Way"," ","NW9 5LL","Barnet","https://www.rafmuseum.org.uk/research/research-enquiries.aspx","200049886","E09000003","Colindale North","E05013632",51.59894703,-0.238163901,522123.0071,190370.0957,"Archives"
"Royal Albert Hall Archive","Kensington Gore"," ","SW7 2AP","Westminster","https://www.royalalberthall.com/about-the-hall/our-history/","1e+11","E09000033","Knightsbridge & Belgravia","E05013797",51.50126863,-0.17751559,526594.0121,179611.0029,"Archives"
"Royal Anglo-Belgian Club","60 Knightsbridge"," ","SW1X 7LF","Westminster","http://www.anglobelgiansociety.com/","1e+11","E09000033","Knightsbridge & Belgravia","E05013797",51.50247195,-0.158981047,527877.0121,179777.0024,"Archives"
"Royal Anthropological Institute of Great Britain and ","50 Fitzroy Street"," ","W1T 5BT","Camden","https://www.therai.org.uk/","5088048","E09000007","Bloomsbury","E05013653",51.52384191,-0.139811022,529147.0112,182187.0026,"Archives"
"Royal Armouries Library, Tower of London","The Library","Royal Armouries HM Tower of London","EC3N 4AB","Tower Hamlets","https://royalarmouries.org/","6086565","E09000030","St Katharine's & Wapping","E05009330",51.50827523,-0.076245514,533602.012,180570.0022,"Archives"
"Royal Asiatic Society","14 Stephenson Way"," ","NW1 2HD","Camden","https://royalasiaticsociety.org/","5087912","E09000007","Regent's Park","E05013668",51.52650623,-0.135435119,529443.0115,182491.0025,"Archives"
"Royal Astronomical Society Library","Burlington House ","Piccadilly ","W1V 0BQ","Westminster","https://ras.ac.uk/library","1e+11","E09000033","West End","E05013808",51.50909914,-0.139576037,529205.0122,180548.0025,"Archives"
"Royal Automobile Club","89 Pall Mall"," ","SW1Y 5HS","Westminster","https://www.royalautomobileclub.co.uk/","1e+11","E09000033","St James's","E05013806",51.50592662,-0.135166189,529520.0123,180203.0021,"Archives"
"Royal British Legion","199 Borough High Street"," ","SE1 1AA","Southwark","https://www.britishlegion.org.uk/","2e+11","E09000028","Chaucer","E05011098",51.50216782,-0.092122101,532518.0113,179862.0016,"Archives"
"Royal British Nurses Association","The Princess Royal House TA Centre ","Stonecott Hill  London Road","SM3 9HG","Merton","http://www.rbna.org.uk/","48085285","E09000024","Lower Morden","E05013819",51.38293674,-0.215506154,524277.7917,166387.373,"Archives"
"Royal British Society of Sculptors","108 Old Brompton Road"," ","SW7 3RA","Kensington and Chelsea","https://sculptors.org.uk/","217060814","E09000020","Courtfield","E05009393",51.49173139,-0.179509541,526482.0125,178547.0035,"Archives"
"Royal College of Anaesthetists","35 Red Lion Square"," ","WC1R 4SG","Camden","https://www.rcoa.ac.uk/","5059115","E09000007","Holborn & Covent Garden","E05013662",51.51943761,-0.119637687,530559.0115,181733.0034,"Archives"
"Royal College of Art","Kensington Gore"," ","SW7 2EU","Westminster","https://www.rca.ac.uk/","1e+11","E09000033","Knightsbridge & Belgravia","E05013797",51.50135507,-0.178448688,526529.0121,179619.0033,"Archives"
"Royal College of General Practitioners","30 Euston Square"," ","NW1 2FB","Camden","http://www.rcgp.org.uk/","5164098","E09000007","Regent's Park","E05013668",51.52653977,-0.134150684,529532.0115,182497.0029,"Archives"
"Royal College of Midwives Archives","15 Mansfield Street"," ","W1G 9NH","Westminster","https://www.rcm.org.uk/news-views-and-analysis/news/midwives-archive","1e+11","E09000033","Marylebone","E05013801",51.51936074,-0.146451262,528699.0116,181677.0024,"Archives"
"Royal College of Music","Prince Consort Road"," ","SW7 2BS","Westminster","https://www.rcm.ac.uk/","1e+11","E09000033","Knightsbridge & Belgravia","E05013797",51.4992805,-0.176888956,526643.0124,179391.0028,"Archives"
"Royal College of Obstetricians and Gynaecologists","Information Services ","27 Sussex Place Regent's Park ","NW1 4RG","Westminster","https://www.rcog.org.uk/","10033637999","E09000033","Regent's Park","E05013805",51.52680999,-0.162093274,527593.0123,182478.0031,"Archives"
"Royal College of Paediatrics and Child Health","5-11 Theobalds Road"," ","WC1X 8SH","Camden","https://www.rcpch.ac.uk/","5088266","E09000007","Holborn & Covent Garden","E05013662",51.52071748,-0.115894802,530815.0116,181882.0034,"Archives"
"Royal College of Pathologists","2 Carlton House Terrace"," ","SW1Y 5AF","Westminster","https://www.rcpath.org/","10033604994","E09000033","St James's","E05013806",51.50580651,-0.133268985,529652.0123,180193.0017,"Archives"
"Royal College of Physicians of London","11 St Andrews Place ","Regent's Park ","NW1 4LE","Camden","https://www.rcplondon.ac.uk/","5069347","E09000007","Regent's Park","E05013668",51.52574929,-0.144980746,528783.0115,182390.0028,"Archives"
"Royal College of Psychiatrists","21 Prescot Street"," ","E1 8BB","Tower Hamlets","https://www.rcpsych.ac.uk/","6193878","E09000030","Whitechapel","E05009336",51.51141648,-0.071098355,533949.9721,180928.723,"Archives"
"Royal College of Surgeons of England","35-43 Lincoln's Inn Fields"," ","WC2A 3PE","Westminster","https://www.rcseng.ac.uk/","1e+11","E09000033","St James's","E05013806",51.51528552,-0.11587403,530832.0116,181278.0031,"Archives"
"Royal College of Veterinary Surgeons Trust","Belgravia House ","62-64 Horseferry Road ","SW1P 2AF","Westminster","https://www.rcvs.org.uk/home/","1e+11","E09000033","St James's","E05013806",51.49497311,-0.12780514,530062.0138,178998.0025,"Archives"
"Royal Commission for the Exhibition of 1851","Sherfield Building","Imperial College ","SW7 2AZ","Westminster","https://www.royalcommission1851.org/","10033539795","E09000033","Knightsbridge & Belgravia","E05013797",51.49874348,-0.177630777,526593.0124,179330.0033,"Archives"
"Royal Commonwealth Ex-Services League","Haig House","199 Borough High Street ","SE1 1AA","Southwark","http://www.commonwealthveterans.org.uk/","2e+11","E09000028","Chaucer","E05011098",51.50196215,-0.091640797,532552.0113,179840.0016,"Archives"
"Royal Free Hospital Medical Library","Royal Free Hospital ","Rowland Hill Street ","NW3 2PF","Camden","https://www.ucl.ac.uk/library/libraries-and-study-spaces/royal-free-hospital-medical-library-ucl-library","5155897","E09000007","Gospel Oak","E05013658",51.55298126,-0.166288788,527229.012,185381.0023,"Archives"
"Royal Fusiliers Museum","HM Tower of London"," ","EC3N 4AB","Tower Hamlets","https://www.fusiliermuseumlondon.org/home","6086845","E09000030","St Katharine's & Wapping","E05009330",51.50839276,-0.075188563,533675.0119,180585.002,"Archives"
"Royal Geographical Society","Foyle Reading Room Royal Geographical Society (wit","1 Kensington Gore ","SW7 2AR","Westminster","https://www.rgs.org/","10033599795","E09000033","Knightsbridge & Belgravia","E05013797",51.50150309,-0.175244098,526751.0121,179641.0026,"Archives"
"Royal Horticultural Society Lindley Libraries","Lindley Library"," 80 Vincent Square ","SW1P 2PE","Westminster","https://www.rhs.org.uk/education-learning/libraries-at-rhs/visit-the-libraries/lindley-library-london","1e+11","E09000033","Vincent Square","E05013807",51.49436107,-0.134543574,529596.014,178918.003,"Archives"
"Royal Humane Society","Brettenham House Lancaster Place"," ","WC2E 7EP","Westminster","https://www.royalhumanesociety.org.uk/","10033537234","E09000033","St James's","E05013806",51.51055883,-0.118893777,530636.0119,180747.0027,"Archives"
"Royal Institute of British Architects","British Architectural Library Drawings and Archive","Cromwell Road ","SW7 2RL","Kensington and Chelsea","https://www.architecture.com/","217108016","E09000020","Brompton & Hans Town","E05009389",51.49690228,-0.172098033,526982.1428,179134.8334,"Archives"
"Royal Institute of International Affairs","Chatham House ","10 St James's Square ","SW1Y 4LE","Westminster","https://www.chathamhouse.org/","10033543661","E09000033","St James's","E05013806",51.50778656,-0.136199821,529443.0122,180408.0025,"Archives"
"Royal Institution of Great Britain","21 Albemarle Street"," ","W1S 4BS","Westminster","http://www.rigb.org/","10033528771","E09000033","West End","E05013808",51.50994668,-0.14255344,528996.012,180637.0027,"Archives"
"Royal Institution of Naval Architects","8-9 Northumberland Street"," ","WC2N 5DA","Westminster","https://www.rina.org.uk/","10033553840","E09000033","St James's","E05013806",51.50743401,-0.125363147,530196.0123,180388.0026,"Archives"
"Royal Literary Fund","3 Johnson's Court","Off Fleet Street Temple Avenue","EC4A 3EA","City of London","https://www.rlf.org.uk/","1e+11","E09000001","Castle Baynard","E05009297",51.51480141,-0.108702042,531331.0113,181237.0032,"Archives"
"Royal London Hospital Archives","Royal London Hospital Archives"," 9 Prescot Street ","E1 8PR","Tower Hamlets","https://www.bartshealth.nhs.uk/the-royal-london-hospital-museum-and-archives","6086730","E09000030","Whitechapel","E05009336",51.51160555,-0.070412426,533997.0121,180951.0037,"Archives"
"Royal Medical Benevolent Fund","24 Kings Road"," ","SW19 8QN","Merton","https://rmbf.org/","48038818","E09000024","Wimbledon Town & Dundonald","E05013829",51.42115468,-0.201544771,525145.0121,170661.0028,"Archives"
"Royal National Institute for the Blind","224 Great Portland Street"," ","W1N 6AA","Westminster","https://www.rnib.org.uk/","10033589403","E09000033","West End","E05013808",51.51655711,-0.14090071,529092.0119,181375.0025,"Archives"
"Royal National Institute for the Deaf","Head Office","1- 3 Highbury Station Road ","N1 1SE","Islington","https://www.actiononhearingloss.org.uk/","5300033046","E09000019","Bunhill","E05013699",51.52448381,-0.088565323,532700.0121,182350.0005,"Archives"
"Royal Opera House Collections","Covent Garden"," ","WC2E 9DD","Westminster","http://www.rohcollections.org.uk/","10033547198","E09000033","St James's","E05013806",51.51304711,-0.122653705,530368.0116,181017.0032,"Archives"
"Royal Over-Seas League","Park Place ","St James's Street ","SW1A 1LR","Westminster","https://www.rosl.org.uk/","10033540380","E09000033","St James's","E05013806",51.50631997,-0.140683595,529136.0121,180237.0027,"Archives"
"Royal Society","6-9 Carlton House Terrace"," ","SW1Y 5AG","Westminster","https://royalsociety.org/","10033553874","E09000033","St James's","E05013806",51.50587456,-0.132459245,529708.0123,180202.0023,"Archives"
"Royal Society for Asian Affairs","25 Eccleston Place"," ","SW1W 9NF","Westminster","https://rsaa.org.uk/","1e+11","E09000033","Knightsbridge & Belgravia","E05013797",51.49372918,-0.148010279,528663.0132,178824.0026,"Archives"
"Royal Society of Chemistry","Burlington House"," ","W1V 0BN","Westminster","http://www.rsc.org/","1e+11","E09000033","West End","E05013808",51.50909914,-0.139576037,529205.0122,180548.0025,"Archives"
"Royal Society of Literature","Somerset House Strand"," ","WC2R 1LA","Westminster","https://rsliterature.org/","1e+11","E09000033","St James's","E05013806",51.51102034,-0.117952415,530700.0119,180800.0022,"Archives"
"Royal Society of Medicine","1 Wimpole Street"," ","W1G 0AE","Westminster","https://www.rsm.ac.uk/","10033570133","E09000033","West End","E05013808",51.51600691,-0.147048706,528667.0118,181303.0021,"Archives"
"Royal Statistical Society","12 Errol Street"," ","EC1Y 8LX","Islington","https://www.rss.org.uk/","5300031223","E09000019","Bunhill","E05013699",51.52252542,-0.090896162,532544.0123,182128,"Archives"
"Royal Town Planning Institute","41 Botolph Lane"," ","EC3R 8DL","City of London","https://www.rtpi.org.uk/","2e+11","E09000001","Bridge","E05009294",51.51031626,-0.084460529,533026.012,180782.0023,"Archives"
"RSA (The Royal Society for the Encouragement of Arts,","8 John Adam Street"," ","WC2N 6EZ","Westminster","https://www.thersa.org/about-us/archive-and-history","10033548186","E09000033","St James's","E05013806",51.50939707,-0.122717356,530374.0121,180611.0022,"Archives"
"Russo-British Chamber of Commerce","42 Southwark Street"," ","SE1 1UN","Southwark","http://www.rbcc.com/","2e+11","E09000028","Borough & Bankside","E05011095",51.50498866,-0.093603703,532407.0115,180173.0013,"Archives"
"SADAA (South Asian Diaspora Arts Archive)","Special Collections Brunel University Library","Uxbridge ","UB8 3PH","Hillingdon","https://sadaa.co.uk/","1e+11","E09000017","Colham & Cowley","E05013566",51.53283992,-0.472835336,506024.0137,182653.0034,"Archives"
"Saddlers Company","Saddlers Hall ","40 Gutter Lane ","EC2V 6BR","City of London","https://www.saddlersco.co.uk/","95511266","E09000001","Cheap","E05009298",51.51488611,-0.095597259,532240.0122,181269.9989,"Archives"
"Sainsbury Archive","Museum in Docklands ","No 1 Warehouse  West India Quay","E14 4AL","Tower Hamlets","https://www.museumoflondon.org.uk/collections/access-and-enquiries/sainsbury-archive","6650052","E09000030","Canary Wharf","E05009323",51.50769779,-0.023152002,537288.0113,180604.0013,"Archives"
"Salters Company","Salters' Hall ","4 Fore Street ","EC2Y 5DE","City of London","https://www.salters.co.uk/","2e+11","E09000001","Bassishaw","E05009290",51.51823014,-0.092200156,532466.0123,181647.9993,"Archives"
"Salvation Army International Heritage Centre","William Booth College ","Champion Park  Denmark Hill","SE5 8BQ","Southwark","https://www.salvationarmy.org.uk/international-heritage-centre","10013524443","E09000028","Champion Hill","E05011097",51.46754133,-0.089275363,532816.0713,176016.6821,"Archives"
"Save the Children UK","1 St John's Lane"," ","EC1M 4AR","Islington","https://www.savethechildren.org.uk/","10001298735","E09000019","Clerkenwell","E05013702",51.5207651,-0.102112419,531771.0119,181912.0014,"Archives"
"Savoy Archives","The Savoy Strand"," ","WC2R 0EU","Westminster","https://www.fairmont.com/savoy-london/","1e+11","E09000033","St James's","E05013806",51.50994545,-0.119899019,530568.0121,180677.0021,"Archives"
"Schroder Archive","31 Gresham Street"," ","EC2V 7QA","City of London","https://archiveshub.jisc.ac.uk/contributors/schroderarchive.html","1e+11","E09000001","Bassishaw","E05009290",51.5160036,-0.095190298,532265.0123,181394.9994,"Archives"
"Science Museum Library (Documentation)","Imperial College Road"," ","SW7 5NH","Westminster","http://whoami.sciencemuseum.org.uk/about-us/collections-and-research/collections/library-collections/lib","10033558383","E09000033","Knightsbridge & Belgravia","E05013797",51.49832104,-0.178223934,526553.0125,179282.0027,"Archives"
"Scope (formerly the Spastics Society)","6 Market Road"," ","N7 9PW","Islington","https://www.scope.org.uk/history","5300060248","E09000019","Laycock","E05013708",51.54710287,-0.118742027,530542.0117,184811.0015,"Archives"
"Scots Guards Regimental Headquarters","Wellington Barracks"," Birdcage Walk ","SW1E 6HQ","Westminster","https://scotsguards.org/category/news/rhq/","1e+11","E09000033","St James's","E05013806",51.4999858,-0.137642078,529365.0125,179538.0023,"Archives"
"Sea Cadet Association","202 Lambeth Road"," ","SE1 7JF","Lambeth","https://www.sea-cadets.org/","1e+11","E09000022","Waterloo & South Bank","E05014118",51.49554589,-0.116400357,530852.0133,179082.0029,"Archives"
"Shaftesbury Young People","The Chapel Royal Victoria Patriotic Building ","John Archer Way ","SW18 3SX","Wandsworth","https://www.shaftesburyyoungpeople.org/","121030969","E09000032","Wandsworth Common","E05014027",51.45349738,-0.17390549,526977.0113,174305.0016,"Archives"
"Shakespeare's Globe Library and Archives","21 New Globe Walk ","Bankside ","SE1 9DT","Southwark","https://www.shakespearesglobe.com/education/library-research/library-archive","2e+11","E09000028","Borough & Bankside","E05011095",51.50811239,-0.09657156,532192.0118,180515.0004,"Archives"
"Sir Arthur Sullivan Society","9 Killieser Avenue"," ","SW2 4NN","Lambeth","http://www.sullivansociety.org.uk/","1e+11","E09000022","Streatham Hill West & Thornton","E05014114",51.44132765,-0.128128304,530192.0131,173032.0043,"Archives"
"Sir John Soane's Museum","13 Lincolns Inn Fields"," ","WC2A 3BP","Camden","https://www.soane.org/","5137612","E09000007","Holborn & Covent Garden","E05013662",51.51699356,-0.117518714,530713.0118,181465.0021,"Archives"
"Socialist Party of Great Britain","52 Clapham High Street"," ","SW4 7UN","Lambeth","https://www.worldsocialism.org/spgb/","2e+11","E09000022","Clapham Town","E05014102",51.46389204,-0.132733683,529808.011,175533.0017,"Archives"
"Society for Cooperation in Russian and Soviet Studies","320 Brixton Road"," ","SW9 6AB","Lambeth","http://www.scrss.org.uk/","1e+11","E09000022","Brixton North","E05014096",51.4692849,-0.112903029,531170.0098,176168.0002,"Archives"
"Society for Psychical Research","1 Vernon Mews ","West Kensington ","W14 0RL","Hammersmith and Fulham","https://www.spr.ac.uk/","34037603","E09000013","Avonmore","E05013734",51.49391403,-0.210309174,524338.0124,178737.0034,"Archives"
"Society for the Protection of Ancient Buildings","37 Spital Square"," ","E1 6DY","Tower Hamlets","https://www.spab.org.uk/","6001685","E09000030","Spitalfields & Banglatown","E05009333",51.52020003,-0.078467148,533413.0117,181892.0018,"Archives"
"Society of Antiquaries of London","Burlington House ","Piccadilly ","W1J 0BE","Westminster","https://www.sal.org.uk/","1e+11","E09000033","West End","E05013808",51.50909914,-0.139576037,529205.0122,180548.0025,"Archives"
"Society of Chiropodists and Podiatrists","1 Fellmonger's Path ","176 Tower Bridge Road ","SE1 3LY","Southwark","https://cop.org.uk/","10093339987","E09000028","London Bridge & West Bermondsey","E05011104",51.5004366,-0.078074266,533498.0116,179695.0017,"Archives"
"Society of Genealogists","14 Charterhouse Buildings ","Goswell Road ","EC1M 7BA","Islington","http://www.sog.org.uk/","5300018857","E09000019","Bunhill","E05013699",51.5226949,-0.098558049,532012.0129,182132.9976,"Archives"
"Society of Motor Manufacturers and Traders Ltd","Forbes House ","Halkin Street ","SW1X 7DS","Westminster","https://www.smmt.co.uk/","1e+11","E09000033","Knightsbridge & Belgravia","E05013797",51.50108697,-0.152682785,528318.012,179634.0031,"Archives"
"Society of Radiographers","207 Providence Square","Mill Street ","England","Southwark","https://www.sor.org/","2e+11","E09000028","North Bermondsey","E05011106",51.50165493,-0.070674501,534008.0111,179844.0033,"Archives"
"Society of St John the Evangelist","St Edward's House ","22 Great College Street ","SW1P 3QA","Westminster","https://www.ssje.org/","1e+11","E09000033","St James's","E05013806",51.49775347,-0.128469161,530008.0131,179306.0022,"Archives"
"Society of the Divine Saviour (Salvatorians)","129 Spencer Road","Harrow Weald ","HA3 7BJ","Harrow","http://www.salvatorians.com/","1e+11","E09000015","Wealdstone North","E05013561",51.60015881,-0.337389687,515248.0114,190344.003,"Archives"
"South London Gallery","65-67 Peckham Road"," ","SE5 8UH","Southwark","https://www.southlondongallery.org/","2e+11","E09000028","St Giles","E05011115",51.47428603,-0.079749725,533458.0112,176784.0027,"Archives"
"Southbank Centre Archive","Royal Festival Hall South Bank Centre ","Belvedere Road ","SE1 8XX","Lambeth","https://www.southbankcentre.co.uk/venues/archive-studio","2e+11","E09000022","Waterloo & South Bank","E05014118",51.50576807,-0.116800006,530795.0121,180218.0025,"Archives"
"Southwark Local History Library and Archive","John Harvard Library ","211 Borough High Street ","SE1 1JA","Southwark","https://www.southwark.gov.uk/libraries/local-history-library-and-archive/visiting-the-local-history-libr","2e+11","E09000028","Chaucer","E05011098",51.50176866,-0.091908241,532534.0113,179818.0017,"Archives"
"Spurgeon's College","189 South Norwood Hill"," ","SE25 6DJ","Croydon","http://www.spurgeons.ac.uk/","1e+11","E09000008","Thornton Heath","E05011486",51.40643282,-0.086202504,533207.0136,169227.001,"Archives"
"St Bartholomew's Hospital Archives","North Wing St Bartholomew's Hospital","West Smithfield ","EC1A 7BE","City of London","https://www.bartshealth.nhs.uk/st-bartholomews-museum-and-archives","2e+11","E09000001","Farringdon Without","E05009305",51.51775143,-0.100378378,531900.0118,181580.001,"Archives"
"St Bride Library","St Bride Institute ","Bride Lane  Fleet Street","EC4Y 8EQ","City of London","https://www.sbf.org.uk/","95511226","E09000001","Castle Baynard","E05009297",51.51349205,-0.105023493,531590.0113,181098.0029,"Archives"
"St George's Archives and Special Collections, Univers","Cranmer Terrace Tooting"," ","SW17 0RE","Wandsworth","https://archives.sgul.ac.uk/st-georges-archives-and-special-collections-university-of-london","1e+11","E09000032","Tooting Broadway","E05014024",51.42729284,-0.174518631,527007.0119,171390.0005,"Archives"
"St Paul's Cathedral, Architectural Archive","Chapter House St Paul's Churchyard"," ","EC4M 8AD","City of London","https://www.stpauls.co.uk/history-collections/the-collections/architectural-archive","2e+11","E09000001","Bread Street","E05009293",51.51430322,-0.099022976,532004.012,181199.0004,"Archives"
"St Paul's Girls' School","Brook Green ","Hammersmith ","W6 7BS","Hammersmith and Fulham","https://spgs.org/","34026608","E09000013","Brook Green","E05013735",51.4951319,-0.218833263,523743.0123,178858.0032,"Archives"
"St Paul's School Archives","Lonsdale Road"," ","SW13 9JT","Richmond upon Thames","https://www.stpaulsschool.org.uk/st-pauls/academic/library","1e+11","E09000027","Barnes","E05013774",51.48769585,-0.237417739,522472.917,177999.8807,"Archives"
"St Vincent de Paul Society (England & Wales) Ltd","14 Blandford Street"," ","W1H 4DP","Westminster","https://www.svp.org.uk/","10033600315","E09000033","Marylebone","E05013801",51.51862244,-0.152664835,528270.0118,181584.0027,"Archives"
"State Apartments and Court Dress Collection: Kensingt","Kensington Palace"," ","W8 4PX","Kensington and Chelsea","https://www.hrp.org.uk/kensington-palace/explore/the-queen-s-state-apartments/#gs.cTpT3ik","217064431","E09000020","Campden","E05009390",51.50519934,-0.188021818,525854.012,180030.0035,"Archives"
"Stationers Company","Stationers' Hall Ave ","Maria Lane ","EC4M 7DD","City of London","https://stationers.org/","2e+11","E09000001","Farringdon Within","E05009304",51.51428045,-0.101502905,531832.0114,181192.0028,"Archives"
"Surrey University: St Mary's College, Strawberry Hill","Learning Resources Centre St Mary's College ","Strawberry Hill  Waldegrave Road","TW1 4SX","Richmond upon Thames","https://www.stmarys.ac.uk/home.aspx","1e+11","E09000027","South Twickenham","E05013787",51.43615142,-0.335885113,515767.0129,172108.0029,"Archives"
"Survival International","6 Charterhouse Buildings"," ","EC1M 7ET","Islington","https://www.survivalinternational.org/","5300018843","E09000019","Bunhill","E05013699",51.52292435,-0.098289009,532030.0129,182158.9977,"Archives"
"Swedenborg Society","Swedenborg House ","20-21 Bloomsbury Way ","WC1A 2TH","Camden","http://www.swedenborg.org.uk/home","5024660","E09000007","Bloomsbury","E05013653",51.51792235,-0.122727011,530349.0114,181559.0035,"Archives"
"Tate Gallery Archive","Hyman Kreitman Reading Rooms Tate Britain ","Millbank ","SW1P 4RG","Westminster","https://www.tate.org.uk/art/archive","10033538284","E09000033","Vincent Square","E05013807",51.49087146,-0.127180936,530117.0123,178543.0028,"Archives"
"Tavistock Institute of Human Relations","30 Tabernacle Street"," ","EC2A 4UE","Islington","http://www.tavinstitute.org/","5300089442","E09000019","Bunhill","E05013699",51.52319332,-0.086082254,532876.0117,182211.0024,"Archives"
"The Artangel Trust","31 Eyre Street Hill"," ","EC1R 5EW","Camden","https://www.artangel.org.uk/","5088379","E09000007","Holborn & Covent Garden","E05013662",51.52297249,-0.110727484,531167.012,182142.0021,"Archives"
"The Children's Society Records and Archive Centre","Block A Floor 2 Tower Bridge Business Complex ","100 Clement's Road ","SE16 4DG","Southwark","http://www.hiddenlives.org.uk/","2e+11","E09000028","North Bermondsey","E05011106",51.49419634,-0.062821182,534575.0121,179029.0016,"Archives"
"The Guinness Partnership","30 Brock Street ","Regent's Place ","NW1 3FG","Camden","http://www.guinnesspartnership.com/","5164261","E09000007","Regent's Park","E05013668",51.52599671,-0.139593415,529156.0113,182427.0026,"Archives"
"The Nutrition Society","10 Cambridge Court","210 Shepherds Bush Road ","W6 7NJ","Hammersmith and Fulham","https://www.nutritionsociety.org/","34028103","E09000013","Brook Green","E05013735",51.49533778,-0.22470308,523335.0115,178871.001,"Archives"
"The Postal Museum","Discovery Room ","15-20 Phoenix Place ","WC1X 0DA","Camden","https://www.postalmuseum.org/",NA,"E09000007","Holborn and Covent Garden","E05013662",51.5248911,0.113840185,546739.071,182781.5969,"Archives"
"The Rothschild Archive","New Court ","St Swithin's Lane ","EC4N 8AL","City of London","https://www.rothschildarchive.org/","95511233","E09000001","Walbrook","E05009312",51.51231529,-0.089031735,532703.0119,180996.002,"Archives"
"The Society of The Faith","Faith House ","7 Tufton Street ","SW1P 3QB","Westminster","https://www.societyofthefaith.org.uk/","1e+11","E09000033","St James's","E05013806",51.49757121,-0.12831815,530019.0131,179286.0028,"Archives"
"The Welsh Regiment","Regimental Headquarters  CRO 3-10  WG 2-27"," ","SW1E 6HQ","Westminster","https://www.nam.ac.uk/explore/welch-regiment","1e+11","E09000033","St James's","E05013806",51.4999858,-0.137642078,529365.0125,179538.0023,"Archives"
"The Wiener Library for the Study of the Holocaust and","29 Russell Square"," ","WC1B 5DP","Camden","https://www.wienerlibrary.co.uk/","5155308","E09000007","Bloomsbury","E05013653",51.52160317,-0.127966757,529975.0107,181959.0036,"Archives"
"The Wyndham Ashworth Archive","2 Salamanca Place ","Albert Embankment ","SE1 7HB","Lambeth","http://www.wyndhamashworth.org/","10008789585","E09000022","Vauxhall","E05014117",51.49154783,-0.120555522,530575.0118,178630.002,"Archives"
"Theatre Royal, Stratford East","Gerry Raffles Square"," ","E15 1BN","Newham","http://www.stratfordeast.com/","10009003230","E09000025","Stratford","E05013924",51.54255806,0.001000881,538858.0112,184526.0017,"Archives"
"Topolski Century","150-152 Hungerford Bridge"," Concert Hall Approach  Waterloo","SE1 8XU","Lambeth","http://www.topolskicentury.org.uk/","10091117071","E09000022","Waterloo & South Bank","E05014118",51.50484918,-0.115769002,530869.1921,180117.6626,"Archives"
"Tower Hamlets Local History Library and Archives","277 Bancroft Road"," ","E1 4DQ","Tower Hamlets","https://www.towerhamlets.gov.uk/lgnl/leisure_and_culture/local_history/local_history__archives/local_his","6033654","E09000030","Bethnal Green","E05009317",51.52381997,-0.042347199,535908.0121,182361.0024,"Archives"
"Town and Country Planning Association","17 Carlton House Terrace"," ","SW1Y 5AS","Westminster","https://www.tcpa.org.uk/","1e+11","E09000033","St James's","E05013806",51.50671003,-0.130148252,529866.0123,180299.0017,"Archives"
"Toynbee Hall: Barnett Research Centre","Toynbee Hall ","28 Commercial Street ","E1 6LS","Tower Hamlets","http://www.toynbeehall.org.uk/other-projects/research/",NA,"E09000030","Spitalfields & Banglatown","E05009333",51.51673871,-0.072298991,533851.0652,181518.3642,"Archives"
"Transport for London (TfL) Corporate Archives","Room 250 2nd Floor ","55 Broadway ","SW1H 0BD","Westminster","https://tfl.gov.uk/corporate/about-tfl/culture-and-heritage/corporate-archives","10033591154","E09000033","St James's","E05013806",51.49942609,-0.133501017,529654.0127,179483.0822,"Archives"
"Trinity Laban Conservatoire of Music and Dance: Laban","Laban Creekside"," ","SE8 3DZ","Lewisham","https://www.trinitylaban.ac.uk/student-life/facilities/faculty-of-dance/laban-library-archive","1e+11","E09000023","Deptford","E05013719",51.48032533,-0.019007985,537658.0118,177568.0022,"Archives"
"UKCISA: UK Council for International Student Affairs","9-17 St Albans Place"," ","N1 0NX","Islington","https://www.ukcisa.org.uk/","5300084159","E09000019","St Mary's & St James'","E05013710",51.53662962,-0.104422713,531565.0127,183672.0002,"Archives"
"Unfinished Histories","St Margaret's House Settlement ","21 Old Ford Rd ","E2 9PL","Tower Hamlets","http://www.unfinishedhistories.com/","6040154","E09000030","St Peter's","E05009331",51.52999312,-0.054495932,535047.0105,183025.0093,"Archives"
"United Medical and Dental Schools: St Thomas's Hospit","The Library Block 9 St Thomas's Hospital ","Lambeth Palace Road ","SE1 7EH","Lambeth","http://www.kingscollections.org/catalogues/kclca/collection/u/10un50-1/","2e+11","E09000022","Waterloo & South Bank","E05014118",51.49699222,-0.120230644,530582.0131,179236.002,"Archives"
"United Medical and Dental Schools: The Wills Library","Guy's Hospital London Bridge"," ","SE1 9RT","Southwark","http://www.kingscollections.org/catalogues/kclca/collection/u/10un50-1/","10000816533","E09000028","London Bridge & West Bermondsey","E05011104",51.50345369,-0.08824992,532783.0115,180012.0015,"Archives"
"United Society for the Propagation of the Gospel","Harling House ","47-51 Great Suffolk Street ","SE1 0BS","Southwark","http://www.uspg.org.uk/news/newname/","2e+11","E09000028","Borough & Bankside","E05011095",51.50330287,-0.101109232,531891.0113,179972.0026,"Archives"
"University College London (UCL) Queen Square Library,","UCL Institute of Neurology & The National Hospital","1st Floor  23 Queen Square","WC1N 3BG","Camden","https://www.ucl.ac.uk/ion/queen-square-library","5157304","E09000007","Holborn & Covent Garden","E05013662",51.52259388,-0.122433912,530356.0111,182079.0031,"Archives"
"University College London Hospitals NHS Foundation Tr","250 Euston Road"," ","NW1 2PG","Camden","http://www.uclh.nhs.uk/Pages/Home.aspx","5066067","E09000007","Regent's Park","E05013668",51.52573661,-0.137369511,529311.0114,182402.0031,"Archives"
"University College School","University College School Archives ","Frognal  Hampstead","NW3 6XH","Camden","https://www.ucs.org.uk/","5090680","E09000007","Frognal","E05013657",51.55350825,-0.181082008,526202.0119,185414.0037,"Archives"
"University of East London: Library and Learning Centr","Library and Learning Service: Archives University ","4-6 University Way ","E16 2RD","Newham","https://www.uel.ac.uk/discover/library","10008997988","E09000025","Royal Albert","E05013922",51.50748597,0.064786409,543391.0123,180749.002,"Archives"
"University of Greenwich","Dreadnought Library Old Royal Naval College Park R"," ","SE10 9LS","Greenwich","https://www.gre.ac.uk/","1e+11","E09000011","Greenwich Park","E05014081",51.48296792,-0.006397414,538525.6293,177885.6253,"Archives"
"University of Roehampton: Archives and Special Collec","Library and Learning Services ","Roehampton Lane ","SW15 5SZ","Wandsworth","https://www.roehampton.ac.uk/student-support/library/","121001383","E09000032","Roehampton","E05014017",51.45736039,-0.244932558,522032.0121,174614.0023,"Archives"
"University of Roehampton: Southlands College Archives","80 Roehampton Lane"," ","SW15 5SL","Wandsworth","https://www.roehampton.ac.uk/colleges/southlands-college/history/","121048702","E09000032","Roehampton","E05014017",51.45954775,-0.244474421,522058.0121,174858.0018,"Archives"
"University of the Arts London: Camberwell College of ","Peckham Road"," ","SE5 8UF","Southwark","https://www.arts.ac.uk/colleges/camberwell-college-of-arts","2e+11","E09000028","St Giles","E05011115",51.47411741,-0.079886404,533449.0112,176765.0032,"Archives"
"University of the Arts London: Central St Martins Col","Museum and Study Collection Central Saint Martins ","Granary Building  1 Granary Square","N1C 4AA","Camden","https://www.arts.ac.uk/colleges/central-saint-martins","5162950","E09000007","King's Cross","E05013666",51.53538581,-0.125512168,530106.0121,183496.0025,"Archives"
"University of the Arts London: Chelsea College of Art","16 John Islip Street"," ","SW1P 4JU","Westminster","https://www.arts.ac.uk/colleges/chelsea-college-of-arts","10033569512","E09000033","Vincent Square","E05013807",51.49055367,-0.129232572,529975.4926,178504.023,"Archives"
"University of the Arts London: London College of Comm","Elephant and Castle"," ","SE1 6SB","Southwark","https://www.arts.ac.uk/colleges/london-college-of-communication","10000810907","E09000028","St George's","E05011114",51.4949151,-0.101818139,531866.0132,179038.0029,"Archives"
"University of the Arts London: University Archives an","London College of Communication ","Elephant and Castle ","SE1 6SB","Southwark","https://www.arts.ac.uk/students/library-services/special-collections-and-archives/archives-and-special-c","10000810907","E09000028","St George's","E05011114",51.4949151,-0.101818139,531866.0132,179038.0029,"Archives"
"University of the Arts London: Wimbledon College of A","Main Building ","Merton Hall Road ","SW19 3QA","Merton","https://www.arts.ac.uk/colleges/wimbledon-college-of-arts","48049311","E09000024","Wimbledon Town & Dundonald","E05013829",51.41350764,-0.21213045,524429.7802,169792.6342,"Archives"
"University of Westminster Archives","Archive Services ISLS ","4-12 Little Titchfield Street ","W1W 7UW","Westminster","https://www.westminster.ac.uk/about-us/our-facilities-and-services/archive-services","10033537542","E09000033","West End","E05013808",51.51819661,-0.141078952,529075.0116,181557.003,"Archives"
"V & A Museum of Childhood","Cambridge Heath Road"," ","E2 9PA","Tower Hamlets","https://www.vam.ac.uk/moc/","6039165","E09000030","Bethnal Green","E05009317",51.52905531,-0.054881955,535023.0104,182920.0083,"Archives"
"V&A Archive of Art and Design","Blythe House 23 Blythe Road"," ","W14 0QX","Hammersmith and Fulham","https://www.vam.ac.uk/info/archive-of-art-and-design","34062985","E09000013","Brook Green","E05013735",51.49641388,-0.213841724,524086.0125,179009.0033,"Archives"
"V&A Department of Theatre and Performance","23 Blythe Road"," ","W14 0QX","Hammersmith and Fulham","https://www.vam.ac.uk/collections/theatre-performance","34062985","E09000013","Brook Green","E05013735",51.49641388,-0.213841724,524086.0125,179009.0033,"Archives"
"Victim Support National Centre","Octavia House ","50 Banner Street ","EC1Y8ST","Westminster","https://www.victimsupport.org.uk/","10033595943","E09000033","West End","E05013808",51.52097037,-0.143603839,528892.0113,181861.0026,"Archives"
"Victoria & Albert Museum, Department of Designs, Prin","Cromwell Road"," ","SW7 2RL","Kensington and Chelsea","http://www.vam.ac.uk/page/d/drawings/","217108016","E09000020","Brompton & Hans Town","E05009389",51.49690228,-0.172098033,526982.1428,179134.8334,"Archives"
"Wallace Collection","Hertford House ","Manchester Square ","W1U 3BN","Westminster","https://www.wallacecollection.org/","10033582984","E09000033","Marylebone","E05013801",51.51716928,-0.152896625,528258.0117,181422.0032,"Archives"
"Waltham Forest Archives","Vestry House Museum ","Vestry Road  Walthamstow","E17 9NH","Waltham Forest","https://walthamforest.gov.uk/content/waltham-forest-archives-and-local-studies-library","1e+11","E09000031","Hoe Street","E05013893",51.58401371,-0.012739358,537780.006,189110,"Archives"
"Wandsworth Heritage Service","Battersea Library 1st floor","265 Lavender Hill ","SW11 1JB","Wandsworth","https://www.better.org.uk/library/london/wandsworth/wandsworth-heritage-service","1e+11","E09000032","Lavender","E05014014",51.4640283,-0.164141817,527626.0119,175493.0021,"Archives"
"Wandsworth Museum","38 West Hill ","Wandsworth ","SW18 1RZ","Wandsworth","https://www.bac.org.uk/content/39415/to_archive/wandsworth_museum/wandsworth_museum","121007255","E09000032","East Putney","E05014011",51.45713641,-0.200476777,525121.013,174664.0028,"Archives"
"Wapping Police Station Museum","98 Wapping High Street"," ","EC1","Tower Hamlets","http://www.thamespolicemuseum.org.uk/museum.html","6009795","E09000030","St Katharine's & Wapping","E05009330",51.50309221,-0.058596465,534842.0117,180026.0024,"Archives"
"Wellcome Collection","183 Euston Road"," ","NW1 2BE","Camden","https://wellcomecollection.org/","5083806","E09000007","Bloomsbury","E05013653",51.52589757,-0.133917455,529550.0116,182426.0021,"Archives"
"Westminster Abbey Library and Muniment Room","The Cloisters ","Westminster Abbey ","SW1P 3PA","Westminster","https://www.westminster-abbey.org/about-the-abbey/library-research/","1e+11","E09000033","St James's","E05013806",51.4990043,-0.127394947,530079.0128,179447.0023,"Archives"
"Westminster Baptist Church","100 Horseferry Road"," ","SW1P 2EE","Westminster","http://www.westminsterbaptistchurch.co.uk/","1e+11","E09000033","St James's","E05013806",51.49499663,-0.131535466,529803.0138,178994.0027,"Archives"
"Westminster Diocesan Archives","16a Abingdon Road ","Kensington ","W8 6AF","Kensington and Chelsea","https://rcdow.org.uk/diocese/archives/",NA,"E09000020","Abingdon","E05009388",51.49879422,-0.196996868,525248.716,179302.3626,"Archives"
"Westminster School Archive","17 Dean's Yard"," ","SW1 3PB","Westminster","https://www.westminster.org.uk/about/our-history/archives-and-collections/","10033600108","E09000033","St James's","E05013806",51.49820881,-0.128263203,530021.013,179357.0019,"Archives"
"Whitechapel Art Gallery","Whitechapel High Street"," ","E1 7QX","Tower Hamlets","https://www.whitechapelgallery.org/","6000113","E09000030","Spitalfields & Banglatown","E05009333",51.51614774,-0.070465394,533980.012,181456.0035,"Archives"
"Wigmore Hall","36 Wigmore Street"," ","W1H 0BP","Westminster","https://wigmore-hall.org.uk/","1e+11","E09000033","Marylebone","E05013801",51.51665556,-0.148261914,528581.0118,181373.0025,"Archives"
"William Morris Gallery","Water House ","Lloyd Park  Forest Road","E17 4PP","Waltham Forest","https://www.wmgallery.org.uk/","2e+11","E09000031","William Morris","E05013902",51.59130071,-0.020376611,537229.0076,189906.0012,"Archives"
"William Morris Society","Kelmscott House ","26 Upper Mall  Hammersmith","W6 9TA","Hammersmith and Fulham","https://williammorrissociety.org/","34008094","E09000013","Ravenscourt","E05013746",51.49058179,-0.235504366,522598.0142,178324.0024,"Archives"
"Wilton's Music Hall","Graces Alley"," ","E1 8JB","Tower Hamlets","https://www.wiltons.org.uk/","6006845","E09000030","Whitechapel","E05009336",51.51061305,-0.066937948,534241.012,180847.0031,"Archives"
"Wimbledon Lawn Tennis Museum: Kenneth Ritchie Wimbled","Church Road"," ","SW19 5AE","Merton","https://www.wimbledon.com/en_GB/atoz/library_research_enquiries.html","48100056","E09000024","Village","E05013825",51.43449072,-0.2144734,524210.0122,172122.0027,"Archives"
"Wimbledon Society Museum of Local History","22 Ridgway ","Wimbledon ","SW19 4QD","Merton","http://www.wimbledonmuseum.org.uk/","48059798","E09000024","Village","E05013825",51.42361787,-0.216205974,524119.0097,170910.0048,"Archives"
"Working Men's Club & Institute Union Ltd","253-254 Upper Street"," ","N1 1RY","Islington","http://www.wmciu.org.uk/","5300094941","E09000019","Laycock","E05013708",51.54566034,-0.103441508,531607.0097,184678.0007,"Archives"
"World Development Movement","25 Beehive Place"," ","SW9 7QR","Lambeth","https://www.globaljustice.org.uk/","1e+11","E09000022","Brixton Windrush","E05014098",51.46394243,-0.113972754,531111.0099,175572.0008,"Archives"
"World Rugby Museum","Twickenham Stadium ","Rugby Road Twickenham","TW1 1DZ","Richmond upon Thames","http://www.worldrugbymuseum.com/","1e+11","E09000027","St Margarets & North Twickenham","E05013785",51.45564884,-0.341739408,515311.0146,174267.0046,"Archives"
"Worshipful Society of Apothecaries","Apothecaries' Hall ","Blackfriars Lane ","EC4V 6EJ","City of London","https://www.apothecaries.org/","95511244","E09000001","Farringdon Within","E05009304",51.51289096,-0.102886619,531740.0113,181035.0019,"Archives"
"Zoological Society of London","The Library Zoological Society of London ","Regent's Park ","NW1 4RY","Westminster","https://www.zsl.org/","10033539882","E09000033","Regent's Park","E05013805",51.53572042,-0.155706918,528011.0118,183480.0026,"Archives"
"Liberal Jewish Synagogue","28 St John's Wood Road"," ","NW8 7HA","Westminster","https://www.ljs.org/",NA,"E09000033","Regent's Park","E05013805",51.52827324,-0.172582487,526861.3627,182622.4976,"Archives"
"Noel Coward Archive Trust","Paddock Suite"," The Courtyard 55 Charterhouse Street","EC1M 6HA","Islington","https://www.noelcoward.com/archive-trust",NA,"E09000019","Clerkenwell","E05013702",51.51936412,-0.103696638,531665.1475,181753.3632,"Archives"
"United Reformed Church Archive","86 Tavistock Place"," ","WC1H 9RT","Camden","https://urcarchive.org.uk/clergy-and-office-holders/archive-and-records.html",NA,"E09000007","King's Cross","E05013666",51.52886703,-0.121732493,530386.756,182777.8299,"Archives"
"University West of England Archives ","University of West London","St Mary's Road ","W5 5RF","Ealing","https://www.uwl.ac.uk/current-students/library/about-library-and-archive/university-west-london-archive",NA,"E09000009","Ealing Common","E05013521",51.50700614,-0.30312115,517861.6383,180039.5259,"Archives"
"Iniva Stuart Hall Library ","16 John Islip Street"," ","SW1P 4JU","Westminster","https://iniva.org/",NA,"E09000033","Vincent Square","E05013807",51.49048,-0.12929,529971.7153,178495.7289,"Archives"
" Kingsgate Workshops","Kingsgate Workshops","110-116 Kingsgate Road","","Camden","www.kingsgateworkshops.org.uk","5184848","E09000007","Kilburn","E05013665",51.54434518,-0.196835746,525135.0113,184368.003,"Artists_workspaces"
" Vanguard Court Studios","Rear of 36-38 Peckham Road","","","Southwark","www.vanguardcourt.org","10000812526","E09000028","St Giles","E05011115",51.47308408,-0.081585729,533334.0111,176647.0027,"Artists_workspaces"
"117 Wallis Road","117 Wallis road ","Hackney Wick","","Hackney","www.arbeit.org.uk / www.arebyte.com","10008336713","E09000012","Hackney Wick","E05009374",51.544736,-0.023507873,537152.0119,184722.0029,"Artists_workspaces"
"3-5 Latona Road","Peckham","","","Southwark","www.artistic-spaces.co.uk","2.00E+11","E09000028","Old Kent Road","E05011109",51.48194983,-0.071103315,534036.0125,177652.0027,"Artists_workspaces"
"401 1/2 Studios","401 - 403, Wandsworth Road","","","Lambeth","www.401studios.org","2.00E+11","E09000022","Stockwell West & Larkhall","E05014111",51.47371047,-0.13248182,529797.6815,176625.2733,"Artists_workspaces"
"52-56 Standard Road","Park Royal, London ","","","Ealing","www.artistic-spaces.co.uk","12189460","E09000009","North Acton","E05013527",51.52830491,-0.263787706,520535.0135,182472.0034,"Artists_workspaces"
"7-17 Latona Road","Peckham","","","Southwark","www.artistic-spaces.co.uk","2.00E+11","E09000028","Old Kent Road","E05011109",51.48194983,-0.071103315,534036.0125,177652.0027,"Artists_workspaces"
"Action House ","53 Sandgate Street","Bermondsey","","Southwark","https://artistic-spaces.co.uk/action-house-containers","10090748110","E09000028","Old Kent Road","E05011109",51.484681,-0.06286165,534600.2185,177970.8247,"Artists_workspaces"
"Apex House","23-25 Hythe Road","","","Hammersmith and Fulham","https://nwstudios.wordpress.com","34131643","E09000013","College Park & Old Oak","E05013736",51.52853021,-0.244474766,521874.0098,182528.9993,"Artists_workspaces"
"APT Studios","Harold Wharf","6 Creekside","","Lewisham","aptstudios.org","1.00E+11","E09000023","Deptford","E05013719",51.47640151,-0.021496653,537497.0106,177127.0028,"Artists_workspaces"
"arebyte Studio - Camberwell","Burgess Business Park","","","Southwark","https://www.arebyte.com/available-studios","No UPRN","E09000028","St Giles","E05011115",51.48047367,-0.086074868,533000.7778,177460.5617,"Artists_workspaces"
"arebyte Studio - London City Island","7 Botanic Square","","","Tower Hamlets","https://www.arebyte.com/available-studios","No UPRN","E09000030","Blackwall & Cubitt Town","E05009318",51.51209106,0.006471284,539330.2596,181148.4846,"Artists_workspaces"
"arebyte Studios - Old Kent Road","765 Old Kent Road","","","Southwark","https://www.arebyte.com/available-studios","2.00E+11","E09000028","Old Kent Road","E05011109",51.480525,-0.058385989,534923.2173,177516.9173,"Artists_workspaces"
"Arlington","Arlington Road","Camden","","Camden","www.spacestudios.org.uk","5145123","E09000007","Camden Town","E05013655",51.54304284,-0.151286158,528297.0123,184302.0027,"Artists_workspaces"
"Art Hub Studios","5-9 Creekside","","","Lewisham","www.arthub.org.uk","10093391623","E09000023","Deptford","E05013719",51.47711774,-0.020774389,537545.0109,177208.0029,"Artists_workspaces"
"Art Hub Studios CIC","Unit 2b, Bldg 28, ","34 Bowater Rd","","Greenwich","www.arthub.org.uk","10010244296","E09000011","Charlton Village & Riverside","E05014075",51.49456696,0.039912483,541705.0127,179264.002,"Artists_workspaces"
"Art in the Park","Chumleigh Gardens, Chumleigh Street","Burgess Park","","Southwark","http://artinthepark.co.uk/the-studio/","10090749089","E09000028","Faraday","E05011102",51.484032,-0.084666402,533088.2247,177858.8051,"Artists_workspaces"
"Art Space at St Katharines","2 Butcher Row","","","Tower Hamlets","www.bowarts.org    www.artiststudiofinder.org   www.londonsartistquarter.org","6169658","E09000030","Shadwell","E05009332",51.51149426,-0.041463615,536006.0121,180992.0043,"Artists_workspaces"
"Artist Hive Studios","Pretoria Road North","","","Enfield","https://www.artisthivestudios.com/","207013560","E09000010","Upper Edmonton","E05013694",51.609075,-0.071608902,533628.2804,191787.6997,"Artists_workspaces"
"ArtsAdmin","Toynbee Studios","28 Commercial Street","","Tower Hamlets","www.artsadmin.co.uk","6090198","E09000030","Spitalfields & Banglatown","E05009333",51.51666169,-0.072187702,533859.012,181510.003,"Artists_workspaces"
"artsdepot","5 Nether Street, Tally Ho Corner","North Finchley","","Barnet","https://www.artsdepot.co.uk/private-rooms-studios","200196017","E09000003","West Finchley","E05013648",51.61281644,-0.176699509,526341.354,192016.8907,"Artists_workspaces"
"ASC Studios Alperton","243 Ealing Road","Alperton","","Brent","https://ascstudios.co.uk/studios/","See notes","E09000005","Alperton","E05013496",51.53892,-0.29908,518059.5408,183594.9854,"Artists_workspaces"
"Assemble Studio","Sugarhouse Studios","19 Collett Rd","","Southwark","assemblestudio.co.uk","10025331048","E09000028","North Bermondsey","E05011106",51.49690542,-0.062958383,534557.5119,179330.0018,"Artists_workspaces"
"Auto Italia","44 Bonner Road ","","","Tower Hamlets","http://autoitaliasoutheast.org/","6169839","E09000030","St Peter's","E05009331",51.53236861,-0.052419253,535184.0114,183293.0051,"Artists_workspaces"
"Azof","Azof Street","Greenwich","","Greenwich","www.spacestudios.org.uk","1.00E+11","E09000011","East Greenwich","E05014076",51.48899702,0.007934343,539502.3128,178583.2414,"Artists_workspaces"
"Bainbridge Print","Units 7-9 Taplow House","Thurlow St ","","Southwark","www.bainbridgeprint.com","2.00E+11","E09000028","Faraday","E05011102",51.48835522,-0.086620189,532940.0121,178336.0029,"Artists_workspaces"
"Bainbridge Print ","Ground Floor, Grafton Quarter ","","","Croydon","https://bainbridgeprint.com/contact","10093755697","E09000008","Broad Green","E05011465",51.378715,-0.11210077,531485.2461,166098.0339,"Artists_workspaces"
"Barham Park","660 Harrow Rd","","","Brent","www.acava.org","202209700","E09000005","Wembley Central","E05013514",51.55232008,-0.310992689,517199.0093,185066.0026,"Artists_workspaces"
"Beckenham Place Mansion","Beckenham Place Park","Beckenham","","Lewisham","https://www.beckenhamplace.org/at-the-mansion/artists-businesses/","See notes","E09000023","Bellingham","E05013714",51.41867,-0.01886,537853.7265,170712.2567,"Artists_workspaces"
"Belsham","16 Belsham Street","Hackney","","Hackney","www.spacestudios.org.uk","10091775557","E09000012","Homerton","E05009376",51.5460622,-0.051748168,535190.0116,184817.003,"Artists_workspaces"
"Blackhorse Lane E17 ","B Unit 41 Uplands Business Park","","","Waltham Forest","https://www.arbeit.org.uk/blackhorse-rd","1.00E+11","E09000031","Higham Hill","E05013892",51.592787,-0.042110289,535719.243,190030.7521,"Artists_workspaces"
"Blackhorse Lane Studios","114 blackhorse lane","","","Waltham Forest","http://www.artworksproject.com/docs/info.html","10091183452","E09000031","Higham Hill","E05013892",51.5913952,-0.039401366,535911.0134,189881.0026,"Artists_workspaces"
"Blackhorse Workshop","1-2 Sutherland Rd Path","","","Waltham Forest","www.blackhorseworkshop.co.uk","10091186505","E09000031","Higham Hill","E05013892",51.59204955,-0.038737955,535955.0131,189955.0031,"Artists_workspaces"
"Blechynden St","54 Blechynden St","","","Kensington and Chelsea","www.acava.org","217107233","E09000020","Notting Dale","E05009399",51.51448115,-0.21686752,523827.0124,181013.0026,"Artists_workspaces"
"Block 336","336 Brixton Road","","","Lambeth","http://block336.com/","10091845237","E09000022","Brixton North","E05014096",51.46814799,-0.113223473,531151.0094,176041.0008,"Artists_workspaces"
"Bones and Pearl","60-68 Markfield Road","","","Haringey","http://bonesandpearl.moonfruit.com/contact/4589196098","10090481197","E09000014","South Tottenham","E05013599",51.58343971,-0.063936386,534235.0153,188951.0028,"Artists_workspaces"
"Bootstrap Charity","18-22 Ashwin St","","","Hackney","http://www.bootstrapcompany.co.uk/","10008346228","E09000012","Dalston","E05009370",51.54696352,-0.074728878,533594.0089,184875.0057,"Artists_workspaces"
"Borthwick St","5 Borthwick St","","","Greenwich","www.acava.org","10010244675","E09000011","Greenwich Creekside","E05014080",51.48496902,-0.024778976,537243.36,178073.5426,"Artists_workspaces"
"Bow Road","181-183 Bow Rd","","","Tower Hamlets","www.bowarts.org    www.artiststudiofinder.org   www.londonsartistquarter.org","6070835","E09000030","Bow East","E05009319",51.52894539,-0.017675298,537604.0099,182977.0042,"Artists_workspaces"
"Brentford Gallery and Studios","Johnsons Island","Catherine Wheel Rd","","Hounslow","www.brentfordgallery.co.uk","10001273963","E09000018","Syon & Brentford Lock","E05013627",51.48224975,-0.305388834,517768.0124,177282.9038,"Artists_workspaces"
"Brickfield","30 Brickfield Road","Tower Hamlets","","Tower Hamlets","www.spacestudios.org.uk","6155760","E09000030","Bromley South","E05009322",51.52087781,-0.013888751,537891.009,182086.9937,"Artists_workspaces"
"Bridget Riley","Dace Road","Tower Hamlets","","Tower Hamlets","www.spacestudios.org.uk","6180071","E09000030","Bow East","E05009319",51.53778211,-0.022754214,537225.1719,183950.1336,"Artists_workspaces"
"Britannia Works","43-45 Dace Road","Tower Hamlets","","Tower Hamlets","www.spacestudios.org.uk","6129407","E09000030","Bow East","E05009319",51.53775378,-0.022743329,537226.0119,183947.0036,"Artists_workspaces"
"Britannia Works","56 Dace Road","","","Tower Hamlets","www.londonbookarts.org","6135864","E09000030","Bow East","E05009319",51.53777223,-0.022771369,537224.012,183949.0028,"Artists_workspaces"
"Bureau Of Silly Ideas","Arches 17 & 555 Valentia Place","","","Lambeth","www.artcoreint.net","1.00E+11","E09000022","Brixton Windrush","E05014098",51.46283153,-0.111441616,531290.0106,175453.0015,"Artists_workspaces"
"Buspace Studios","5 Conlan Street","Unit127","","Kensington and Chelsea","http://www.buspace.co.uk/","217120223","E09000020","Golborne","E05009396",51.52546573,-0.211262853,524186.0127,182244.002,"Artists_workspaces"
"Bussey Building","133 Copeland Road","","","Southwark","www.copelandpark.com","10094085848","E09000028","Rye Lane","E05011113",51.46999995,-0.065747142,534443.0118,176333.0018,"Artists_workspaces"
"Canada Street Studios","Surrey Quays Rd","Deptford","","Southwark","https://bowarts.org/studios/canada-street-studios","No UPRN","E09000028","Surrey Docks","E05011117",51.49791,-0.04559,535760.0567,179473.768,"Artists_workspaces"
"Candid Arts Trust","Candid Arts","3-5 Torrens Street","","Islington","https://candidarts.wordpress.com","5300092108","E09000019","St Peter's & Canalside","E05013711",51.532222,-0.10507893,531532.2051,183180.6878,"Artists_workspaces"
"Cannizaro Park","Potting Sheds","Cannizaro Park","","Merton","www.acava.org","48124885","E09000024","Village","E05013825",51.42373831,-0.232511218,522985.1064,170895.9383,"Artists_workspaces"
"Canvas and cream","18 London Road","","","Lewisham","http://www.canvasandcream.com/","1.00E+11","E09000023","Forest Hill","E05013722",51.43970001,-0.054710451,535299.0132,172984.0037,"Artists_workspaces"
"Catford Dek","Old Town Hall","catford Road","","Lewisham","www.bowarts.org    www.artiststudiofinder.org   www.londonsartistquarter.org","10023226829","E09000023","Rushey Green","E05013730",51.4452943,-0.020380851,537668.0126,173670.004,"Artists_workspaces"
"Cell Project","115 WALLIS ROAD","","","Hackney","cellprojects.org","10008346528","E09000012","Hackney Wick","E05009374",51.54470612,-0.023869727,537127.0119,184718.0031,"Artists_workspaces"
"Cell Project Space Forest Park","34 Forest Business Park, Argall Avenue","Leyton","","Waltham Forest","https://www.cellprojects.org/studios/new-studios-coming-september-2020","2.00E+11","E09000031","Lea Bridge","E05013895",51.572215,-0.04013707,535917.1664,187746.7188,"Artists_workspaces"
"Cell Studios Arcola Northside","23-27 Arcola St","Dalston","","Hackney","https://www.cellprojects.org/studios/arcola-northside","10008286566","E09000012","Shacklewell","E05009382",51.552091,-0.073846715,533640.1722,185446.8037,"Artists_workspaces"
"Cell Studios Cambridge Heath Road","258 cambridge heath road","","","Tower Hamlets","cellprojects.org","6021858","E09000030","St Peter's","E05009331",51.53396121,-0.058436075,534762.0113,183459.0065,"Artists_workspaces"
"Cell Studios Grosvenor Works","Grosvenor Way","Mount Pleasant Hill","Clapton","Hackney","cellprojects.org","10008336688","E09000012","Lea Bridge","E05009380",51.56609206,-0.051397889,535155.0122,187045.0018,"Artists_workspaces"
"Cell Studios Ridley Road","89 RIDLEY ROAD","","","Hackney","cellprojects.org","10008320277","E09000012","Dalston","E05009370",51.54842551,-0.070671927,533871.0112,185045.0037,"Artists_workspaces"
"Chaplin Centre","Chaplin Centre","Taplow House","","Southwark","www.ascstudios.co.uk","2.00E+11","E09000028","Faraday","E05011102",51.48835522,-0.086620189,532940.0121,178336.0029,"Artists_workspaces"
"Childers Street","165 Childers Street","Deptford","","Lewisham","www.acme.org.uk","2.00E+11","E09000023","Deptford","E05013719",51.48215624,-0.034814615,536555.0121,177742.0021,"Artists_workspaces"
"Chisenhale Studios","64-84 Chisenhale Road","","","Tower Hamlets","www.chisenhale.co.uk","6146768","E09000030","Bow West","E05009320",51.53308803,-0.039708154,536063.4515,183396.5342,"Artists_workspaces"
"Chocolate Factory 16","Chocolate Factory 16","The Chocolate Factory N16","Farley Place","Hackney","https://www.chocolatefactoryn16.com/","1.00E+11","E09000012","Stoke Newington","E05009385",51.555539,-0.073527948,533652.1819,185830.8103,"Artists_workspaces"
"City Studios E17","30a Borwick Rd","","","Waltham Forest","http://www.citystudios-e17.com/home","10024418496","E09000031","William Morris","E05013902",51.58860521,-0.028520497,536673.0075,189591.0009,"Artists_workspaces"
"Cleaver Street","County Courts, Cleaver Street","Kennington","","Lambeth","https://ascstudios.co.uk/studios/","1.00E+11","E09000022","Kennington","E05014105",51.488362,-0.10986527,531326.2551,178294.8394,"Artists_workspaces"
"Clockwork Studios","38 Southwell Road","","","Lambeth","http://www.clockworkstudios.co.uk/","10093379709","E09000022","Herne Hill & Loughborough Junction","E05014104",51.46662,-0.09846,532180.8098,175897.6194,"Artists_workspaces"
"Cob Gallery","205 Royal College Street","","","Camden","https://www.cobgallery.com/contact/","5122723","E09000007","Camden Town","E05013655",51.54116049,-0.138023016,529222.0123,184116.0022,"Artists_workspaces"
"Cockpit Bloomsbury","Cockpit Yard","Northington Street","","Camden","www.cockpitarts.com","5082549","E09000007","Holborn & Covent Garden","E05013662",51.52146685,-0.116080083,530800.0116,181965.0029,"Artists_workspaces"
"Cockpit Deptford","Cockpit Arts Deptford","18 - 22 Creekside","","Lewisham","www.cockpitarts.com","1.00E+11","E09000023","Deptford","E05013719",51.47862647,-0.020651416,537549.0111,177376.0029,"Artists_workspaces"
"coldharbour studios","26 - 34 Southwell Road","","","Lambeth","http://www.coldharbourlondon.com/","1.00E+11","E09000022","Herne Hill & Loughborough Junction","E05014104",51.4663483,-0.098684343,532166.012,175867.0017,"Artists_workspaces"
"Collage Artspace 3","40 Cumberland Road","","","Haringey","https://collage-arts.org/","1.00E+11","E09000014","Woodside","E05013605",51.597201,-0.11285795,530806.2611,190392.6162,"Artists_workspaces"
"Collage Artspace 4","191 High Rd","London ","","Haringey","https://collage-arts.org/","No UPRN","E09000014","Noel Park","E05013595",51.59549214,-0.109789205,531023.7107,190208.0785,"Artists_workspaces"
"Collage Artspace 5","Clarendon Yard","33/45 Coburg Rd","","Haringey","https://collage-arts.org/","No UPRN","E09000014","Noel Park","E05013595",51.59369371,-0.11368335,530759.1536,190001.1126,"Artists_workspaces"
"Collage Artspaces","Chocolate Factory 2","4 Coburg Road","","Haringey","www.collage-arts.org","10022939979","E09000014","Noel Park","E05013595",51.59419545,-0.113072676,530800.0121,190058.0008,"Artists_workspaces"
"Colville Rd Studios","Units 2 and 4","11 Colville Rd","","Ealing","www.acava.org","12093573","E09000009","South Acton","E05013536",51.49926169,-0.273723932,519922.0121,179226.0022,"Artists_workspaces"
"Commonwealth Studios","2, Commonwealth Buildings","Woolwich Church St","","Greenwich","","10010244186","E09000011","Woolwich Dockyard","E05014094",51.49280506,0.046945644,542198.683,179081.7119,"Artists_workspaces"
"Conditions","89 Gloucester Road","","","Croydon","https://conditions.studio/","1.00E+11","E09000008","Selhurst","E05011479",51.384999,-0.089824616,533017.2492,166836.9394,"Artists_workspaces"
"Copperfield Gallery","6 Copperfield Street","","","Southwark","www.copperfieldgallery.com","2.00E+11","E09000028","Borough & Bankside","E05011095",51.50316867,-0.097267573,532158.011,179964.0026,"Artists_workspaces"
"Copperfield Road","42/44 Copperfield Road","Bow","","Tower Hamlets","www.acme.org.uk","6048178","E09000030","Mile End","E05009327",51.51907944,-0.03580472,536376.0123,181845.9993,"Artists_workspaces"
"Craft Central / The Forge","397-411 Westferry Road","","","Tower Hamlets","www.craftcentral.org.uk","6653025","E09000030","Island Gardens","E05009324",51.48879019,-0.019159363,537622.0119,178509.0018,"Artists_workspaces"
"Create Space London","Former Willesden Green Police Station, 96 High Rd","Willesden","","Brent","https://www.createspacelondon.org/?fbclid=IwAR3z5OP_MsyfZ64PwpV3CIIng3-2rGQqD_lhIhL1391Zn1HTKsXZDYp9VTc","202086681","E09000005","Willesden Green","E05013517",51.547169,-0.23071436,522778.3074,184624.6646,"Artists_workspaces"
"Create Space London","80 Daws Ln","Mill Hill","","Barnet","https://www.createspacelondon.org/?fbclid=IwAR3z5OP_MsyfZ64PwpV3CIIng3-2rGQqD_lhIhL1391Zn1HTKsXZDYp9VTc","See notes","E09000003","Mill Hill","E05013645",51.61565,-0.2388,522034.2387,192226.5313,"Artists_workspaces"
"Crown Close","5 Crown Close","","","Tower Hamlets","http://www.v22collection.com","6075330","E09000030","Bow East","E05009319",51.53669093,-0.024779336,537088.0118,183825.0035,"Artists_workspaces"
"Cubitt Gallery","8 Angel Mews","","","Islington","http://cubittartists.org.uk/","10012791474","E09000019","Barnsbury","E05013698",51.5323504,-0.107844697,531340.0127,183189.9999,"Artists_workspaces"
"DAGENHAM RM10","B Unit 41 Uplands Business Park","","","Barking and Dagenham","https://www.arbeit.org.uk/dagenham","100091341","E09000002","Alibon","E05014054",51.549708,0.15663338,549626.1016,185627.8042,"Artists_workspaces"
"Dalston","10-16 Ashwin Street, London, E8 3DL","","","Hackney","http://www.v22collection.com","10008241411","E09000012","Dalston","E05009370",51.54674074,-0.074305591,533624.0093,184851.0054,"Artists_workspaces"
"DALSTON E8","9 Martel Place","Dalston","","Hackney","https://www.arbeit.org.uk/dalston","10008344025","E09000012","Dalston","E05009370",51.547403,-0.070410116,533892.1598,184931.7784,"Artists_workspaces"
"Deborah House","Retreat Place","Hackney","","Hackney","www.spacestudios.org.uk","10008342937","E09000012","Homerton","E05009376",51.5452378,-0.049216113,535368.0109,184730.0025,"Artists_workspaces"
"Delfina Studios","29 / 31 Catherine Place ","","","Westminster","www.delfinafoundation.com","10033631259","E09000033","St James's","E05013806",51.49942723,-0.140978677,529135.0126,179470.0025,"Artists_workspaces"
"Delta House Studios","Riverside Road","","","Wandsworth","https://www.deltahousestudios.co.uk/","1.00E+11","E09000032","Wandsworth Common","E05014027",51.43338,-0.18894695,525987.2923,172042.0174,"Artists_workspaces"
"Deptford Foundry","Alloy House, Moulding Lane","Deptford","","Lewisham","https://www.secondfloor.co.uk/studios/deptford-foundry","10093393480","E09000023","Deptford","E05013719",51.481674,-0.035063142,536539.1966,177687.9142,"Artists_workspaces"
"Domeview Yard","269 Tunnel Avenue ","North Greenwich","","Greenwich","https://assemblestudio.co.uk/workspace/domeview-yard","10010266827","E09000011","Greenwich Peninsula","E05014082",51.49845,0.000308581,538944.1521,179619.9221,"Artists_workspaces"
"Durham Street (Bow Arts)","47-49 Durham Street ","","","Lambeth","https://bowarts.org/studios/durham-street-studios-vauxhall","1.00E+11","E09000022","Oval","E05014108",51.485046,-0.11837066,530745.2642,177910.8876,"Artists_workspaces"
"Eastway","80c Eastway","Hackney","","Hackney","www.spacestudios.org.uk","10008341867","E09000012","Hackney Wick","E05009374",51.54716562,-0.029489133,536730.0117,184981.0023,"Artists_workspaces"
"Empire Arches"," 1-9 Watts Mews","off Conyers Road","","Lambeth","https://www.instagram.com/empirearches/?hl=en","10093058949","E09000022","Streatham St Leonard's","E05014115",51.42278226,-0.138149048,529548.011,170952.0006,"Artists_workspaces"
"Empson Street","Unit 3 Empson Street Bow","","","Tower Hamlets","www.ascstudios.co.uk","6177430","E09000030","Bromley South","E05009322",51.52169352,-0.012671208,537973.0084,182179.9933,"Artists_workspaces"
"Excelsior London","Sunbeam Road","North Acton","","Ealing","https://www.excelsior.london/","10092033712","E09000009","North Acton","E05013527",51.525737,-0.26354833,520558.3969,182186.8371,"Artists_workspaces"
"Faroe Rd","23 - 29 Faroe Rd","","","Hammersmith and Fulham","www.acava.org","34034840","E09000013","Brook Green","E05013735",51.49859209,-0.21515405,523989.0126,179249.003,"Artists_workspaces"
"First Floor Space","1046/1048 Croydon Arts Store","Whitgift Centre","","Croydon","https://www.firstfloorspace.co.uk/about","2.00E+11","E09000008","Fairfield","E05011468",51.376345,-0.099007506,532403.2406,165858.0157,"Artists_workspaces"
"Fitzgerald House","East India Dock Road","","","Tower Hamlets","www.bowarts.org    www.artiststudiofinder.org   www.londonsartistquarter.org","6129546","E09000030","Lansbury","E05009325",51.51165109,-0.014953291,537845.0102,181059.001,"Artists_workspaces"
"Flying Angel","287 Victoria Dock Rd","","","Newham","www.acava.org","10023998099","E09000025","Custom House","E05013908",51.51019552,0.028044592,540833.0097,180979.0039,"Artists_workspaces"
"Forest Hill Library","Dartmouth Road","Forest Hill","","Lewisham","http://www.v22collection.com","1.00E+11","E09000023","Forest Hill","E05013722",51.43589345,-0.05618143,535208.0132,172558.0038,"Artists_workspaces"
"Forma Studios Forest Hill","First Floor, 127 Stanstead Road","","","Lewisham","https://forma.org.uk/projects/stanstead-road/","10094268470","E09000023","Crofton Park","E05013718",51.442538,-0.04691716,535832.2141,173314.0027,"Artists_workspaces"
"FormaHQ","Peveril Garden Studios","40 Great Dover Street","","Southwark","https://forma.org.uk/projects/formahqstudios/","56295142","E09000028","Chaucer","E05011098",51.49861,-0.09092,532611.7632,179468.5465,"Artists_workspaces"
"FriendsWorkShops","1 Park Mews","","","Lambeth","-","10090196587","E09000022","West Dulwich","E05014119",51.44959481,-0.100359001,532098.0119,174001.0017,"Artists_workspaces"
"Galleria","Pennack Road","Peckham","","Southwark","www.acme.org.uk","10013530269","E09000028","Peckham","E05011110",51.48202767,-0.073649245,533859.0123,177656.0022,"Artists_workspaces"
"Gasworks","155 Vauxhall Street","","","Lambeth","www.gasworks.org.uk","1.00E+11","E09000022","Oval","E05014108",51.48513475,-0.11543231,530949.0137,177926.0034,"Artists_workspaces"
"Gaunson Creative Studios","Gaunson House, 
Markfield Rd","","","Haringey","http://gaunsoncreativestudios.co.uk/","2.00E+11","E09000014","South Tottenham","E05013599",51.583772,-0.063528936,534262.2644,188988.7029,"Artists_workspaces"
"Glassyard","276 Oak Square","Stockwell","","Lambeth","www.acme.org.uk","10090201945","E09000022","Brixton North","E05014096",51.4688417,-0.120581162,530638.0117,176105.0019,"Artists_workspaces"
"Gorst Road Studios","42 Gorst Rd","Park Royal","","Ealing","https://gorstroad.rocketspark.co.uk/","12130599","E09000009","North Acton","E05013527",51.526773,-0.26493608,520459.3993,182299.7611,"Artists_workspaces"
"Grafton Road","Art House, Grafton Quarter","Croydon","","Croydon","https://ascstudios.co.uk/studios/","10093755779","E09000008","Broad Green","E05011465",51.378036,-0.11241608,531465.2474,166021.9637,"Artists_workspaces"
"Great Western Studios","Great Western Studios","65 Alfred Road","","Westminster","https://www.greatwesternstudios.com/","10033617199","E09000033","Westbourne","E05013809",51.52119908,-0.196309173,525235.0127,181795.003,"Artists_workspaces"
"Grow Studios","Grow Studios","Main Yard","Wallis Road","Hackney","https://www.growhackneystudios.com/home/","1.00E+11","E09000012","Hackney Wick","E05009374",51.544389,-0.022757378,537205.0919,184684.821,"Artists_workspaces"
"Hackney Downs Studios"," 17 Amhurst Terrace","Lower Clapton","","Hackney","eatworkart.com","10008337805","E09000012","Shacklewell","E05009382",51.55476372,-0.066754358,534124.0138,185757.0037,"Artists_workspaces"
"Haggerston Stour Studios","258 Kingsland road","Dalston","","Hackney","https://www.stourstudios.co.uk/contact-us","1.00E+11","E09000012","Haggerston","E05009375",51.537312,-0.07631648,533512.1535,183798.8185,"Artists_workspaces"
"Harrow Road","733 Harrow Road","Kensal Green","","Brent","www.acme.org.uk","202199583","E09000005","Queens Park","E05013507",51.53083547,-0.230314269,522850.0116,182809.0013,"Artists_workspaces"
"Havil Street","233 Havil Street","Southwark","","Southwark","www.spacestudios.org.uk","2.00E+11","E09000028","St Giles","E05011115",51.4758599,-0.083053318,533224.0112,176953.0023,"Artists_workspaces"
"Hawks Road","47-51 Hawks Road","Kingston Upon Thames","","Kingston upon Thames","www.ascstudios.co.uk","10025170552","E09000021","Norbiton","E05013941",51.40818644,-0.293224831,518804.5155,169066.3992,"Artists_workspaces"
"Haymerle","90 Haymerle Road","Southwark","","Southwark","www.spacestudios.org.uk","2.00E+11","E09000028","Old Kent Road","E05011109",51.48249513,-0.069812888,534124.0126,177715.0023,"Artists_workspaces"
"Hertford Road Studios","32A Hertford Road","","","Hackney","http://www.artworksproject.com/docs/info.html","10008225561","E09000012","De Beauvoir","E05009371",51.53872642,-0.078566189,533352.0091,183951.9972,"Artists_workspaces"
"Hetley Rd","62 Hetley Rd","","","Hammersmith and Fulham","www.acava.org","34100876","E09000013","Coningham","E05013737",51.50456464,-0.2336672,522688.0119,179882.0023,"Artists_workspaces"
"Highline","10 Steedman Street","Elephant and Castle","","Southwark","www.acme.org.uk","10091666566","E09000028","North Walworth","E05011107",51.49174915,-0.099010959,532070.0112,178691.003,"Artists_workspaces"
"Honeypot Lane","1-2 Palm Court, 1-2 Tulip Court, 1 Acacia Court","","","Brent","www.acava.org","202208355","E09000005","Queensbury","E05013508",51.59056614,-0.283819623,518983.0121,189363.0049,"Artists_workspaces"
"HORNSEY RD N7","232 Hornsey Road","Finsbury Park","","Islington","https://www.arbeit.org.uk/hornsey-n7","5300050510","E09000019","Finsbury Park","E05013703",51.559927,-0.11448798,530800.1955,186244.675,"Artists_workspaces"
"Hotel Elephant","23 Harper Road ","","","Southwark","www.hotelelephant.co.uk","10000811499","E09000028","Chaucer","E05011098",51.49882177,-0.095950285,532262.0119,179483.0028,"Artists_workspaces"
"Hotel Elephant","1-5 Spare Street","Elephant and Castle","","Southwark","www.hotelelephant.co.uk/studio-space-spare-street-se17","See notes","E09000028","North Walworth","E05011107",51.492,-0.09913,532061.0234,178718.6832,"Artists_workspaces"
"Hoxton Hall","130 Hoxton Street","","","Hackney","www.hoxtonhall.co.uk","1.00E+11","E09000012","Hoxton East & Shoreditch","E05009377",51.53175017,-0.079782839,533288.0128,183173.9989,"Artists_workspaces"
"Hoxton Studios","237 Hackney Road","","","Hackney","https://www.stourstudios.co.uk/hoxton-studios","1.00E+11","E09000012","Haggerston","E05009375",51.53132,-0.070167518,533956.1562,183143.7324,"Artists_workspaces"
"Hythe Rd","First Floor","17 - 19 Hythe Rd","","Hammersmith and Fulham","www.acava.org","34156437","E09000013","College Park & Old Oak","E05013736",51.52846055,-0.243425,521947.0095,182522.9989,"Artists_workspaces"
"Ice House Court","Abby Road","Barking","","Barking and Dagenham","www.bowarts.org    www.artiststudiofinder.org   www.londonsartistquarter.org","10090633484","E09000002","Gascoigne","E05014061",51.53148797,0.075993916,544093.0124,183440.0033,"Artists_workspaces"
"Interrim Spaces, Church Street Studios","First Floor, 382-386 Edgware Road","","","Westminster","https://www.interimspaces.co.uk/projects","10033590236","E09000033","Church Street","E05013794",51.521896,-0.1723489,526895.2873,181913.741,"Artists_workspaces"
"JUNO ENTERPRISE CENTRE","Unit 14 and 17, Block C","Juno Way","","Lewisham","ceramicsstudio.coop","1.00E+11","E09000023","New Cross Gate","E05013728",51.48373076,-0.046154152,535763.0123,177896.0018,"Artists_workspaces"
"Kindred Studios","13 Market Lane","Sheperds Bush","","Hammersmith and Fulham","https://www.kindredstudios.co.uk/studios","34164567","E09000013","Shepherd's Bush Green","E05013748",51.503473,-0.22637003,523197.3699,179772.8501,"Artists_workspaces"
"L-13 Light Industrial Workshop","31 Eyre Street Hill","Clerkenwell","","Camden","https://l-13.org","5145678","E09000007","Holborn & Covent Garden","E05013662",51.52297272,-0.110741889,531166.0121,182142.0019,"Artists_workspaces"
"Ladywell Bridge","Vaults E1-E7","59 Ladywell Road","","Lewisham","http://www.v22collection.com","10023230358","E09000023","Ladywell","E05013725",51.45683463,-0.018399094,537771.014,174957.0029,"Artists_workspaces"
"Lakeside Centre (Bow Arts)","Southmere Lake Complex","2 Bazalgette Way","","Bexley","https://bowarts.org/studios/lakeside-centre-thamesmead","1.00E+11","E09000004","Thamesmead East","E05011232",51.501066,0.12406322,547525.0546,180152.8611,"Artists_workspaces"
"Lea Bridge Road","Enterprise Park Unit OH ","Lea Bridge Road","","Waltham Forest","www.arbeit.org.uk / www.arebyte.com","1.00E+11","E09000031","Lea Bridge","E05013895",51.56829694,-0.03476634,536301.0123,187321.0032,"Artists_workspaces"
"Leegate Studios","Leegate House","Burnt Ash Road","","Lewisham","www.bowarts.org    www.artiststudiofinder.org   www.londonsartistquarter.org","10093393751","E09000023","Lee Green","E05013726",51.45619315,0.011887677,539877.0121,174943.0026,"Artists_workspaces"
"Leven Road","40 Leven Road","Poplar","","Tower Hamlets","www.acme.org.uk","6652767","E09000030","Lansbury","E05009325",51.51697596,-0.00758686,538340.0103,181664.9988,"Artists_workspaces"
"Lewisham Arthouse ","140 Lewisham Way","","","Lewisham","http://www.lewishamarthouse.org.uk","1.00E+11","E09000023","Brockley","E05013716",51.47148298,-0.030608277,536879.0099,176563.0032,"Artists_workspaces"
"LEYTON GREEN STUDIOS E10","Market Parade, 778-782 High Rd ","Leyton","","Waltham Forest","https://www.arbeit.org.uk/market-parade-e10","1.00E+11","E09000031","Forest","E05013887",51.574137,-0.010022437,537998.0915,188016.7817,"Artists_workspaces"
"Leyton High Road Studios","452 High Road Leyton","","","Waltham Forest","https://bowarts.org/studios/leyton-high-road-studios","See notes","E09000031","Grove Green","E05013888",51.56433,-0.01068,537982.1908,186924.9782,"Artists_workspaces"
"Leyton Studios (Bow Arts)","452 High Road Leyton","","","Waltham Forest","https://bowarts.org/studios/leyton-high-road-studios","2.00E+11","E09000031","Grove Green","E05013888",51.564649,-0.010552129,537990.0883,186960.6928,"Artists_workspaces"
"Light Factory Studios","6 scrubs Lane","","","Brent","http://www.lightfactoryworkshops.co.uk","202040584","E09000005","Harlesden & Kensal Green","E05013501",51.53204976,-0.238701755,522265.0093,182929.999,"Artists_workspaces"
"Lighthouse Studios","73-75 & 89a Shacklewell Lane","","","Hackney","www.lighthousespace.co.uk","10008320328","E09000012","Shacklewell","E05009382",51.55274138,-0.071181865,533823.0123,185524.0021,"Artists_workspaces"
"Limehouse Studios","Towcester Rd","","","Tower Hamlets","www.acava.org","6086500","E09000030","Bromley South","E05009322",51.52132162,-0.011952243,538024.0081,182139.9915,"Artists_workspaces"
"Limehouse Town Hall","646 Commercial Rd","","","Tower Hamlets","www.limehousetownhall.co.uk/","10091898716","E09000030","Limehouse","E05009326",51.51210827,-0.031406437,536702.0118,181079.0022,"Artists_workspaces"
"Lloyd Park Artist Studios","Lloyd Park","Walthamstow","","Waltham Forest","https://www.walthamforest.gov.uk/content/lloyd-park","10009143619","E09000031","Chapel End","E05013884",51.59340583,-0.022032233,537108.0051,190136.9992,"Artists_workspaces"
"Lombard Rd","21c Lombard Rd","","","Merton","www.acava.org","48130102","E09000024","Abbey","E05013810",51.40966428,-0.189427848,526019.0137,169404.0033,"Artists_workspaces"
"London Performance Studios","Unit 30, Penarth Centre","Penarth St","","Southwark","https://www.londonperformancestudios.com/info","10009803448","E09000028","Old Kent Road","E05011109",51.48369637,-0.054898283,535156.0131,177876.0026,"Artists_workspaces"
"London Southwest Workshops","Culvert Court ","105 Culvert Road ","","Wandsworth","http://londonsouthwestworkshops.co.uk/","121052096","E09000032","Battersea Park","E05014010",51.47101893,-0.156330777,528149.0122,176284.0017,"Artists_workspaces"
"Louise House","Dartmouth Road","Forest Hill","","Lewisham","http://www.v22collection.com","10023226836","E09000023","Forest Hill","E05013722",51.43593313,-0.055863213,535230.0132,172563.0033,"Artists_workspaces"
"Mainyard Studios","90-94 Wallis Rd","","","Hackney","https://mainyardstudios.co.uk","10008337819","E09000012","Hackney Wick","E05009374",51.54439017,-0.022729636,537207.0119,184685.003,"Artists_workspaces"
"Mainyard Studios - 5 Argall Avenue","5 Argall Ave","","","Waltham Forest","https://mainyardstudios.co.uk","10024421362","E09000031","Lea Bridge","E05013895",51.57047233,-0.038482444,536037.0111,187556.0024,"Artists_workspaces"
"Makespace studios","Newnham Terrace","","","Lambeth","www.makespacestudios.com","10001114119","E09000022","Waterloo & South Bank","E05014118",51.49863391,-0.113261782,531061.0126,179431.0025,"Artists_workspaces"
"Manor House","Manor House Library","34 Old Road","","Lewisham","http://www.v22collection.com","10094268377","E09000023","Lee Green","E05013726",51.45731767,0.004509413,539361.0122,175054.0017,"Artists_workspaces"
"Martello","10 Martello Street","Hackney","","Hackney","www.spacestudios.org.uk","1.00E+11","E09000012","London Fields","E05009381",51.54106797,-0.058595104,534730.0103,184249.0085,"Artists_workspaces"
"Matchmakers Wharf","Homerton Road","Homerton","","Hackney","www.acme.org.uk","10008325827","E09000012","King's Park","E05009379",51.55170739,-0.031124787,536603.0107,185483.0024,"Artists_workspaces"
"Maxilla Walk","4 Maxilla Walk","","","Kensington and Chelsea","www.acava.org","217057292","E09000020","St. Helen's","E05009404",51.51629922,-0.215787564,523897.0126,181217.0022,"Artists_workspaces"
"Mill Co. – The Stables","Springfield House","London","","Hackney","https://millco.co.uk/buildings/the-stable-block/","10008287627","E09000012","Dalston","E05009370",51.546924,-0.072435166,533753.1581,184874.8053,"Artists_workspaces"
"Mitre Studios","4a Mitre Avenue","","","Waltham Forest","http://stolen-image.com/mitre.html","UPRN not found","E09000031","William Morris","E05013902",51.58806078,-0.021282421,537176.0052,189544.0003,"Artists_workspaces"
"Mother House Studios","Catford Mews","32 Winslade Way","SE6 4JU","Lewisham","https://www.motherhousestudios.com","No UPRN","E09000023","Rushey Green","E05013730",51.44625187,-0.020362314,537666.4238,173776.5201,"Artists_workspaces"
"Napier Works","57-63 Napier Rd","","","Newham","www.artcoreint.net","10008994852","E09000025","Wall End","E05013926",51.53075547,0.061946286,543121.0122,183331.0027,"Artists_workspaces"
"Netil House","Netil House","1 Westgate Street","","Hackney","eatworkart.com","1.00E+11","E09000012","London Fields","E05009381",51.53756412,-0.057705951,534802.0045,183861.0115,"Artists_workspaces"
"NEW CROSS SE14","182 New Cross Rd. ","New Cross","","Lewisham","https://www.arbeit.org.uk/new-cross-se14","1.00E+11","E09000023","Telegraph Hill","E05013732",51.474683,-0.047214837,535716.2185,176887.9351,"Artists_workspaces"
"New River Studios","199 Eade Road","","","Haringey","http://www.newriverstudios.com/","10003975439","E09000014","Hermitage & Gardens","E05013591",51.57495228,-0.088137877,532583.0127,187963.002,"Artists_workspaces"
"Norman Road Studios","Norman House","125 Greenwich High Rd","","Greenwich","www.acava.org","10010217066","E09000011","Greenwich Park","E05014081",51.4767242,-0.017176849,537796.0111,177171.0038,"Artists_workspaces"
"Northwest & NW10 Studios","Cadogen House","60 Hythe Road","","Hammersmith and Fulham","https://nwstudios.wordpress.com","34141600","E09000013","College Park & Old Oak","E05013736",51.52659825,-0.236173141,522455.012,182328.0015,"Artists_workspaces"
"Oaks Park","Croydon Lane","Carshalton","","Sutton","www.acme.org.uk","768018029","E09000029","Carshalton South & Clockhouse","E05013757",51.33383365,-0.174127333,527293.0125,160998.002,"Artists_workspaces"
"Occupation Studios","7-10 Occupation Road","London","","Southwark","","2.00E+11","E09000028","North Walworth","E05011107",51.4886017,-0.096793913,532233.0119,178345.0023,"Artists_workspaces"
"Old Diorama Arts Centre","201 Drummond Street","","","Camden","https://www.olddiorama.com/visit","No UPRN","E09000007","Regent's Park","E05013668",51.52592574,-0.140485645,529094.3214,182417.5378,"Artists_workspaces"
"Old Manor Park Library","835 Romford Road","Newham","","Newham","www.bowarts.org    www.artiststudiofinder.org   www.londonsartistquarter.org","10009001282","E09000025","Manor Park","E05013916",51.55312932,0.053754443,542483.0121,185803.0022,"Artists_workspaces"
"One and a Half","Ardleigh road","","","Hackney","http://www.one-and-a-half.com/index.php?/contact/","1.00E+11","E09000012","De Beauvoir","E05009371",51.543343,-0.082191332,533087.1611,184458.7728,"Artists_workspaces"
"Orsman Road","15 Orsman Road","Hoxton","","Hackney","www.acme.org.uk","10008242975","E09000012","Hoxton East & Shoreditch","E05009377",51.53614877,-0.078761295,533346.0109,183664.9985,"Artists_workspaces"
"Oxgate House","Oxgate lane","Brent Cross","","Brent","https://artistic-spaces.co.uk/oxgate-house","202231810","E09000005","Dollis Hill","E05013500",51.56777,-0.23124223,522686.2791,186914.6548,"Artists_workspaces"
"P1","Taylor Place, ","Payne Road, ","","Tower Hamlets","www.bowarts.org    www.artiststudiofinder.org   www.londonsartistquarter.org","6197813","E09000030","Bow East","E05009319",51.52999642,-0.015481409,537753.0089,183098.0004,"Artists_workspaces"
"Pavilion Studios","Pavilion Studios","Market Drive (off Alexandra Gardens)","","Hounslow","http://dukesmeadowstrust.org/studios/","10001273971","E09000018","Chiswick Homefields","E05013610",51.48079098,-0.256102401,521194.0123,177201.0073,"Artists_workspaces"
"Peabody Yard","Greenman Street","Islington","","Islington","www.spacestudios.org.uk","10023223942","E09000019","St Mary's & St James'","E05013710",51.53893654,-0.096395539,532115.0124,183942.9974,"Artists_workspaces"
"Pintle Place (Arbeit Studios)","6–14 Pintle Place","","","Tower Hamlets","https://www.arbeit.org.uk/hancock-rd-e3","No UPRN","E09000030","Bromley North","E05009321",51.52806273,-0.011319495,538047.5209,182890.8024,"Artists_workspaces"
"Pop Hub Leicester Square","Floors 1 & 2, 41 Whitcomb Street","","","Westminster","https://www.interimspaces.co.uk/pophub","10033572140","E09000033","St James's","E05013806",51.509447,-0.13099816,529799.2563,180601.8493,"Artists_workspaces"
"POPLAR E14","Baring House, Canton St","Poplar","","Tower Hamlets","https://www.arbeit.org.uk/poplar-e14","See notes","E09000030","Mile End","E05009327",51.51186,-0.02531,537125.7647,181062.7886,"Artists_workspaces"
"Praxis N16","First Floor","3-9 Belfast Rd","","Hackney","https://www.facebook.com/praxisn16artiststudios/","10008313250","E09000012","Cazenove","E05009368",51.56555751,-0.072371521,533703.0123,186947.0027,"Artists_workspaces"
"Proposition Studios","Floor 10, The London Studios","60-72 Upper Ground","London South Bank","Lambeth","https://propositionstudios.giftpro.co.uk/contact/","2.00E+11","E09000022","Waterloo & South Bank","E05014118",51.507732,-0.11151352,531156.2377,180445.8445,"Artists_workspaces"
"Pullens Yard","Iliffe Yard","","","Southwark","http://www.pullensyards.co.uk/","2.00E+11","E09000028","Newington","E05011105",51.48957529,-0.100268165,531989.0117,178447.0023,"Artists_workspaces"
"Pullens Yard","Clements Yard","","","Southwark","http://www.pullensyards.co.uk/","10093339549","E09000028","Newington","E05011105",51.48966933,-0.101632723,531894.0117,178455.0025,"Artists_workspaces"
"Pullens Yard","Peacock Yard","","","Southwark","http://www.pullensyards.co.uk/","2.00E+11","E09000028","Newington","E05011105",51.49061133,-0.100383562,531978.0114,178562.0031,"Artists_workspaces"
"Queensrolla House","18 Trading Estate Road","","","Ealing","http://queensrollahouse.com/","12181846","E09000009","North Acton","E05013527",51.52628079,-0.269213144,520164.0122,182238.0021,"Artists_workspaces"
"R.A.W Studios","Norton Quays,","Royal Albert Wharf","","Newham","www.bowarts.org    www.artiststudiofinder.org   www.londonsartistquarter.org","10012839984","E09000025","Royal Albert","E05013922",51.50636087,0.074924925,544098.106,180643.7897,"Artists_workspaces"
"Red Door Studios","Rear of 120 High Street South","120 High Street South","","Newham","https://www.throughthereddoor.org/get-in-touch/","10008987682","E09000025","East Ham South","E05013910",51.52640867,0.055983302,542721.0126,182836.0016,"Artists_workspaces"
"Redlees Studios","Reddlees Park, Worton Road","","","Hounslow","www.redlees.org","10091692695","E09000018","Isleworth","E05013625",51.46693812,-0.332369119,515933.4219,175537.2025,"Artists_workspaces"
"Regents House","17 Hythe Road","","","Hammersmith and Fulham","https://nwstudios.wordpress.com","34004522","E09000013","College Park & Old Oak","E05013736",51.52826456,-0.243547884,521939.0096,182500.9999,"Artists_workspaces"
"River Mills Studios (Bow Arts)","Commerical Unit 1","42 Abbey Road","Barking","Barking and Dagenham","https://bowarts.org/studios/riverside-mills-studios","10091589170","E09000002","Gascoigne","E05014061",51.532525,0.075725591,544071.1313,183554.7929,"Artists_workspaces"
"Robinson Road","15 Robinson Road","Bethnal Green","","Tower Hamlets","www.acme.org.uk","6169839","E09000030","St Peter's","E05009331",51.53237471,-0.052418128,535184.0714,183293.6855,"Artists_workspaces"
"Rollins Street","GUILD HOUSE FIRST FLOOR FRONT","ROLLINS STREET","","Lewisham","cellprojects.org","2.00E+11","E09000023","New Cross Gate","E05013728",51.48389554,-0.050107974,535488.0122,177907.0023,"Artists_workspaces"
"Rosetta Arts","1 Hamilton Rd","","","Newham","https://rosettaarts.org/","46034253","E09000025","Canning Town North","E05013906",51.524916,0.007076147,539333.0971,182575.7346,"Artists_workspaces"
"Rowse Close","1 and 3a Rowse Close","Stratford","","Newham","www.acme.org.uk","46250199","E09000025","Stratford","E05013924",51.5382833,-0.007261893,538298.0076,184034.9948,"Artists_workspaces"
"Sara Lane","60 Stanway Street","Hackney","","Hackney","www.spacestudios.org.uk","1.00E+11","E09000012","Hoxton East & Shoreditch","E05009377",51.53318399,-0.078929432,533343.0127,183334.9997,"Artists_workspaces"
"Sarabande Studios","22 Hertford Road","","","Hackney","www.sarabandefoundation.org","10008307498","E09000012","De Beauvoir","E05009371",51.53812812,-0.078822119,533336.0093,183884.9969,"Artists_workspaces"
"Second Floor Studios & Arts","Palace Arts Way","","","Brent","https://www.secondfloor.co.uk/studios/wembley-park","No UPRN","E09000005","Wembley Park","E05013516",51.55954185,-0.283276549,519101.6724,185913.7821,"Artists_workspaces"
"Second Floor Studios & Arts","Moulding Ln","Deptford","","Lewisham","https://www.secondfloor.co.uk/studios/deptford-foreshore","See notes","E09000023","Deptford","E05013719",51.48132,-0.03483,536556.4416,177648.9846,"Artists_workspaces"
"SET Dalston","27a Dalston Lane","Dalston","","Hackney","https://setspace.uk/studios","1.00E+11","E09000012","Dalston","E05009370",51.54641,-0.072875161,533724.1564,184816.8418,"Artists_workspaces"
"SET Lewisham","Unit 1 Lewisham Retail Park","Lewisham","","Lewisham","https://setspace.uk/studios","10093393951","E09000023","Lewisham Central","E05013727",51.464782,-0.015604344,537941.2244,175846.0024,"Artists_workspaces"
"SET New Cross","52 - 54 New Cross Road","New Cross","","Lewisham","https://setspace.uk/studios","1.00E+11","E09000023","Telegraph Hill","E05013732",51.47673,-0.050799584,535461.2179,177108.9223,"Artists_workspaces"
"SET North Greenwich","271-287 Tunnel Avenue","Greenwich","","Greenwich","https://setspace.uk/studios","10010240193","E09000011","Greenwich Peninsula","E05014082",51.498911,0.000674569,538968.1518,179671.8796,"Artists_workspaces"
"SET Wimbledon","1-3 Wellington Works","Wimbledon","","Merton","https://setspace.uk/studios","See notes","E09000024","Wimbledon Park","E05013828",51.43763,-0.19643,525455.5397,172501.795,"Artists_workspaces"
"SET Woolwich","Riverside House, Beresford Street","Woolwich","","Greenwich","https://setspace.uk/studios","10010227024","E09000011","Woolwich Arsenal","E05014092",51.49326,0.065700998,543499.1424,179168.8834,"Artists_workspaces"
"Shepherds Lane Studios","Ground Floor, 5-7 Shepherds Lane","Hackney","","Hackney","http://www.shepherdslanestudios.com/","See notes","E09000012","Homerton","E05009376",51.54794,-0.04629,535562.8701,185035.9002,"Artists_workspaces"
"Silver Building (Projekt)","60 Dock road","London","","Newham","http://thisisprojekt.com/silverbuilding","10008985422","E09000025","Royal Victoria","E05013923",51.504762,0.017112899,540091.1371,180353.824,"Artists_workspaces"
"Somerset House Studios","Somerset House","Strand","","Westminster","somersethouse.org.uk","10033582458","E09000033","St James's","E05013806",51.51102034,-0.117952415,530700.0119,180800.0022,"Artists_workspaces"
"Sonsoles Print Studio","Unit 11, Print Village","Chadwick Road","","Southwark","http://sonsolesprintstudio.co.uk/studio-facilities/","2.00E+11","E09000028","Rye Lane","E05011113",51.46813197,-0.074090545,533869.0108,176110.0016,"Artists_workspaces"
"Southlands Arts Centre","75, The Green","West Drayton","","Hillingdon","www.southlandsarts.co.uk","1.00E+11","E09000017","West Drayton","E05013581",51.50155042,-0.475855495,505887.0078,179169.0017,"Artists_workspaces"
"SPACE","Redbridge Town Hall","Oakfield Road, Illford","","Redbridge","www.spacestudios.org.uk/buildings/space-ilford-redbridge-town-hall-oakfield-road/","10094819396","E09000026","Ilford Town","E05011246",51.558472,0.074540907,543907.1609,186437.7799,"Artists_workspaces"
"SPACE","Aspire Point","Jupp Road West","","Newham","https://spacestudios.org.uk/buildings/aspire-point-e15 ","10093476523","E09000025","Stratford","E05013924",51.536776,-0.004428204,538499.0908,183872.7403,"Artists_workspaces"
"Staffordshire Street Studios","47 Staffordshire Street","","","Southwark","www.assemblypoint.xyz","10091667089","E09000028","Peckham","E05011110",51.4754813,-0.065486485,534445.0128,176943.0023,"Artists_workspaces"
"Standpoint London","45 Coronet Street","","","Hackney","http://www.standpointlondon.co.uk/","10091816467","E09000012","Hoxton East & Shoreditch","E05009377",51.5270715,-0.081825164,533160.0121,182650.0017,"Artists_workspaces"
"Stockwell Road - ASC Studios","3rd Floor","246 Stockwell Road","","Lambeth","www.ascstudios.co.uk","10091846274","E09000022","Brixton North","E05014096",51.46469069,-0.114647355,531062.0099,175654.0005,"Artists_workspaces"
"Stoke Newington","184 Church Street","Hackney","","Hackney","www.spacestudios.org.uk","207096173","E09000012","Clissold","E05009369",51.5616189,-0.082795826,532992.0122,186490.0029,"Artists_workspaces"
"Stoke Newington Library","184 Stoke Newington Church Street","","","Hackney","https://spacestudios.org.uk/buildings/stoke-newington-library/","1.00E+11","E09000012","Clissold","E05009369",51.561617,-0.082822041,532990.2008,186489.7439,"Artists_workspaces"
"Stratford Studios","375 High Street","Stratford","","Newham","www.bowarts.org    www.artiststudiofinder.org   www.londonsartistquarter.org","10012838724","E09000025","Stratford","E05013924",51.53885852,-0.000372685,538774.0118,184112.0018,"Artists_workspaces"
"Stratford Studios","Duncan House","Jupp Road","Stratford","Newham","https://www.stourstudios.co.uk/duncan-house","10094369425","E09000025","Stratford","E05013924",51.538021,-0.002513575,538628.0904,184014.8108,"Artists_workspaces"
"Streatham Hill","47 Streatham Hill, ","Streatham ","","Lambeth","www.ascstudios.co.uk","10000445647","E09000022","Streatham Hill East","E05014113",51.44056664,-0.124965017,530414.013,172953.0041,"Artists_workspaces"
"Stroud Green (Arbeit Studios)","778-782 High Rd Leyton","London","","Waltham Forest","https://www.arbeit.org.uk/stroud-green-n4","1.00E+11","E09000031","Forest","E05013887",51.574137,-0.010022437,537998.0915,188016.7817,"Artists_workspaces"
"Studio Manifold","Ermine Mews","Laburnum Street","","Hackney","http://www.studiomanifold.org/about/","10008324060","E09000012","Haggerston","E05009375",51.53613283,-0.075856685,533547.49,183668.5309,"Artists_workspaces"
"Studio Voltaire","1a Nelsons Row","","","Lambeth","www.studiovoltaire.org","1.00E+11","E09000022","Clapham East","E05014100",51.46197333,-0.134222761,529710.0113,175317.0023,"Artists_workspaces"
"Tannery Arts","Unit 8, Rich industrial Estate","46 Willow Walk","","Southwark","http://tanneryarts.org.uk/","10093340245","E09000028","London Bridge & West Bermondsey","E05011104",51.49426019,-0.079270584,533433.0132,179006.0024,"Artists_workspaces"
"Thamesmead Live/Work (Bow Arts)","Lakeside Centre","London","","Bexley","https://bowarts.org/studios/low-cost-accommodation","1.00E+11","E09000004","Thamesmead East","E05011232",51.501066,0.12406322,547525.0546,180152.8611,"Artists_workspaces"
"Thames-Side Studios","5 Harrington Way","Woolwich","","Greenwich","https://www.thames-sidestudios.co.uk/","10010229623","E09000011","Charlton Village & Riverside","E05014075",51.4943765,0.043965071,541986.903,179250.6729,"Artists_workspaces"
"The Arches Studios","Blenheim Court","48-50 Blenheim Grove ","","Southwark","www.the-arches-studios.com","2.00E+11","E09000028","Rye Lane","E05011113",51.46985233,-0.068791459,534232.0114,176311.0024,"Artists_workspaces"
"The Baths Stour Studios","80 Eastway","Hackney","","Hackney","https://www.stourstudios.co.uk/contact-us","1.00E+11","E09000012","Hackney Wick","E05009374",51.547164,-0.029516804,536728.098,184980.7706,"Artists_workspaces"
"The Bomb Factory","Unit 2 9-15 Elthorne Rd","","","Islington","www.bombfactory.org.uk/about","5300030670","E09000019","Junction","E05013707",51.56599723,-0.131179085,529626.0099,186889.9994,"Artists_workspaces"
"The Crow's Nest","3-5 Crowthorne Rd","","","Kensington and Chelsea","www.artcoreint.net","217022375","E09000020","St. Helen's","E05009404",51.51638109,-0.219992996,523605.0116,181219.0013,"Artists_workspaces"
"The Crypt, St John on Bethnal Green","The Crypt","200 Cambridge Heath Road","","Tower Hamlets","www.lumenstudios.co.uk","6135046","E09000030","Bethnal Green","E05009317",51.52758087,-0.054901582,535026.0108,182756.0089,"Artists_workspaces"
"The Fire Station","30 Gillender Street","Poplar","","Tower Hamlets","www.acme.org.uk","6083286","E09000030","Lansbury","E05009325",51.5196308,-0.009820501,538177.0074,181955.99,"Artists_workspaces"
"The Forge / Diesel House Studios","London Museum of Water and Steam","Green Dragon Lane","","Hounslow","http://www.madeatkewbridge.co.uk","1.00E+11","E09000018","Brentford East","E05013607",51.48905549,-0.290517573,518782.9155,178063.698,"Artists_workspaces"
"The Koppel Project Hive","26-30 Holborn Viaduct","","","City of London","www.thekoppelproject.com","2.00E+11","E09000001","Farringdon Within","E05009304",51.51718918,-0.105648316,531536.0114,181508.0029,"Artists_workspaces"
"The Koppel Project New Bond Street","125 New Bond Street","","","Westminster","https://thekoppelproject.com/studios/new-bond-street","1.00E+11","E09000033","West End","E05013808",51.512492,-0.14495386,528822.2678,180915.8213,"Artists_workspaces"
"The Lôft","The Old Stables","Catherine Wheel Road","","Hounslow","https://theloft.art/","10093258154","E09000018","Syon & Brentford Lock","E05013627",51.482612,-0.30616087,517713.4754,177321.9459,"Artists_workspaces"
"The Mill Co. Project","Mandarin Wharf, 70 De Beauvoir Crescent ","Haggerston","","Hackney","https://millco.co.uk/","10008317788","E09000012","De Beauvoir","E05009371",51.537058,-0.079499502,533292.161,183764.7603,"Artists_workspaces"
"The PLACe (Pottery Lane Art Centre)","95 Princedale Rd","Notting Hill Gate","","Kensington and Chelsea","https://www.the-place.uk/","No UPRN","E09000020","Notting Dale","E05009399",51.50978,-0.21154,524209.4412,180499.2439,"Artists_workspaces"
"The Rose Lipman Building ","43 De Beauvoir Road ","","","Hackney","www.themillcoproject.co.uk","10091900721","E09000012","De Beauvoir","E05009371",51.53896522,-0.081613285,533140.0108,183972.994,"Artists_workspaces"
"Three Waters Studios (Bow Arts)","20 Gillender St","","","Tower Hamlets","https://bowarts.org/studios/three-waters","No UPRN","E09000030","Lansbury","E05009325",51.52147698,-0.010008689,538158.3667,182160.9316,"Artists_workspaces"
"Timber Wharf -Block C","238-240 Kingsland Road","Hackney","","Hackney","www.spacestudios.org.uk","1.00E+11","E09000012","Haggerston","E05009375",51.53589392,-0.075841961,533549.2103,183641.9901,"Artists_workspaces"
"Toaster factory ","16-18 penarth street","","","Southwark","http://studiomakecreate.wixsite.com/thetoasterfactory","2.00E+11","E09000028","Old Kent Road","E05011109",51.4833284,-0.054942753,535154.0131,177835.0026,"Artists_workspaces"
"TRAFALGAR ROAD SE10","210-218 Trafalgar Rd","Greenwich","","Greenwich","https://www.arbeit.org.uk/new-cross-se14-1","1.00E+11","E09000011","East Greenwich","E05014076",51.485279,0.00640094,539407.2021,178166.8815,"Artists_workspaces"
"Triangle","129-131 Mare Street","Hackney","","Hackney","www.spacestudios.org.uk","1.00E+11","E09000012","London Fields","E05009381",51.53844286,-0.057553178,534810.0043,183959.0119,"Artists_workspaces"
"Trinity Art Studios","Studio 1","8 TRINITY BUOY WHARF","","Tower Hamlets","Trinitybuoywharf.com","6179235","E09000030","Blackwall & Cubitt Town","E05009318",51.50824807,0.00848912,539482.0112,180725.002,"Artists_workspaces"
"Trinity Buoy Wharf","64 Orchard Place","","","Tower Hamlets","www.trinitybuoywharf.com","10091954134","E09000030","Blackwall & Cubitt Town","E05009318",51.50844157,0.008742624,539499.0112,180747.0019,"Artists_workspaces"
"Trowbridge Centre E9 ","1 Trowbridge Road","Stratford","","Hackney","https://www.trowbridgegardens.com/studios","1.00E+11","E09000012","Hackney Wick","E05009374",51.544798,-0.028378723,536814.0972,184719.7926,"Artists_workspaces"
"Turf Projects","46/47 Trinity Court (Ground Floor),","Whitgift Shopping Centre,","","Croydon","www.turf-projects.com","2.00E+11","E09000008","Fairfield","E05011468",51.3763539,-0.099010414,532403.0126,165859.0001,"Artists_workspaces"
"Unit 10, Elizabeth Trading Estate","Juno Way","South Bermondsey","","Lewisham","www.artistic-spaces.co.uk","10093390732","E09000023","New Cross Gate","E05013728",51.48279792,-0.04468175,535868.0125,177795.0018,"Artists_workspaces"
"Usurp Art","140 Vaughan Road","","","Harrow","www.usurp.org.uk","1.00E+11","E09000015","West Harrow","E05013563",51.57904253,-0.349360673,514472.0103,187977.0058,"Artists_workspaces"
"V22 Hither Green","174-176 Hither Green Lane","Hither Green","","Lewisham","https://v22collection.com/v22-hither-green/","1.00E+11","E09000023","Hither Green","E05013724",51.451877,-0.007139608,538568.2128,174426.9298,"Artists_workspaces"
"V22 Orpington","Church Hill","Orpington","","Bromley","https://v22collection.com/v22-orpington-priory/","1.00E+11","E09000006","Orpington","E05014001",51.379099,0.10493216,546587.1777,166551.8876,"Artists_workspaces"
"V22 Stoke Newington","Unit 7, 3-9 Belfast Road","Stoke Newington","","Hackney","https://v22collection.com/stoke-newington/","1.00E+11","E09000012","Cazenove","E05009368",51.565884,-0.072123953,533719.2141,186983.762,"Artists_workspaces"
"V22 Sydenham Library","210 Sydenham Road","Sydenham","","Lewisham","https://v22collection.com/v22-sydenham-library-studios/","1.00E+11","E09000023","Sydenham","E05013731",51.426929,-0.040620444,536316.1995,171589.989,"Artists_workspaces"
"Vale Grove","Impress House","","","Ealing","www.acava.org","12155317","E09000009","Southfield","E05013540",51.50562536,-0.261336032,520765.0121,179954.0018,"Artists_workspaces"
"Valentines Mansion","Valentines Mansion","Emerson Road","","Redbridge","http://www.valentinesmansion.com","10034921528","E09000026","Valentines","E05011253",51.57210608,0.066377156,543298.4553,187937.8864,"Artists_workspaces"
"Victor House","282a Richmond Road","Hackney","","Hackney","www.spacestudios.org.uk","10008339866","E09000012","Hackney Central","E05009372",51.54387614,-0.059831322,534636.013,184559.0055,"Artists_workspaces"
"Vivid Studios","Florentia Clothing Village","Vale Road","","Haringey","https://vivid-studios.com/#!/welcome","10093589894","E09000014","Hermitage & Gardens","E05013591",51.576583,-0.088513583,532552.2412,188143.6628,"Artists_workspaces"
"Wandsworth Plain","7 - 9 Church Row","","","Wandsworth","www.acava.org","121007444","E09000032","Wandsworth Town","E05014028",51.45787306,-0.194574699,525529.0127,174756.0025,"Artists_workspaces"
"Warren House","Bromley High street ","","","Tower Hamlets","www.bowarts.org    www.artiststudiofinder.org   www.londonsartistquarter.org","6071681","E09000030","Bromley North","E05009321",51.52734413,-0.017110529,537648.0101,182800.0021,"Artists_workspaces"
"Warrior Studios","Arch 264"," 241 Coldharbour Lane","","Lambeth","http://www.warriorstudios.org/","2.00E+11","E09000022","Herne Hill & Loughborough Junction","E05014104",51.46498994,-0.102541588,531902.0119,175709.0013,"Artists_workspaces"
"Warton House","150 Stratford High Street","Stratford","","Newham","www.acme.org.uk","10093475501","E09000025","Stratford","E05013924",51.53466962,-0.006814132,538340.0084,183633.9965,"Artists_workspaces"
"West London Art Factory"," 153 Dukes Rd","","","Ealing","http://www.westlondonartfactory.com/about-us","12187273","E09000009","North Acton","E05013527",51.5238037,-0.28239624,519256.0124,181941.0017,"Artists_workspaces"
"Westland Place Studio","Westland Place Studio","3-11 Westland Place","","Hackney","http://www.westlandplacestudios.com/","1.00E+11","E09000012","Hoxton West","E05009378",51.528408,-0.090575307,532549.1915,182782.7329,"Artists_workspaces"
"Whirled Art","118 Stansted Road","","","Lewisham","http://www.whirledart.co.uk","10093391224","E09000023","Perry Vale","E05013729",51.44137819,-0.04639394,535872.0131,173186.0034,"Artists_workspaces"
"White Post Lane","49 White Post Lane Unit 4","Hackney Wick","","Tower Hamlets","www.arbeit.org.uk / www.arebyte.com","6077533","E09000030","Bow East","E05009319",51.5428834,-0.023501627,537158.0121,184516.0034,"Artists_workspaces"
"Whitefriars Avenue","Winsor & Newton Building","Whitefrairs Avenue","","Harrow","www.acava.org","1.00E+11","E09000015","Wealdstone North","E05013561",51.59858267,-0.340392831,515044.0115,190164.0023,"Artists_workspaces"
"Wimbledon Art Studios","10 Riverside Yard","Earlsfield","","Wandsworth","www.wimbledonartstudios.co.uk","10008158183","E09000032","Wandsworth Common","E05014027",51.43253345,-0.188293862,526035.0137,171949.0028,"Artists_workspaces"
"Wood Street Studios","Barrett Road","","","Waltham Forest","www.woodstreetwalls.co.uk","10093559731","E09000031","Wood Street","E05013903",51.58518778,-0.003507516,538416.0084,189258.0014,"Artists_workspaces"
"Omega Works","167 Hermitage Road","Finsbury Park","","Haringey","","","E09000014","Seven Sisters","E05013598",51.57603365,0.092332171,NA,NA,"Artists_workspaces"
"Streatham Space Project ","Sternhold Ave","","SW2 4PA","Lambeth","","10093376788","E09000022","Streatham Hill West & Thornton","E05014114",51.43878494,-0.1276554,530232.1028,172750.0938,"Arts_centres"
"QUEERCIRCLE","Building 4, Design District,"," 3 Barton Yard","SE10 0BN","Greenwich","",NA,"E09000011","Greenwich Peninsula","E05014082",51.49936,0.00572,539316.9724,179731.3931,"Arts_centres"
"Arts Depot ","5 Nether St","North Finchley","N12 0GA","Barnet","https://www.artsdepot.co.uk/","200196017","E09000003","West Finchley","E05013648",51.61281644,-0.176699509,526341.354,192016.8907,"Arts_centres"
"Battersea Arts Centre ","Lavender Hill","","SW11 5TN","Wandsworth","https://www.bac.org.uk/","121015942","E09000032","Shaftesbury & Queenstown","E05014019",51.46516318,-0.160813767,527854.012,175625.0023,"Arts_centres"
"Bernie Grant Arts Centre ","Town Hall Approach Rd ","Tottenham Green","N15 4RX","Haringey","https://www.berniegrantcentre.co.uk/","10003985252","E09000014","Tottenham Central","E05013601",51.58747503,-0.073075943,533590.0122,189383.0024,"Arts_centres"
"Chats Palace ","42-44 Brooksby's Walk","","E9 6D","Hackney","https://chatspalace.com/","1.00023e+11","E09000012","King's Park","E05009379",51.55026393,-0.042683326,535806.0078,185301.0029,"Arts_centres"
"Dugdale  ","39 London Road","Enfield","EN2 6DS","Enfield","https://www.dugdalecentre.co.uk/","207007119","E09000010","Town","E05013693",51.65031766,-0.081118167,532849.2911,196356.6622,"Arts_centres"
"Harrow Arts Centre ","171 Uxbridge Road","Hatch End","HA5 4EA","Harrow","https://harrowarts.com/","2e+11","E09000015","Hatch End","E05013549",51.60848854,-0.363803161,513398.0118,191229.0015,"Arts_centres"
"ICA","The Mall","St. James's","SW1Y 5AH","Westminster","http://www.osoarts.org.uk/","10033601867","E09000033","St James's","E05013806",51.50671003,-0.130148252,529866.0123,180299.0017,"Arts_centres"
"Irish Cultural Centre ","5 Black's Rd","Hammersmith","W6 9DT","Hammersmith and Fulham","https://irishculturalcentre.co.uk/","34156699","E09000013","Hammersmith Broadway","E05013741",51.49231323,-0.225584711,523281.9719,178533.1811,"Arts_centres"
"Jacksons Lane ","269A Archway Rd","Highgate","N6 5AA","Haringey","https://www.jacksonslane.org.uk/","1.00023e+11","E09000014","Highgate","E05013592",51.57668107,-0.145404162,528610.0108,188053.0012,"Arts_centres"
"JW3","341-351 Finchley Rd","","NW3 6ET","Camden","https://www.jw3.org.uk/","5063874","E09000007","West Hampstead","E05013671",51.5509403,-0.184819282,525950.0121,185122.0028,"Arts_centres"
"OSO Arts Centre","49 Station Rd","","SW13 0LF","Richmond upon Thames","http://www.osoarts.org.uk/","2.00003e+11","E09000027","Mortlake & Barnes Common","E05013783",51.47230095,-0.246625659,521874.6316,176272.6005,"Arts_centres"
"Redbridge Drama Centre ","Churchfields","South Woodford ","E18 2RB","Redbridge","https://redbridgedramacentre.co.uk/RedbridgeDramaCentre.dll/Home","1.00023e+11","E09000026","Churchfields","E05011238",51.5984529,0.022659873,540188.014,190783.0052,"Arts_centres"
"Rich Mix ","35-47 Bethnal Green Rd","","E1 6LA","Tower Hamlets","https://www.richmix.org.uk/","6150258","E09000030","Weavers","E05009335",51.52435934,-0.073275203,533761.0116,182364.0029,"Arts_centres"
"Riverside Studios ","19 Crisp Rd"," Hammersmith","W6 9RL","Hammersmith and Fulham","https://www.riversidestudios.co.uk/","34157767","E09000013","Hammersmith Broadway","E05013741",51.48890897,-0.228255397,523105.7458,178150.1306,"Arts_centres"
"Southbank Centre ","Belvedere Road","","SE1 8XX","Lambeth","https://www.southbankcentre.co.uk/","2e+11","E09000022","Waterloo & South Bank","E05014118",51.50576807,-0.116800006,530795.0121,180218.0025,"Arts_centres"
"The Tabernacle","35 Powis Square","off Portobello Road","W11 2AY","Kensington and Chelsea","https://www.tabernaclew11.com/","217070132","E09000020","Colville","E05009392",51.51696816,-0.201881407,524860.0126,181315.0026,"Arts_centres"
"The Albany ","Douglas Way","","SE8 4AG","Lewisham","https://www.thealbany.org.uk/","1.00024e+11","E09000023","Deptford","E05013719",51.4778771,-0.027409247,537082.0081,177280.0036,"Arts_centres"
"The Arts Centre Houndslow ","Â First Floor"," Treaty Centre","TW3 1ES","Hounslow","http://www.hounslowartscentre.co.uk/","10091692850","E09000018","Hounslow Central","E05013620",51.46813353,-0.363025347,513801.1545,175622.0945,"Arts_centres"
"The Barbican ","Silk St","","EC2Y 8DS","City of London","https://www.barbican.org.uk/","2e+11","E09000001","Cripplegate","E05009302",51.51996071,-0.094102589,532329.0126,181836.998,"Arts_centres"
"The Landmark Arts Centre ","Landmark Arts Centre ","Ferry Road ","TW11 9NN","Richmond upon Thames","http://www.landmarkartscentre.org/","10024344794","E09000027","Teddington","E05013788",51.4280867,-0.324626903,516570.014,171229.002,"Arts_centres"
"The Library at Willesdon Green","95 High Road","Willesden ","NW10 2SF","Brent","https://www.brent.gov.uk/your-council/the-library-at-willesden-green/","202149110","E09000005","Willesden Green","E05013517",51.5466504,-0.228921501,522904.0119,184570.0027,"Arts_centres"
"Watermans Arts Centre","40 High St","Brentford ","TW8 0DS","Hounslow","https://www.watermans.org.uk/","1.00023e+11","E09000018","Brentford East","E05013607",51.48576836,-0.298042371,518269.0142,177685.9997,"Arts_centres"
"Poplar Union ","2 Cotall St","Poplar","E14 6TL","Tower Hamlets","https://poplarunion.com/ ","6194894","E09000030","Lansbury","E05009325",51.51559973,-0.02298261,537276.0118,181483.0011,"Arts_centres"
"Fairfield Halls ","Park Ln","","CR9 1DG","Croydon","https://fairfield.co.uk/","1.00023e+11","E09000008","Fairfield","E05011468",51.37252439,-0.095778074,532639.0121,165439.0017,"Arts_centres"
"Arthouse Crouch End","","159A Tottenham Lane","N8 9BT","Haringey","","1.00023e+11","E09000014","Crouch End","E05013588",51.581831,-0.11999002,530356.2304,188670.6629,"Cinemas"
"Barbican Centre","","Silk Street","EC2Y 8DS","City of London","","2e+11","E09000001","Cripplegate","E05009302",51.519959,-0.09412869,532327.2069,181836.7606,"Cinemas"
"BFI IMAX ","1 Charlie Chaplin Walk","Lambeth ","SE1 8XR","Lambeth","","2e+11","E09000022","Waterloo & South Bank","E05014118",51.504816,-0.11365137,531016.2464,180117.7581,"Cinemas"
"BFI Southbank","","Belvedere Road","SE1 8XT","Lambeth","","2e+11","E09000022","Waterloo & South Bank","E05014118",51.50694,-0.11597015,530849.2448,180349.8039,"Cinemas"
"Cineworld Illford","","Clements Rd","IG1 1BP","Redbridge","","10034911858","E09000026","Ilford Town","E05011246",51.55762,0.0743,543893.1485,186342.5624,"Cinemas"
"Cineworld South Ruislip ","","The Old Dairy","HA4 0EU","Hillingdon","","10092984334","E09000017","South Ruislip","E05013579",51.55907,-0.40009244,511005.5725,185677.8219,"Cinemas"
"Cineworld Wood Green","The Mall Wood Green","High Rd","N22 6LU","Haringey","","10003977027","E09000014","Noel Park","E05013595",51.59436,-0.10807,531146.0422,190085.2624,"Cinemas"
"Cineworld Leicester Square ","5-6 Leicester Square","","WC2H 7NA","Westminster","","10091946844","E09000033","St James's","E05013806",51.51081,-0.13046,529832.7259,180754.37,"Cinemas"
"Clapham Picturehouse","","76 Venn Street","SW4 0AT","Lambeth","","1.00023e+11","E09000022","Clapham Town","E05014102",51.46254,-0.13825614,529428.2391,175372.8872,"Cinemas"
"Close-Up Film Centre","","97 Sclater Street","E1 6HR","Tower Hamlets","","6002778","E09000030","Weavers","E05009335",51.523609,-0.07207926,533846.1707,182282.7513,"Cinemas"
"Covent Garden Hotel","","10 Monmouth Street","WC2H 9HB","Camden","","5046977","E09000007","Holborn & Covent Garden","E05013662",51.514546,-0.12708544,530056.2453,181175.8034,"Cinemas"
"Crouch End Picturehouse","","165 Tottenham Lane","N8 9BY","Haringey","","1.00023e+11","E09000014","Crouch End","E05013588",51.581401,-0.1206717,530310.2302,188621.6299,"Cinemas"
"Curzon Aldgate ","","2 Canter Way","E1 8PS","Tower Hamlets","","6701865","E09000030","Whitechapel","E05009336",51.513817,-0.06883201,534100.1793,181199.8147,"Cinemas"
"Curzon Bloomsbury","","The Brunswick Centre","WC1N 1AW","Camden","","5066588","E09000007","Bloomsbury","E05013653",51.52415,-0.12317399,530300.231,182250.7278,"Cinemas"
"Curzon Chelsea","","206 King's Road","SW3 5XP","Kensington and Chelsea","","217047105","E09000020","Stanley","E05009405",51.48813,-0.16738,527334.0524,178167.5305,"Cinemas"
"Curzon Goldsmiths","Goldsmiths University of London","Richard Hoggart Building","SE14 6NW","Lewisham","","1.00023e+11","E09000023","Brockley","E05013716",51.474144,-0.03540115,536538.2103,176849.958,"Cinemas"
"Curzon Mayfair","","38 Curzon Street","W1J 7TY","Westminster","","1.00023e+11","E09000033","West End","E05013808",51.506562,-0.14813432,528618.281,180250.8092,"Cinemas"
"Curzon Mondrian London","","20 Upper Ground","SE1 9PD","Southwark","","10091666184","E09000028","Borough & Bankside","E05011095",51.508441,-0.10697369,531469.2323,180532.8228,"Cinemas"
"Curzon Richmond","","Water Lane","TW9 1TJ","Richmond upon Thames","","1.00023e+11","E09000027","South Richmond","E05013786",51.459287,-0.30685176,517725.4379,174727.0374,"Cinemas"
"Curzon Soho","","99 Shaftesbury Avenue","W1D 5DY","Westminster","","10091855706","E09000033","West End","E05013808",51.5127,-0.13058,529819.0278,180964.3274,"Cinemas"
"Curzon Victoria","","58 Victoria Street","SW1E 6QW","Westminster","","10033621426","E09000033","St James's","E05013806",51.497714,-0.13683759,529427.2821,179286.7968,"Cinemas"
"East Dulwich Picturehouse & Cafe","","116a Lordship Lane","SE22 8HD","Southwark","","10091663747","E09000028","Goose Green","E05011103",51.456441,-0.07633579,533747.2151,174805.8735,"Cinemas"
"Electric Cinema Portobello","","191 Portobello Road","W11 2ED","Kensington and Chelsea","","217069435","E09000020","Colville","E05009392",51.515523,-0.20509019,524641.33,181148.833,"Cinemas"
"Empire Cinema Haymarket ","","63-65 Haymarket","SW1Y 4RL","Westminster","","10033536286","E09000033","St James's","E05013806",51.508757,-0.13230892,529710.2605,180522.7988,"Cinemas"
"Everyman Baker Street","","96-98 Baker St","W1U 6TJ","Westminster","","10033604376","E09000033","Marylebone","E05013801",51.52051,-0.15652,527997.2604,181787.1581,"Cinemas"
"Everyman Belsize Park","","203 Haverstock Hill","NW3 4QG
","Camden","","5050403","E09000007","Belsize","E05013652",51.550718,-0.16607356,527250.2434,185129.6942,"Cinemas"
"Everyman Canary Wharf","","Crossrail Place Level -2","E14 5AR","Tower Hamlets","","6198197","E09000030","Canary Wharf","E05009323",51.506132,-0.01784306,537661.1331,180439.8587,"Cinemas"
"Everyman Hampstead","","5 Hollybush Vale","NW3 6TX","Camden","","5090728","E09000007","Frognal","E05013657",51.556441,-0.17902839,526336.2598,185743.6774,"Cinemas"
"Everyman Kings Cross","","14-18 Handyside Street","N1C 4BP ","Camden","","5172384","E09000007","King's Cross","E05013666",51.537446,-0.12738561,529970.2193,183721.7712,"Cinemas"
"Everyman Maida Vale","","215 Sutherland Ave","W9 1RU","Westminster","","1.00024e+11","E09000033","Little Venice","E05013799",51.527986,-0.18174976,526226.2889,182574.7163,"Cinemas"
"Everyman Muswell Hill","","Fortis Green Rd","N10 3HP","Haringey","","1.00023e+11","E09000014","Muswell Hill","E05013594",51.589604,-0.14621733,528517.2377,189488.6621,"Cinemas"
"Everyman Screen on the Green","","83 Upper Street","N1 0NP ","Islington","","5300094504","E09000019","St Mary's & St James'","E05013710",51.536886,-0.10374609,531611.1967,183701.7268,"Cinemas"
"Gate Picturehouse","","87 Notting Hill Gate","W11 3JZ","Kensington and Chelsea","","10091855182","E09000020","Campden","E05009390",51.508739,-0.19727249,525202.3338,180407.7697,"Cinemas"
"Genesis Cinema","","93-95 Mile End Road","E1 4UJ ","Tower Hamlets","","6033507","E09000030","Bethnal Green","E05009317",51.521466,-0.0512395,535298.1445,182082.7719,"Cinemas"
"Greenwich Picturehouse","","180 Greenwhich Rd","SE10 8NN","Greenwich","","2.00001e+11","E09000011","Greenwich Park","E05014081",51.479438,-0.00969721,538307.1965,177486.8696,"Cinemas"
"Hackney Picturehouse","","270 Mare Street","E8 1HE","Hackney","","1.00023e+11","E09000012","Homerton","E05009376",51.544856,-0.05501405,534967.138,184676.8452,"Cinemas"
"Ham Yard Hotel","","1 Ham Yard","W1D 7DT","Westminster","","10033623171","E09000033","West End","E05013808",51.511159,-0.1346174,529543.2586,180785.8188,"Cinemas"
"ICA","","The Mall","SW1Y 5AH","Westminster","","1.00023e+11","E09000033","St James's","E05013806",51.506409,-0.13112246,529799.2622,180263.8003,"Cinemas"
"Imperial College Union Cinema","Imperial College","Beit Quad","SW7 2BB","Westminster","","10033585054","E09000033","Knightsbridge & Belgravia","E05013797",51.50039,-0.17819,526549.6385,179512.1328,"Cinemas"
"JW3","","341-351 Finchley Road","NW3 6ET","Camden","","5164899","E09000007","West Hampstead","E05013671",51.550911,-0.18481686,525950.2608,185118.7487,"Cinemas"
"Kino Bermondsey","","10 Bermondsey Square","SE1 3UN","Southwark","","10013529054","E09000028","London Bridge & West Bermondsey","E05011104",51.497693,-0.08085215,533313.2183,179384.8506,"Cinemas"
"Odeon Beckenham","","The High Street","BR3 1DY","Bromley","","10003626016","E09000006","Beckenham Town & Copers Cope","E05013987",51.407108,-0.03140273,537016.1731,169403.086,"Cinemas"
"Odeon Camden Town ","","14 The Parkway ","NW1 7AA","Camden","","5025285","E09000007","Camden Town","E05013655",51.53916,-0.14414366,528803.2333,183882.7628,"Cinemas"
"Odeon Covent Garden","","135 Shaftesbury Avenue","WC2H 8AH ","Camden","","5083631","E09000007","Holborn & Covent Garden","E05013662",51.514322,-0.12826203,529975.2471,181148.8059,"Cinemas"
"Odeon Greenwich","","Bugsby Way","SE10 0QJ","Greenwich","","10010223864","E09000011","Greenwich Peninsula","E05014082",51.490575,0.01274125,539831.1928,178767.8745,"Cinemas"
"Odeon Holloway","419-427 Holloway Rd ","","N7 6LJ","Islington","","5300048412","E09000019","Tufnell Park","E05013713",51.558717,-0.12147714,530319.1973,186097.6409,"Cinemas"
"Odeon Kingston","","Clarence Street","KT1 1QP","Kingston upon Thames","","128004717","E09000021","Kingston Town","E05013938",51.411953,-0.299556,518354.4867,169475.0199,"Cinemas"
"Odeon Lee Valley","","Picketts Lock Lane","N9 0AS","Enfield","","207190597","E09000010","Jubilee","E05013684",51.633191,-0.03726405,535934.2277,194532.8394,"Cinemas"
"Odeon Luxe Haymarket","","11-18 Panton Street","SW1Y 4DP","Westminster","","1.00023e+11","E09000033","St James's","E05013806",51.509514,-0.13126921,529780.2576,180608.8195,"Cinemas"
"Odeon Putney","","26 Putney High Street","SW15 1SN","Wandsworth","","1.00023e+11","E09000032","Thamesfield","E05014022",51.465174,-0.21394813,524163.3597,175534.8951,"Cinemas"
"Odeon Richmond","","72 Hill Street ","TW9 1RW","Richmond upon Thames","","10002264393","E09000027","South Richmond","E05013786",51.459412,-0.30558038,517813.4375,174742.98,"Cinemas"
"Odeon South Woodford","","60-64 High Road","E18 2QL","Redbridge","","10034922603","E09000026","South Woodford","E05011252",51.594558,0.02316798,540235.1912,190350.858,"Cinemas"
"Odeon Streatham","","47-49 High Road","SW16 1PW","Lambeth","","2e+11","E09000022","Streatham Wells","E05014116",51.43209,-0.128057,530223.2081,172004.8961,"Cinemas"
"Odeon Surrey Quays","","Surrey Quays Shopping Centre","SE16 7LL","Southwark","","10009803337","E09000028","Surrey Docks","E05011117",51.49605,-0.04486,535816.2527,179268.2906,"Cinemas"
"Odeon Swiss Cottage","","96 Finchley Road","NW3 5EL","Camden","","5039447","E09000007","Primrose Hill","E05013667",51.542451,-0.17451068,526688.2583,184195.7556,"Cinemas"
"Odeon Tottenham Court Road","","30 Tottenham Court Road","W1T 1BX","Camden","","5045114","E09000007","Bloomsbury","E05013653",51.518219,-0.13245516,529673.2477,181574.7247,"Cinemas"
"Odeon Uxbridge","","302 The Chimes Shopping Centre","UB8 1GD","Hillingdon","","10003003209","E09000017","Uxbridge","E05013580",51.54505,-0.47561,505803.2335,184006.8243,"Cinemas"
"Odeon Wimbledon","","39 The Broadway","SW19 1QB","Merton","","48105080","E09000024","Wimbledon Town & Dundonald","E05013829",51.419983,-0.20489463,524915.3008,170525.0023,"Cinemas"
"Olympic Cinema","","117-123 Church Road","SW13 9HL ","Richmond upon Thames","","10070710572","E09000027","Barnes","E05013774",51.475211,-0.24078632,522272.3954,176605.9232,"Cinemas"
"Peckhamplex","","95a Rye Lane","SE15 4ST","Southwark","","2.00003e+11","E09000028","Rye Lane","E05011113",51.470741,-0.06823258,534268.2199,176410.8463,"Cinemas"
"Phoenix (East Finchley)","","52 High Road","N2 9PJ","Barnet","","200061366","E09000003","East Finchley","E05013636",51.588503,-0.16368621,527310.255,189335.6952,"Cinemas"
"Picturehouse Central","","20-24 Shaftesbury Avenue","W1D 7DH","Westminster","","1.00023e+11","E09000033","St James's","E05013806",51.510872,-0.13357707,529616.2598,180755.7444,"Cinemas"
"Prince Charles Cinema","","7 Leicester Place","WC2H 7BY","Westminster","","10033537357","E09000033","St James's","E05013806",51.51144,-0.13019,529849.6701,180824.9053,"Cinemas"
"Regent Street Cinema","","309 Regent Street","W1U 2UW","Westminster","","10033542315","E09000033","West End","E05013808",51.516792,-0.14336665,528920.2611,181396.7795,"Cinemas"
"Rich Mix","","35-47 Bethnal Green Road","E1 6LA","Tower Hamlets","","6150258","E09000030","Weavers","E05009335",51.524358,-0.07330181,533759.1699,182363.8052,"Cinemas"
"Rio Cinema","","107 Kingsland High Street","E8 2PB","Hackney","","1.00023e+11","E09000012","Dalston","E05009370",51.549631,-0.07572474,533517.1645,185169.8157,"Cinemas"
"Ritzy Picturehouse","","Brixton Oval","SW2 1JG","Lambeth","","1.00024e+11","E09000022","Brixton Windrush","E05014098",51.461272,-0.11464124,531072.2204,175273.8537,"Cinemas"
"Riverside Studios","","65 Aspenlea Rd","W6 8LH","Hammersmith and Fulham","","34158197","E09000013","Fulham Reach","E05013738",51.48589,-0.2178631,523835.3848,177831.9244,"Cinemas"
"Sands Films Studio","","42 Newighton Causeway","SE1 6DR","Southwark","","10025575039","E09000028","Borough & Bankside","E05011095",51.498617,-0.09782861,532132.235,179456.8433,"Cinemas"
"Soho Hotel","","4 Richmond Mews","W1D 3DH","Westminster","","10033525382","E09000033","West End","E05013808",51.513931,-0.13365382,529602.2547,181095.7728,"Cinemas"
"Stratford East Picturehouse","","Gerry Raffell Square","E15 1BX","Newham","","10008985556","E09000025","Stratford","E05013924",51.543051,0.00148522,538890.0962,184581.7367,"Cinemas"
"The Castle Cinema","","First Floor, 64-66 Brooksby's Walk","E9 6DA","Hackney","","1.00024e+11","E09000012","King's Park","E05009379",51.55129,-0.04329,535760.8983,185413.9792,"Cinemas"
"The Lexi Cinema","","194b Chamberlyne Road","NW10 3JU ","Brent","","202195465","E09000005","Brondesbury Park","E05013498",51.537587,-0.22262169,523365.3137,183572.7204,"Cinemas"
"Kiln Cinema (formerly Tricycle)","","269 Kilburn High Road","NW6 7JR","Brent","","202124574","E09000005","Kilburn","E05013503",51.542973,-0.20015978,524908.2834,184209.7374,"Cinemas"
"Vue Cinema Fulham Broadway","Fulham Broadway Retail Centre","Fulham Rd","SW6 1BW","Hammersmith and Fulham","","34131058","E09000013","Walham Green","E05013749",51.480416,-0.19451553,525471.3454,177262.9113,"Cinemas"
"Vue Croydon","","14 High St","CR0 1GT","Croydon","","10001004802","E09000008","Fairfield","E05011468",51.372997,-0.10108585,532268.2384,165481.9736,"Cinemas"
"Vue Croydon Purley Way","Valley Park Leisure Complex","21 Hesterman Way","CR0 4YA","Croydon","","1.00023e+11","E09000008","Broad Green","E05011465",51.378123,-0.12452606,530622.2462,166010.0312,"Cinemas"
"Vue Dagenham","Dagenham Leisure Park","Cook Road","RM9 6UQ","Barking and Dagenham","","10091589789","E09000002","Goresbrook","E05014062",51.532095,0.13575897,548236.0909,183626.8347,"Cinemas"
"Vue Finchley Road","02 Centre","255 Finchley Rd","NW3 6LU","Camden","","5125686","E09000007","West Hampstead","E05013671",51.547944,-0.18141572,526194.2602,184794.6662,"Cinemas"
"Vue Harrow","","St Anns Road","HA1 1HS","Harrow","","2e+11","E09000015","Greenhill","E05013546",51.58156,-0.33896,515186.2761,188273.2824,"Cinemas"
"Vue Islington 




","Angel Central ","Central Shopping Mall ","N1 0PS
","Islington","","10001296728","E09000019","St Mary's & St James'","E05013710",51.534165,-0.10622383,531447.204,183394.695,"Cinemas"
"Vue West End Leicester Square","","Leicester Square","WC2H 7A","Westminster","","1.00023e+11","E09000033","St James's","E05013806",51.511519,-0.12955866,529893.2529,180834.8095,"Cinemas"
"Vue  Finchley North","Great North Leisure Park","Chaplin Square","N12 0GL","Barnet","","200217093","E09000003","Woodhouse","E05013651",51.603832,-0.17332068,526600.2497,191023.6145,"Cinemas"
"Vue Piccadilly","","19 Lower Regent Street","SW1Y 4LR","Westminster","","10033542264","E09000033","St James's","E05013806",51.508945,-0.13449168,529558.261,180539.8419,"Cinemas"
"Vue Romford","","1-15 Waterloo Rd","RM1 1AU","Havering","","2.00003e+11","E09000016","St Edward's","E05013983",51.574896,0.18005111,551166.1335,188476.7468,"Cinemas"
"Vue Westfield 
","Westfield London Shopping Centre ","Ariel Way ","W12 7GF","Hammersmith and Fulham","","34141269","E09000013","Shepherd's Bush Green","E05013748",51.507597,-0.22142571,523529.3605,180239.7737,"Cinemas"
"Vue Westfield Stratford","2 Stratford Place","Westfield Stratford City ","E15 1AA","Newham","","10090326480","E09000025","Stratford Olympic Park","E05013925",51.54366,-0.00649,538335.2415,184634.3481,"Cinemas"
"Vue Wood Green","Hollywood Green ","180 High Road ","N22 6EJ","Haringey","","10003971546","E09000014","Noel Park","E05013595",51.59701,-0.1089,531080.9342,190378.4656,"Cinemas"
"Watermans Art Centre","","40 High St","TW8 0DS","Hounslow","","1.00023e+11","E09000018","Brentford East","E05013607",51.485768,-0.29806462,518267.4705,177685.9238,"Cinemas"
"Empire Cinemas Walthamstow","Leicester Square","3 Cranbourn St","WC2H 7AL","Westminster","","1.00023e+11","E09000033","St James's","E05013806",51.511519,-0.12955866,529893.2529,180834.8095,"Cinemas"
"Cinema Museum","142 Fulham Road","","SW10 9QR","Kensington and Chelsea","","217101389","E09000020","Redcliffe","E05009402",51.487152,-0.17942804,526500.3386,178037.9089,"Cinemas"
"Curzon Wimbledon (HMV) ","Second Floor","23 The Broadway","SW19 1RE","Merton","",NA,"E09000024","Wimbledon Town & Dundonald","E05013829",51.42033,-0.20554,524869.4852,170562.49,"Cinemas"
"Vue Bromley ","","","","Bromley","",NA,"E09000006","Bromley Town","E05013991",51.39974,0.01486,540256.149,168671.1582,"Cinemas"
"TT Cinema","","","","Hackney","",NA,"E09000012","Hoxton East & Shoreditch","E05009377",51.52867,-0.07807,533415.8112,182834.5991,"Cinemas"
"Everyman Kings Cross on the Corner","Plimsoll Building 
","1 Handyside Street 
","N1C 4BP","Camden","",NA,"E09000007","King's Cross","E05013666",51.53766,-0.12697,529998.4318,183746.3059,"Cinemas"
"Cineworld Hounslow ","5A Smithy Ln","","TW3 1EY","Hounslow","",NA,"E09000018","Hounslow Central","E05013620",51.46967,-0.36209,513862.2991,175794.4106,"Cinemas"
"Curzon Hoxton ","","55 Pitfield St","N1 6BU","Hackney","",NA,"E09000012","Hoxton West","E05009378",51.52889,-0.08375,533021.2001,182848.7201,"Cinemas"
"Curzon Camden","","","","Camden","",NA,"E09000007","Camden Town","E05013655",51.54224,-0.14348,528840.5603,184226.4303,"Cinemas"
"Electric Cinema White City","","","","Hammersmith and Fulham","",NA,"E09000013","White City","E05013752",51.51069,-0.22546,523241.0572,180576.9272,"Cinemas"
"Everyman Borough Yards","","","","Southwark","",NA,"E09000028","Borough & Bankside","E05011095",51.50552,-0.09223,532500.8024,180234.5703,"Cinemas"
"Everyman Broadgate    ","","","","City of London","",NA,"E09000001","Bishopsgate","E05009292",51.51936,-0.08417,533019.8297,181788.2061,"Cinemas"
"Everyman Barnet","","","","Barnet","",NA,"E09000003","Barnet Vale","E05013628",51.64651,-0.18771,525486.0897,195744.8688,"Cinemas"
"Everyman Chelsea ","","","","Kensington and Chelsea","",NA,"E09000020","Chelsea Riverside","E05009391",51.48541,-0.17337,526925.752,177854.6702,"Cinemas"
"Everyman Crystal Palace  ","","","","Bromley","",NA,"E09000006","Crystal Palace & Anerley","E05013995",51.4191,-0.07908,533665.4365,170648.5862,"Cinemas"
"Vue Eltham","","","","Greenwich","",NA,"E09000011","Eltham Town & Avery Hill","E05014079",51.4506,0.05675,543011.0935,174407.6096,"Cinemas"
"West Norwood Library And Picturehouse","1-7 Norwood High St","West Norwood","SE27 9JU","Lambeth","","10000446790","E09000022","West Dulwich","E05014119",51.433204,-0.103324,531939.1825,172173.014,"Cinemas"
"Fulham Road Picturehouse","","","","Kensington and Chelsea","",NA,"E09000020","Redcliffe","E05009402",51.48711,-0.17938,526503.79,178033.3214,"Cinemas"
"Ealing Project ","Ealing Broadway Centre","1 High St  ","W5 5DB","Ealing","",NA,"E09000009","Ealing Broadway","E05013520",51.51272,-0.30432,517763.7124,180673.0031,"Cinemas"
"The Cinema in the Arches ","Battersea Power Station","22 Arches Ln","SW11 8AB","Wandsworth","",NA,"E09000032","Nine Elms","E05014015",51.48268,-0.14689,528771.8765,177597.2851,"Cinemas"
"The Cinema at Selfridges","40 Duke Street","","W1U 1AT","Westminster","",NA,"E09000033","West End","E05013808",51.5149,-0.15191,528332.8393,181171.384,"Cinemas"
"Birkbeck Cinema","Birkbeck, University of London","43 Gorden Square","WC1 0PD","Camden","http://blogs.bbk.ac.uk/bimi/portfolio-item/current-programme/","10091886228","E09000007","Bloomsbury","E05013653",51.524687,-0.13034532,529801.238,182297.7099,"Cinemas"
"Charlotte Street Hotel","","15-17 Charlotte Street","W1T 1RJ","Westminster","https://www.firmdalehotels.com/hotels/london/charlotte-street-hotel/film-club/","1.00023e+11","E09000033","West End","E05013808",51.518387,-0.13505719,529492.2484,181588.8032,"Cinemas"
"Cine Lumiere","Institut Francais","17 Queensberry Place","SW7 2DT","Kensington and Chelsea","https://www.institut-francais.org.uk/cine-lumiere/","217072593","E09000020","Brompton & Hans Town","E05009389",51.494554,-0.17721712,526633.3302,178864.8417,"Cinemas"
"Cineworld Bexleyheath","","28-70 Broadway","DA6 7LL","Bexley","www.cineworld.co.uk","10011845030","E09000004","Bexleyheath","E05011219",51.45616,0.15028,549491.3316,175212.526,"Cinemas"
"Cineworld Enfield ","Southbury Leisure Centre","208 Southbury Rd","EN1 1YQ","Enfield","www.cineworld.co.uk","207192143","E09000010","Southbury","E05013691",51.650084,-0.06090651,534248.1737,196367.6063,"Cinemas"
"Cineworld Feltham","Leisure west","Air Park Way","TW13 7LX","Hounslow","www.cineworld.co.uk","1.00024e+11","E09000018","Hanworth Park","E05013615",51.44385,-0.40459,510973.0175,172857.8771,"Cinemas"
"Cineworld The O2 Greenwich","","The O2","SE10 0DX","Greenwich","www.cineworld.co.uk","10010224824","E09000011","Greenwich Peninsula","E05014082",51.503018,0.00449996,539221.1396,180135.8383,"Cinemas"
"Cineworld Wandsworth","","Southside Shopping Centre","SW18 4TF","Wandsworth","www.cineworld.co.uk","10070239837","E09000032","Wandsworth Town","E05014028",51.453961,-0.19342927,525619.3127,174322.941,"Cinemas"
"Cineworld Wembley ","","Wembley Park Blvd","HA9 0FD","Brent","www.cineworld.co.uk","202206309","E09000005","Wembley Park","E05013516",51.556685,-0.28350333,519093.4001,185595.7259,"Cinemas"
"Cineworld West India Quay","","Hertsmere Road","E14 4AL","Tower Hamlets","www.cineworld.co.uk","6136934","E09000030","Canary Wharf","E05009323",51.507908,-0.02288175,537306.1329,180627.883,"Cinemas"
"David Lean Cinema","","Katherine St","CR9 1ET","Croydon","http://www.davidleancinema.org.uk/","2.00001e+11","E09000008","Fairfield","E05011468",51.37216,-0.099,532415.8206,165392.6625,"Cinemas"
"Whirled Cinema","259-260 Hardess Street","Loughborough Junction","SE24 0HN","Lambeth","https://www.whirledcinema.com/","10023854149","E09000022","Herne Hill & Loughborough Junction","E05014104",51.465089,-0.10148353,531975.2183,175721.9221,"Cinemas"
"Catford Mews ","","32 Winslade Way","SE6 4JU","Lewisham","https://catford-mews.co.uk/about/",NA,"E09000023","Rushey Green","E05013730",51.44619,-0.02037,537666.0756,173769.6258,"Cinemas"
"Domobaal","3 John Street","","","Camden","http://www.domobaal.com/#","10091862142","E09000007","Holborn & Covent Garden","E05013662",51.52109586,-0.113122142,531006.2767,181929.0345,"Commercial_galleries"
"Eagle Gallery","159 Farringdon Road","","","Islington","http://www.emmahilleagle.com/#","5300033028","E09000019","Clerkenwell","E05013702",51.52365123,-0.108172319,531342.3127,182222.0575,"Commercial_galleries"
"Catto Gallery","100 Heath Street","","","Camden","http://www.cattogallery.co.uk/#","5010317","E09000007","Hampstead Town","E05013659",51.55799728,-0.17688165,526480.7581,185920.4478,"Commercial_galleries"
"Austin/Desmond Fine Art","Pied Bull YardÂ ","68â„69Â Great Russell Street","","Camden","http://austindesmond.com/#","5083316","E09000007","Bloomsbury","E05013653",51.51828276,-0.122767057,530345.2044,181599.0102,"Commercial_galleries"
"The October Gallery","24 Old Gloucester Street","","","Camden","http://www.octobergallery.co.uk/#","5087208","E09000007","Holborn & Covent Garden","E05013662",51.52018301,-0.120122844,530523.2229,181815.0279,"Commercial_galleries"
"Rebecca Hossack Gallery 1","2a Conway Street","","","Camden","http://www.rebeccahossack.com/#","5087297","E09000007","Bloomsbury","E05013653",51.52153754,-0.137943496,529283.084,181934.0486,"Commercial_galleries"
"Woolff Gallery","89 Charlotte St","","","Camden","http://www.woolffgallery.co.uk/#","5087726","E09000007","Bloomsbury","E05013653",51.51996059,-0.135485033,529458.1048,181763.0321,"Commercial_galleries"
"Lahd Gallery","92 Heath Street","","","Camden","http://www.lahdgallery.com/#","5087751","E09000007","Hampstead Town","E05013659",51.55771011,-0.176921991,526478.7576,185888.4438,"Commercial_galleries"
"The Cob Gallery","205 Royal College Street","","","Camden","http://www.cobgallery.com/#","5087949","E09000007","St Pancras & Somers Town","E05013669",51.54065193,-0.136442133,529333.0767,184062.2405,"Commercial_galleries"
"Hanmi Gallery","30 Maple Street","","","Camden","http://www.hanmigallery.co.uk/#","5088144","E09000007","Bloomsbury","E05013653",51.52169017,-0.137360609,529323.0882,181952.0502,"Commercial_galleries"
"Gagosian Gallery 1","6-24 Brittania Street","","","Camden","http://www.gagosian.com/#","5088316","E09000007","King's Cross","E05013666",51.5295938,-0.116418769,530753.243,182868.1197,"Commercial_galleries"
"Novelty Automation","1A Princeton Street","","","Camden","http://www.novelty-automation.com/#","5105749","E09000007","Holborn & Covent Garden","E05013662",51.51915264,-0.115321587,530859.2615,181709.016,"Commercial_galleries"
"Tristan Hoare","6 Fitzroy Square","","","Camden","http://www.tristanhoare.co.uk/#","5113050","E09000007","Bloomsbury","E05013653",51.52294747,-0.137813889,529288.0833,182091.0631,"Commercial_galleries"
"The Crypt Gallery","St Pancras Church","Euston Road","","Camden","http://cryptgallery.org.uk/#","5188543","E09000007","Bloomsbury","E05013653",51.52656883,-0.128582733,529918.151,182510.0959,"Commercial_galleries"
"Leyden Gallery","9/9a Leyden Street","","","Tower Hamlets","http://www.leydengallery.com/#","6001837","E09000030","Spitalfields & Banglatown","E05009333",51.51638732,-0.074641529,533689.5707,181475.0063,"Commercial_galleries"
"Brick Lane Gallery","216 Brick Lane","","","Tower Hamlets","http://www.thebricklanegallery.com/#","6002804","E09000030","Weavers","E05009335",51.52397045,-0.069808992,534002.5951,182327.1009,"Commercial_galleries"
"Espacio Gallery","159 Bethl Green Road","","","Tower Hamlets","http://www.espaciogallery.com/#","6005162","E09000030","Weavers","E05009335",51.52509833,-0.068939478,534059.5997,182454.1157,"Commercial_galleries"
"Whitechapel Gallery","77-82 Whitechapel High Street","","","Tower Hamlets","http://www.whitechapel.org/#","6011122","E09000030","Whitechapel","E05009336",51.51566133,-0.068776522,534098.614,181405.008,"Commercial_galleries"
"Stolenspace Gallery","17 Osborn St,","","","Tower Hamlets","https://www.stolenspace.com/#","6015771","E09000030","Whitechapel","E05009336",51.51596334,-0.068547523,534113.6153,181439.0115,"Commercial_galleries"
"Union Gallery","94 Teesdale Street","","","Tower Hamlets","http://www.union-gallery.com/#","6178788","E09000030","St Peter's","E05009331",51.52930433,-0.059732984,534685.8084,182938.751,"Commercial_galleries"
"Cell Project Space","258 Cambridge Heath Road","","","Tower Hamlets","http://www.cellprojects.org/#","6180728","E09000030","St Peter's","E05009331",51.53276995,-0.055015701,535002.747,183332.8431,"Commercial_galleries"
"Raven Row","56 Artillery Lane","","","Tower Hamlets","http://www.ravenrow.org/#","6653355","E09000030","Spitalfields & Banglatown","E05009333",51.51764768,-0.075265891,533642.5645,181614.0194,"Commercial_galleries"
"The Cynthia Corbett Gallery","15 Claremont Lodge","","","Merton","http://www.thecynthiacorbettgallery.com/#","48022286","E09000024","Raynes Park","E05013823",51.41499765,-0.221209569,523794.425,169942.9592,"Commercial_galleries"
"Bank of England Museum","Bartholomew Lane","","","City of London","http://www.bankofengland.co.uk/education/Pages/museum/visiting/default.aspx#","95511162","E09000001","Cornhill","E05009301",51.51372411,-0.086112163,532901.4909,181157.96,"Commercial_galleries"
"Crane Kalman","178 Brompton Road","","","Kensington and Chelsea","http://cranekalman.com/#","217007694","E09000020","Brompton & Hans Town","E05009389",51.49745899,-0.165725579,527422.9054,179207.8036,"Commercial_galleries"
"The Rowley Gallery","115 Kensington Church Street","","","Kensington and Chelsea","http://www.rowleygallery.co.uk/#","217043176","E09000020","Campden","E05009390",51.50626751,-0.193200542,525491.6852,180139.9023,"Commercial_galleries"
"Japanese Gallery","66D Kensington Church St","","","Kensington and Chelsea","http://www.japanese-gallery.com/#","217043283","E09000020","Campden","E05009390",51.50481322,-0.192206067,525564.6946,179979.8865,"Commercial_galleries"
"Museum of Brands","111-117 Lancaster Road","","","Kensington and Chelsea","http://www.museumofbrands.com/#","217050374","E09000020","Notting Dale","E05009399",51.51586215,-0.209527314,524332.5477,181179.0065,"Commercial_galleries"
"The Dot Project","94 Fulham Road","","","Kensington and Chelsea","http://www.thedotproject.com/#","217103153","E09000020","Stanley","E05009405",51.48928315,-0.17374671,526888.8522,178284.7185,"Commercial_galleries"
"Offer Waterman & Co","11 Langton Street","","","Kensington and Chelsea","http://www.waterman.co.uk/#","217103621","E09000020","Chelsea Riverside","E05009391",51.48177813,-0.179246376,526527.8038,177440.6353,"Commercial_galleries"
"Cadogan Contemporary","87 Old Brompton Road","","","Kensington and Chelsea","http://www.cadogancontemporary.com/#","217103741","E09000020","Courtfield","E05009393",51.49200577,-0.175323519,526771.8382,178584.7488,"Commercial_galleries"
"Richard Young Gallery","4 Holland Street","","","Kensington and Chelsea","http://www.richardyounggallery.co.uk/#","217106179","E09000020","Campden","E05009390",51.50280048,-0.190550283,525685.1398,179758.9054,"Commercial_galleries"
"Hackelbury","4 Launceston Place","","","Kensington and Chelsea","http://www.hackelbury.co.uk/#","217106588","E09000020","Queen's Gate","E05009401",51.49852225,-0.183766347,526167.7671,179294.8189,"Commercial_galleries"
"Richard Green 2","33 New Bond Street","","","Westminster","http://www.richard-green.com/#","10033538913","E09000033","West End","E05013808",51.51123753,-0.142044713,529027.6668,180781.4428,"Commercial_galleries"
"The Foundry Gallery","39 Old Church Street","","","Kensington and Chelsea","http://www.thefoundrygallery.org/#","217106994","E09000020","Chelsea Riverside","E05009391",51.48387629,-0.170750556,527111.8723,177688.6579,"Commercial_galleries"
"Saatchi Gallery","Duke of York's HQ","King's Road","","Kensington and Chelsea","http://www.saatchi-gallery.co.uk/#","217110596","E09000020","Royal Hospital","E05009403",51.49009321,-0.157118058,528040.9764,178403.7241,"Commercial_galleries"
"Graffik Gallery","284 Portobello Road","","","Kensington and Chelsea","http://graffikgallery.com/#","217113237","E09000020","Colville","E05009392",51.51884574,-0.205849663,524579.5719,181517.0369,"Commercial_galleries"
"Flying Colours Gallery","6 Burnsall Street","","","Kensington and Chelsea","http://www.flyingcoloursgallery.com/#","217115299","E09000020","Royal Hospital","E05009403",51.48830408,-0.164609267,527525.9213,178191.7068,"Commercial_galleries"
"Sway Gallery","70-72 Old Street","","","Islington","http://www.sway-gallery.com/#","5300069554","E09000019","Bunhill","E05013699",51.52372993,-0.093593237,532353.4236,182257.0611,"Commercial_galleries"
"Islington Arts Factory","2 Parkhurst Rd","","","Islington","http://www.islingtonartsfactory.org/#","5300075947","E09000019","Holloway","E05013706",51.55371125,-0.121265295,530348.1822,185541.3678,"Commercial_galleries"
"James Freeman Gallery","354 Upper Street","","","Islington","http://www.sesameart.com/#","5300095173","E09000019","St Peter's & Canalside","E05013711",51.53409791,-0.102922698,531676.3414,183393.1684,"Commercial_galleries"
"Space Station 65","373 Kennington Road","","","Lambeth","http://spacestationsixtyfive.com/#","10000445110","E09000022","Kennington","E05014105",51.48601134,-0.109183494,531380.337,178034.6659,"Commercial_galleries"
"CGP London","1 Park Approach","Southwark Park","","Southwark","http://cgplondon.org/#","10000811263","E09000028","Rotherhithe","E05011112",51.49363345,-0.052317588,535305.7708,178985.7637,"Commercial_galleries"
"Purdy Hicks","65 Hopton Street","","","Southwark","http://www.purdyhicks.com/#","10000811558","E09000028","Borough & Bankside","E05011095",51.50695993,-0.100432908,531927.3894,180379.8857,"Commercial_galleries"
"Sprout Community Arts","74 Moyser Road","","","Wandsworth","http://www.sproutarts.com/#","10008157629","E09000032","Furzedown","E05014013",51.42351214,-0.145628394,529025.97,171019.989,"Commercial_galleries"
"Flowers Gallery East","82 Kingsland Road","","","Hackney","http://www.flowersgallery.com/#","10008242588","E09000012","Haggerston","E05009375",51.52913735,-0.075559892,533588.5468,182891.1499,"Commercial_galleries"
"Modern Art 1","4-8 Helmet Row","","","Islington","http://www.modernart.net/#","10008977815","E09000019","Bunhill","E05013699",51.52452873,-0.092939916,532396.4274,182347.0708,"Commercial_galleries"
"Cubitt Gallery","8 Angel Mews","","","Islington","http://cubittartists.org.uk/#","10012791474","E09000019","Clerkenwell","E05013702",51.53184051,-0.106261015,531451.3188,183136.1423,"Commercial_galleries"
"Vitrine","15 Bermondsey Square","","","Southwark","http://www.vitrinegallery.co.uk/#","10013529059","E09000028","London Bridge & West Bermondsey","E05011104",51.49687761,-0.079165688,533432.6531,179297.2512,"Commercial_galleries"
"Skarstedt Gallery","8 Bennet Street","","","Westminster","http://www.skarstedt.com/#","10033524577","E09000033","St James's","E05013806",51.50660747,-0.13902792,529250.0958,180271.8929,"Commercial_galleries"
"Ben Brown Fine Arts","12 Brookâ€™s Mews","","","Westminster","http://www.benbrownfinearts.com/#","10033526904","E09000033","West End","E05013808",51.51189141,-0.144433792,528860.0478,180849.9497,"Commercial_galleries"
"Marlborough Fine Art","6 Albemarle Street","","","Westminster","http://www.marlboroughfineart.com/#","10033528809","E09000033","St James's","E05013806",51.50805031,-0.139271776,529229.0921,180431.9081,"Commercial_galleries"
"Messum's","28 Cork Street","","","Westminster","http://www.messums.com/#","10033532792","E09000033","West End","E05013808",51.50996577,-0.139827885,529185.0853,180643.9286,"Commercial_galleries"
"Serpentine Gallery","Kensington Gardens","","","Westminster","http://www.serpentinegallery.org/#","10033534401","E09000033","Knightsbridge & Belgravia","E05013797",51.50427907,-0.173406528,526870.8383,179952.8765,"Commercial_galleries"
"Frith Street Gallery","17-18 Golden Square","","","Westminster","http://www.frithstreetgallery.com/#","10033534803","E09000033","West End","E05013808",51.51068715,-0.135416932,529489.1178,180731.935,"Commercial_galleries"
"Sprovieri","23 Heddon Street","","","Westminster","http://www.sprovieri.com/london/#","10033536350","E09000033","West End","E05013808",51.51061608,-0.138302438,529289.0961,180718.9351,"Commercial_galleries"
"Chelsea Space","Chelsea College of Arts","16 John Islip Street","","Westminster","http://www.chelseaspace.org/#","10033538283","E09000033","Vincent Square","E05013807",51.48992522,-0.126655127,530156.2064,178438.7138,"Commercial_galleries"
"Olivier Malingue","1st Floor","143 New Bond St","","Westminster","http://oliviermalingue.com/#","10033538864","E09000033","West End","E05013808",51.5109879,-0.142467085,528999.064,180752.9397,"Commercial_galleries"
"Richard Green 1","147 New Bond Street","","","Westminster","http://www.richard-green.com/#","10033538867","E09000033","West End","E05013808",51.51080518,-0.142287149,529012.0656,180732.9379,"Commercial_galleries"
"White Cube","25-26 Masonâ€™s Yard","","","Westminster","http://whitecube.com/#","10033550744","E09000033","St James's","E05013806",51.50710128,-0.135577762,529488.1214,180332.898,"Commercial_galleries"
"Willow Gallery","40 - 41 Duke Street","St James's","","Westminster","http://www.willowgallery.com/#","10033555200","E09000033","St James's","E05013806",51.50683819,-0.136402051,529431.6655,180302.1854,"Commercial_galleries"
"Albemarle Gallery","49 Albemarle Street","","","Westminster","http://www.albemarlegallery.com/#","10033567550","E09000033","St James's","E05013806",51.5075163,-0.139625012,529206.0901,180371.9025,"Commercial_galleries"
"Rosenfeld Porcini","37 Rathbone Street","","","Westminster","http://rosenfeldporcini.com/#","10033569652","E09000033","West End","E05013808",51.5180099,-0.134411482,529538.1156,181548.011,"Commercial_galleries"
"Lisson Gallery 1","67 Lisson St","Marylebone","","Westminster","http://www.lissongallery.com/#","10033571495","E09000033","Hyde Park","E05013796",51.52057634,-0.166555495,527300.8685,181777.0456,"Commercial_galleries"
"Imitate Modern","19 Shepherd Market","","","Westminster","http://imitatemodern.com/#","10033585747","E09000033","West End","E05013808",51.50592343,-0.145238341,528821.0495,180184.8879,"Commercial_galleries"
"Mark Gallery","9 Porchester Place","","","Westminster","http://www.markgallery.co.uk/#","10033586949","E09000033","Hyde Park","E05013796",51.51436604,-0.163950904,527498.8962,181090.98,"Commercial_galleries"
"Halcyon Gallery I","144-146 New Bond Street","","","Westminster","http://www.halcyongallery.com/#","10033587866","E09000033","West End","E05013808",51.51088789,-0.142399088,529004.0647,180741.9383,"Commercial_galleries"
"PM/AM","259-269 Old Marylebone Road","","","Westminster","http://www.pmam.org/#","10033588738","E09000033","Marylebone","E05013801",51.51772196,-0.165185374,527403.8825,181462.0159,"Commercial_galleries"
"Graham Hunter Gallery","81 Baker Street","","","Westminster","http://www.grahamhuntergallery.co.uk/#","10033590107","E09000033","Marylebone","E05013801",51.5194382,-0.155342499,528081.9549,181670.0307,"Commercial_galleries"
"Sims Reed Gallery","The Economist Building","30 Bury Street","","Westminster","http://gallery.simsreed.com/#","10033591023","E09000033","St James's","E05013806",51.50638098,-0.137207443,529377.0699,180249.9204,"Commercial_galleries"
"Sadie Coles HQ","62 Kingly Street","Mayfair","","Westminster","http://www.sadiecoles.com/#","10033594510","E09000033","West End","E05013808",51.51179933,-0.137490282,529342.1007,180851.9477,"Commercial_galleries"
"Waddington Custot Galleries","11 Cork Street","","","Westminster","http://www.waddingtoncustot.com/#","10033594958","E09000033","West End","E05013808",51.50960001,-0.140015737,529173.0844,180602.9244,"Commercial_galleries"
"Berrd Jacobson Gallery","6 Cork Street","","","Westminster","http://www.jacobsongallery.com/#","10033601869","E09000033","West End","E05013808",51.51003691,-0.140343849,529149.0813,180650.9297,"Commercial_galleries"
"Michael Werner Gallery","22 Upper Brook Street","","","Westminster","http://www.michaelwerner.com/#","10033602320","E09000033","West End","E05013808",51.51084502,-0.154493399,528164.9725,180715.9415,"Commercial_galleries"
"Hauser & Wirth 2","23 Saville Row","","","Westminster","http://www.hauserwirth.com/#","10033621621","E09000033","West End","E05013808",51.511485,-0.139218286,529223.088,180813.944,"Commercial_galleries"
"Great Western Studios","65 Alfred Street","","","Westminster","http://www.greatwesternstudios.com/#","10033624231","E09000033","Westbourne","E05013809",51.52068971,-0.194734461,525345.6546,181741.0535,"Commercial_galleries"
"David Gill","2-4 King Street","","","Westminster","http://www.davidgillgallery.com/#","10033629513","E09000033","St James's","E05013806",51.50626107,-0.135338243,529507.1244,180239.8891,"Commercial_galleries"
"Thomas Dane Gallery","11 Duke Street","","","Westminster","http://www.thomasdanegallery.com/#","10033630669","E09000033","St James's","E05013806",51.50681063,-0.135964335,529462.1189,180299.8941,"Commercial_galleries"
"Alison Jacques Gallery","16-18 Berners Street","","","Westminster","http://www.alisonjacquesgallery.com/","10033631411","E09000033","West End","E05013808",51.51696659,-0.134973061,529502.1128,181431.0006,"Commercial_galleries"
"Fold","158 New Cavendish Street","","","Camden","http://www.foldgallery.com/#","10033632030","E09000007","Bloomsbury","E05013653",51.52002532,-0.137861027,529293.0866,181766.0334,"Commercial_galleries"
"Annely Juda Fine Art","4th floor","23 Dering Street","","Westminster","http://www.annelyjudafineart.co.uk/#","10033633944","E09000033","West End","E05013808",51.51374527,-0.14394044,528889.0491,181056.9693,"Commercial_galleries"
"Gagosian Gallery 2","17-19 Davies Street","","","Westminster","http://www.gagosian.com/#","10033634159","E09000033","West End","E05013808",51.51054271,-0.146160507,528744.0364,180696.9364,"Commercial_galleries"
"Pangolin London","90 York Way","","","Islington","http://www.pangolinlondon.com/#","10090550427","E09000019","Caledonian","E05013700",51.53448925,-0.119966009,530493.2107,183406.1714,"Commercial_galleries"
"Maestro Arts","One Eastfields Avenue","","","Wandsworth","http://www.maestroarts.com/#","10091499728","E09000032","Thamesfield","E05014022",51.46135157,-0.196558984,525381.6431,175139.4206,"Commercial_galleries"
"Asia House","63 New Cavendish Street","","","Westminster","http://asiahouse.org/#","10091858261","E09000033","West End","E05013808",51.51919745,-0.144641359,528825.0362,181662.026,"Commercial_galleries"
"Coningsby Gallery","30 Tottenham Street","Fitzrovia","","Camden","https://www.coningsbygallery.com/#","10091859525","E09000007","Bloomsbury","E05013653",51.51985559,-0.13453787,529524.1121,181753.0304,"Commercial_galleries"
"Newport Street","3 Newport Street","","","Lambeth","http://www.newportstreetgallery.com/#","10093376049","E09000022","Kennington","E05014105",51.49291799,-0.11539545,530929.2915,178791.5735,"Commercial_galleries"
"Danielle Arnaud","123 Kennington Road","","","Lambeth","http://www.daniellearnaud.com/#","1.00E+11","E09000022","Kennington","E05014105",51.4942894,-0.108869727,531378.3407,178955.7569,"Commercial_galleries"
"Lisson Gallery 2","27 Bell St","Marylebone","","Westminster","http://www.lissongallery.com/#","1.00E+11","E09000033","Church Street","E05013794",51.52039326,-0.168076534,527195.8573,181754.0442,"Commercial_galleries"
"Fiumano Fine Art","27 Conught Street","","","Westminster","http://www.fiumanofineart.com/#","1.00E+11","E09000033","Hyde Park","E05013796",51.51392473,-0.163910995,527502.8971,181041.9751,"Commercial_galleries"
"The Residence","229 Victoria Park Road","","","Hackney","http://www.residence-gallery.com/#","1.00E+11","E09000012","Victoria","E05009386",51.53781866,-0.042557202,535851.7779,183917.3051,"Commercial_galleries"
"Morley College Gallery","61 Westminster Bridge Road","","","Southwark","https://www.morleycollege.ac.uk/facilities/the-gallery#","1.00E+11","E09000028","St George's","E05011114",51.49736611,-0.108367728,531404.3406,179298.7888,"Commercial_galleries"
"Gasworks Gallery","155 Vauxhall Street","","","Lambeth","http://www.gasworks.org.uk/#","1.00E+11","E09000022","Kennington","E05014105",51.48462055,-0.113850591,531060.301,177871.6512,"Commercial_galleries"
"Foss Fine Art","113b Northcote Road","","","Wandsworth","http://fossfineart.com/#","1.00E+11","E09000032","Northcote","E05014016",51.45655973,-0.163651714,527680.865,174663.3393,"Commercial_galleries"
"Northcote Gallery Battersea","110 Northcote Road","","","Wandsworth","http://www.northcotegallery.com/#","1.00E+11","E09000032","Northcote","E05014016",51.45636157,-0.164206711,527642.8608,174640.3375,"Commercial_galleries"
"Kristin Hjellegjerde","533 Old York Road","","","Wandsworth","http://kristinhjellegjerde.com/#","1.00E+11","E09000032","Wandsworth Town","E05014028",51.45930095,-0.187224359,526035.7043,174927.3887,"Commercial_galleries"
"The Osborne Studio Gallery","2 Motcomb Street","","","Westminster","http://www.osg.uk.com/#","1.00E+11","E09000033","Knightsbridge & Belgravia","E05013797",51.49869392,-0.155013173,528162.9849,179363.814,"Commercial_galleries"
"Alan Cristea Gallery","43 Pall Mall","","","Westminster","http://www.alancristea.com/#","1.00E+11","E09000033","St James's","E05013806",51.50557485,-0.134602456,529560.1309,180164.8817,"Commercial_galleries"
"Paisnel Gallery","9 Bury Street","","","Westminster","http://www.paisnelgallery.co.uk/#","1.00E+11","E09000033","St James's","E05013806",51.5062448,-0.136578309,529421.1149,180235.8884,"Commercial_galleries"
"Sladmore","57 Jermyn Street","","","Westminster","http://www.sladmore.com/#","1.00E+11","E09000033","St James's","E05013806",51.50724689,-0.13794979,529323.1031,180344.8998,"Commercial_galleries"
"Chris Beetles","8 & 10 Ryder Street","","","Westminster","http://www.chrisbeetles.com/#","1.00E+11","E09000033","St James's","E05013806",51.50661513,-0.136678491,529413.1137,180276.8925,"Commercial_galleries"
"Photofusion Gallery","17A Electric Ln","Brixton","","Lambeth","http://www.photofusion.org/photography-exhibitions/#","1.00E+11","E09000022","Brixton Windrush","E05014098",51.46135658,-0.11233368,531232.2726,175287.3893,"Commercial_galleries"
"Two Temple Place","2 Temple Place","","","City of London","http://www.twotempleplace.org/#","1.00E+11","E09000001","Farringdon Without","E05009305",51.51109098,-0.11063857,531207.3061,180820.9318,"Commercial_galleries"
"Atlas Gallery","49 Dorset Street","","","Westminster","http://www.atlasgallery.com/#","1.00E+11","E09000033","Marylebone","E05013801",51.51899084,-0.153774859,528191.9672,181623.026,"Commercial_galleries"
"Fashion Space Gallery","London College of Fashion","20 John Princes St","","Westminster","http://www.fashionspacegallery.com/#","1.00E+11","E09000033","West End","E05013808",51.51513066,-0.141693122,529041.0643,181214.9831,"Commercial_galleries"
"Pi Artworks","55 Eastcastle Street","","","Westminster","http://www.piartworks.com/#","1.00E+11","E09000033","West End","E05013808",51.51590312,-0.13653005,529397.1024,181309.9899,"Commercial_galleries"
"Pilar Corrias","54 Eastcastle Street","","","Westminster","http://www.pilarcorrias.com/#","1.00E+11","E09000033","West End","E05013808",51.5158955,-0.136616849,529391.1018,181308.9892,"Commercial_galleries"
"Flowers Gallery Central","21 Cork Street","","","Westminster","http://www.flowersgallery.com/#","1.00E+11","E09000033","West End","E05013808",51.50962705,-0.13945254,529212.0887,180606.9246,"Commercial_galleries"
"Erskine Hall & Coe","15 Royal Arcade","28 Old Bond St","","Westminster","http://www.erskinehallcoe.com/#","1.00E+11","E09000033","West End","E05013808",51.50856688,-0.140086644,529171.0852,180487.9141,"Commercial_galleries"
"David Zwimer","24 Grafton Street","","","Westminster","http://www.davidzwirner.com/#","1.00E+11","E09000033","West End","E05013808",51.50896583,-0.141425169,529077.0745,180529.9185,"Commercial_galleries"
"Colnaghi","15 Old Bond Street","","","Westminster","http://www.colnaghi.com/#","1.00E+11","E09000033","West End","E05013808",51.50854951,-0.138992012,529247.0935,180487.9133,"Commercial_galleries"
"Gazelli Art House","39 Dover Street","","","Westminster","http://gazelliarthouse.com/#","1.00E+11","E09000033","West End","E05013808",51.50781388,-0.140809096,529123.0807,180402.906,"Commercial_galleries"
"SprÃ¼th Magers","7 Grafton Street","","","Westminster","http://www.spruethmagers.com/#","1.00E+11","E09000033","West End","E05013808",51.50948124,-0.142168061,529024.0682,180585.9239,"Commercial_galleries"
"D-Contemporary","23 Grafton Street","","","Westminster","http://dcontemporary.com/#","1.00E+11","E09000033","West End","E05013808",51.50902966,-0.141480221,529073.074,180536.9194,"Commercial_galleries"
"Sadie Coles HQ Davies Street","1 Davies Street","","","Westminster","http://www.sadiecoles.com/#","1.00E+11","E09000033","West End","E05013808",51.50805762,-0.149965329,528487.0108,180413.911,"Commercial_galleries"
"Hamiltons Gallery","13 Carlos Place","","","Westminster","http://www.hamiltonsgallery.com/#","1.00E+11","E09000033","West End","E05013808",51.51011892,-0.148368465,528592.0202,180645.9322,"Commercial_galleries"
"Galeries Bartoux","104 New Bond Street","","","Westminster","http://www.galeries-bartoux.com/en/#","1.00E+11","E09000033","West End","E05013808",51.51303628,-0.144603469,528845.045,180976.9622,"Commercial_galleries"
"Greenwich Printmakers Gallery","1a Greenwich Market","","","Greenwich","http://www.greenwich-printmakers.org.uk/#","1.00E+11","E09000011","Greenwich Park","E05014081",51.48085705,-0.007576419,538450.1618,177648.6705,"Commercial_galleries"
"Crypt Museum","Byward Street","","","Tower Hamlets","http://www.allhallowsbythetower.org.uk/visit/crypt/","2.00E+11","E09000030","St Katharine's & Wapping","E05009330",51.50881823,-0.0775982,533506.5596,180627.9157,"Commercial_galleries"
"Brocket Gallery","16 Windmill Row","","","Lambeth","http://www.brocketgallery.com/#","2.00E+11","E09000022","Kennington","E05014105",51.48650486,-0.110229078,531306.3293,178087.6717,"Commercial_galleries"
"Victoria Miro Gallery I","16 Wharf Road","","","Hackney","http://www.victoria-miro.com/#","2.00E+11","E09000012","Hoxton West","E05009378",51.52981876,-0.093410366,532348.4576,182934.4789,"Commercial_galleries"
"White Cube","144-152 Bermondsey Street","","","Southwark","http://whitecube.com/#","2.00E+11","E09000028","London Bridge & West Bermondsey","E05011104",51.49893711,-0.081068884,533294.5467,179522.8011,"Commercial_galleries"
"Flat Time House","210 Bellenden Road","","","Southwark","http://flattimeho.org.uk/#","2.00E+11","E09000028","Rye Lane","E05011113",51.46558419,-0.072576615,533981.6163,175829.4582,"Commercial_galleries"
"Arch Collective","Arch 12","Raymouth Road","","Southwark","http://www.archcollective.co.uk/#","2.00E+11","E09000028","North Bermondsey","E05011106",51.49160932,-0.057705715,534937.7329,178750.7384,"Commercial_galleries"
"Jerwood Space Gallery","171 Union Street","","","Southwark","http://www.jerwoodspace.co.uk/#","2.00E+11","E09000028","Borough & Bankside","E05011095",51.50309902,-0.09749519,532142.4157,179955.847,"Commercial_galleries"
"Contemporary Applied Arts","6 Paddington Street","W1U 5QG","","Westminster","http://www.caa.org.uk/#","1.00E+11","E09000033","Marylebone","E05013801",51.520921,-0.15255372,528271.2642,181839.8007,"Commercial_galleries"
"Cardi Gallery London","22 Grafton Street","","","Westminster","https://cardigallery.com/","1.00E+11","E09000033","West End","E05013808",51.509603,-0.14314012,528956.2722,180597.7522,"Commercial_galleries"
"Maureen Paley","60 Three Colts Lane","E2 6GQ","","Tower Hamlets","http://www.maureenpaley.com/#","See notes","E09000030","St Peter's","E05009331",51.52459,-0.05566,534982.2491,182422.013,"Commercial_galleries"
"Arebyte","Java House","7 Botanic Square","","Tower Hamlets","http://www.arebyte.com/#","6703964","E09000030","Blackwall & Cubitt Town","E05009318",51.511286,0.005352869,539255.1113,181056.8371,"Commercial_galleries"
"Modern Art","7 Bury Street","London","","Westminster","","1.00E+11","E09000033","St James's","E05013806",51.506691,-0.13811417,529313.2694,180282.7941,"Commercial_galleries"
"Michael Hoppen Gallery","Unit 10, Pall Mall Deposit","124-128 Barlby Road","","Kensington and Chelsea","http://www.michaelhoppengallery.com/#","217101233","E09000020","Dalgarno","E05009394",51.523233,-0.21889938,523662.3325,181982.7961,"Commercial_galleries"
"London Mithraeum Bloomberg SPACE","12 Wallbrook","EC4N 8AA","","City of London","http://www.bloombergspace.com/#","2.00E+11","E09000001","Cordwainer","E05009300",51.51242,-0.090595407,532594.2106,181004.8129,"Commercial_galleries"
"Parasol unit","32 Fitzroy Square","W1T 6EX","","Camden","http://www.parasol-unit.org/#","5087335","E09000007","Bloomsbury","E05013653",51.522404,-0.14057255,529098.2497,182025.7628,"Commercial_galleries"
"Five Years","Unit 2B1","Boothby Road","","Islington","http://www.fiveyears.org.uk/#","5300030666","E09000019","Junction","E05013707",51.565714,-0.13163513,529595.2081,186857.6958,"Commercial_galleries"
"Rocket Gallery","4-6 Sheep Lane","E8 4QS ","","Hackney","http://www.rocketgallery.com/#","10008322480","E09000012","London Fields","E05009381",51.535021,-0.060076278,534645.1319,183573.8386,"Commercial_galleries"
"Unit G Gallery","Vittoria Wharf","10 Stour Road","","Tower Hamlets","http://unitg.london/gallery/#","See notes","E09000030","Bow East","E05009319",51.53968,-0.02122,537325.8561,184164.0545,"Commercial_galleries"
"BSMT Space","529 Kingsland Road","E8 4AR","","Hackney","http://www.bsmt.co.uk/#","1.00E+11","E09000012","De Beauvoir","E05009371",51.54575,-0.075975007,533511.1579,184737.7808,"Commercial_galleries"
"Workplace Gallery","40 Margaret Street","W1G 0JH","","Westminster","http://www.workplacegallery.co.uk/#","1.00E+11","E09000033","West End","E05013808",51.516225,-0.14275555,528964.2603,181334.8041,"Commercial_galleries"
"Paradise Row","2 Bourdon Street","W1K 3PA","","Westminster","http://www.paradiserow.com/#","10033627127","E09000033","West End","E05013808",51.510661,-0.14688727,528693.2734,180708.8133,"Commercial_galleries"
"Edel Assanti","1B Little Titchfield Street","W1W 7BU","","Westminster","http://www.edelassanti.com/#","10033537536","E09000033","West End","E05013808",51.51803,-0.14092365,529086.2571,181538.7494,"Commercial_galleries"
"Muccaccia Gallery London","21 Dering Street","W1S 1AL","","Westminster","http://partnersandmucciaccia.net/#","10033550603","E09000033","West End","E05013808",51.514255,-0.14554521,528776.2656,181110.8294,"Commercial_galleries"
"James Hyman Fine Art","48 & 50 Maddox Street","W1S 1AY","","Westminster","http://www.jameshymanfineart.com/#","10033613168","E09000033","West End","E05013808",51.512573,-0.14385525,528898.268,180926.7612,"Commercial_galleries"
"Aktis Gallery","50 Jermyn Street","SW1Y 6LX","","Westminster","http://aktis-gallery.co.uk/#","1.00E+11","E09000033","St James's","E05013806",51.507933,-0.13875522,529265.2695,180419.7745,"Commercial_galleries"
"The Sunday Painter","117-119 South Lambeth Road","SW8 1XA","","Lambeth","http://www.thesundaypainter.co.uk/#","10094054400","E09000022","Oval","E05014108",51.479165,-0.12345154,530409.2582,177247.8574,"Commercial_galleries"
"Beers London","51 Little Britain","EC1A 7BH","","City of London","http://beerslondon.com/#","95515159","E09000001","Farringdon Within","E05009304",51.518353,-0.099874759,531933.2144,181647.8026,"Commercial_galleries"
"Plus One Gallery","The Piper Building","Peterborough Road","","Hammersmith and Fulham","http://www.plusonegallery.com/#","See notes","E09000013","Palace & Hurlingham","E05013744",51.4659,-0.19315,525605.9681,175651.0421,"Commercial_galleries"
"Pace London 1","5 Hanover Square","W1S 1HQ","","Westminster","http://www.pacegallery.com/#","10033619140","E09000033","West End","E05013808",51.513919,-0.14309434,528947.265,181077.7774,"Commercial_galleries"
"Highgate Contemporary Art","Unit B307, The Chocolate Factory","5 Clarendon Road","","Haringey","http://www.highgateart.com/#","1.00E+11","E09000014","Noel Park","E05013595",51.594564,-0.11491639,530671.2535,190095.6882,"Commercial_galleries"
"Eleven","17 Gothic Road","Twickenham","","Richmond upon Thames","http://www.elevenfineart.com/#","1.00E+11","E09000027","West Twickenham","E05013790",51.442456,-0.3492755,514820.519,172788.0451,"Commercial_galleries"
"La Galleria","298 Garratt Lane","Earlsfield","","Wandsworth","http://www.lagalleria.org/#","121045946","E09000032","Wandle","E05014026",51.444332,-0.19064344,525839.3023,173256.9688,"Commercial_galleries"
"Stephen Wiltshire Gallery","22 Palace Court","W2 4HU","","Westminster","http://www.stephenwiltshire.co.uk/london_gallery.aspx#","1.00E+11","E09000033","Bayswater","E05013793",51.511535,-0.19195961,525563.3235,180727.7835,"Commercial_galleries"
"Panter and Hall","11-12 Pall Mall","SW1Y 5LU","","Westminster","http://www.panterandhall.com/#","1.00E+11","E09000033","St James's","E05013806",51.507127,-0.13331222,529645.2649,180339.7651,"Commercial_galleries"
"Art First","The Forge","15 St Mary's Walk","","Lambeth","http://www.artfirst.co.uk/#","1.00E+11","E09000022","Kennington","E05014105",51.493655,-0.10849388,531406.253,178885.8851,"Commercial_galleries"
"The Fine Art Society","25 Carby Street","W1F 7DE","","Westminster","http://faslondon.com/#","1.00E+11","E09000033","West End","E05013808",51.513413,-0.13894984,529236.26,181028.8135,"Commercial_galleries"
"Timothy Taylor Gallery","15 Bolton Street","W1J 8BG","","Westminster","http://www.timothytaylorgallery.com/#","1.00E+11","E09000033","West End","E05013808",51.507277,-0.14443075,528873.2754,180336.8269,"Commercial_galleries"
"Andor Gallery","19 Ridley Road","E8 2NP","","Hackney","http://www.creativeandorcultural.com/#","10008464632","E09000012","Dalston","E05009370",51.54844,-0.073827857,533652.1607,185040.8406,"Commercial_galleries"
"Adrian Sassoon Gallery","14 Rutland Gate","SW7 1BB","","Westminster","http://www.thesassoongallery.co.uk/#","1.00E+11","E09000033","Knightsbridge & Belgravia","E05013797",51.501174,-0.16868269,527207.3127,179615.7793,"Commercial_galleries"
"Hannah Barry Gallery","4 Holly Grove","SE15 5DF","","Southwark","http://www.hannahbarry.com/#","2.00E+11","E09000028","Rye Lane","E05011113",51.470288,-0.069648394,534171.2185,176357.8783,"Commercial_galleries"
"Rhodes Contemporary Art","3-5 Swallow Street","WC2H 8DA","","Camden","https://rhodescontemporaryart.com/","5066491","E09000007","Holborn & Covent Garden","E05013662",51.515427,-0.12764022,530015.245,181272.7866,"Commercial_galleries"
"Catharine Miller Gallery","Hollywood Road Gallery","12 Hollywood Road","SW10 9HY","Kensington and Chelsea","https://www.catharinemiller.com/","217040769","E09000020","Redcliffe","E05009402",51.486038,-0.18471524,526136.3459,177904.9167,"Commercial_galleries"
"Frith Street Gallery Soho Square","60 Frith Street","W1D 3JJ","","Westminster","https://www.frithstreetgallery.com/","1.00E+11","E09000033","West End","E05013808",51.514213,-0.13215783,529705.252,181129.7794,"Commercial_galleries"
"Pontone Gallery","74 Newman Street","W1T 3DB","","Westminster","https://pontonegallery.com/","10033614780","E09000033","West End","E05013808",51.517627,-0.1359386,529433.2523,181502.7324,"Commercial_galleries"
"Kristin Hjellegjerde Gallery (London Bridge)","2 Melior Place","SE1 3SZ","","Southwark","https://kristinhjellegjerde.com/","No UPRN","E09000028","London Bridge & West Bermondsey","E05011104",51.50237,-0.08427,533062.3733,179898.7147,"Commercial_galleries"
"Sadie Coles HQ Brury Street","8 Bury Street","SW1Y 6AB","","Westminster","http://www.sadiecoles.com/#","1.00E+11","E09000033","St James's","E05013806",51.506691,-0.13811417,529313.2694,180282.7941,"Commercial_galleries"
"Ronchini Gallery","22 Dering Street","W1S 1AN","","Westminster","https://www.ronchinigallery.com/","No UPRN","E09000033","West End","E05013808",51.51416,-0.14626,528726.9384,181099.0089,"Commercial_galleries"
"Gaglirdi Gallery","509 King's Road","SW10 0TX","","Kensington and Chelsea","https://www.gagliardigallery.org/","217106780","E09000020","Chelsea Riverside","E05009391",51.480809,-0.18390032,526207.3356,177324.8408,"Commercial_galleries"
"Tanya Baxter Contemporary","436 King's Road","SW10 0LJ","","Kensington and Chelsea","https://tanyabaxtercontemporary.com/","217103526","E09000020","Stanley","E05009405",51.483214,-0.17777014,526626.333,177602.8574,"Commercial_galleries"
"Eclectic Gallery","16 Newman Street","W1T 1PB","","Westminster","https://eclecticgallery.co.uk/","1.00E+11","E09000033","West End","E05013808",51.517255,-0.13514665,529489.2515,181462.7653,"Commercial_galleries"
"Hales London","7 Bethl Green Road","E1 6LA","","Hackney","https://halesgallery.com/","No UPRN","E09000012","Hoxton East & Shoreditch","E05009377",51.52373,-0.07622,533558.5795,182288.6394,"Commercial_galleries"
"Herald St (Shoreditch)","2 Herald Street","E2 6JT","","Tower Hamlets","http://www.heraldst.com/","6176877","E09000030","St Peter's","E05009331",51.524865,-0.0555633,534988.1437,182452.7725,"Commercial_galleries"
"Herald St (Camden)","43 Museum Street","WC1A 1LY","","Camden","http://www.heraldst.com/","5087447","E09000007","Bloomsbury","E05013653",51.517728,-0.12532617,530169.2402,181532.7698,"Commercial_galleries"
"Ojiri Gallery","29 Charlotte Road","EC2A 3PB","","Hackney","http://www.ojirigallery.com/","1.00E+11","E09000012","Hoxton East & Shoreditch","E05009377",51.525371,-0.081375219,533196.1827,182461.7225,"Commercial_galleries"
"Kate MacGarry","27 Old Nichol Street","E2 7HR","","Tower Hamlets","https://www.katemacgarry.com/","6004160","E09000030","Weavers","E05009335",51.524699,-0.075435373,533610.1722,182397.8263,"Commercial_galleries"
"Annka Kultys Gallery","Unit 9","472 Hackney Road","E2 9EQ","Tower Hamlets","http://www.annkakultys.com/","No UPRN","E09000030","St Peter's","E05009331",51.53214,-0.05829,534777.5199,183256.7493,"Commercial_galleries"
"Yield Gallery","Floor 2","8 Denmark Streets","WC2H 8LS","Camden","https://www.yieldgallery.com/","No UPRN","E09000007","Holborn & Covent Garden","E05013662",51.51513,-0.12946,529889.8298,181236.5314,"Commercial_galleries"
"Gallery Different","14 Percy Street","W1T 1DR","","Camden","https://www.gallerydifferent.co.uk/","5048677","E09000007","Bloomsbury","E05013653",51.518344,-0.13294012,529639.2475,181587.7664,"Commercial_galleries"
"Eden Gallery","103 New Bond Street","W1S 1ST","","Westminster","https://www.eden-gallery.com/","1.00E+11","E09000033","West End","E05013808",51.513602,-0.14634997,528722.2684,181036.8005,"Commercial_galleries"
"Delahunty Fine Art","29 Bruton St","W1J 6QP","","Westminster","http://www.delahuntyfineart.com/","1.00E+11","E09000033","West End","E05013808",51.51078,-0.14473518,528842.2699,180725.8293,"Commercial_galleries"
"Albermarle Gallery","Lower Ground Floor","74 Newman Street","W1T 3DB","Westminster","https://albemarlegallery.com/","10033614780","E09000033","West End","E05013808",51.517627,-0.1359386,529433.2523,181502.7324,"Commercial_galleries"
"ONEROOM Gallery","9 French Place","E1 6JB ","","Hackney","https://www.oneroomgallery.co.uk/","1.00E+11","E09000012","Hoxton East & Shoreditch","E05009377",51.525593,-0.078425034,533400.1764,182491.7846,"Commercial_galleries"
"Zari Gallery","73 Newman Street","W1T 3EJ","","Westminster","https://zarigallery.co.uk","1.00E+11","E09000033","West End","E05013808",51.517664,-0.13600915,529428.2528,181506.7222,"Commercial_galleries"
"Tsivrikos Shake","97 New Bond Street","W1S 1SN","","Westminster","https://www.tsivrikosshake.com/","10033598933","E09000033","West End","E05013808",51.513874,-0.14646865,528713.2673,181066.8387,"Commercial_galleries"
"Carlos Ishikawa","Unit 4, Cook's Yard","88 Mile End Road","","Tower Hamlets","https://www.carlosishikawa.com/","6362222","E09000030","Stepney Green","E05009334",51.520049,-0.0520063,535249.1478,181923.7802,"Commercial_galleries"
"New Art Projects ","6D Sheep Ln","London","","Hackney","https://newartprojects.com/","10008322482","E09000012","London Fields","E05009381",51.535021,-0.060076278,534645.1319,183573.8386,"Commercial_galleries"
"Almine Rech","Broadbent House","Grosvenor Hill","London","Westminster","https://www.alminerech.com/","1.00E+11","E09000033","West End","E05013808",51.511655,-0.14664516,528707.2726,180819.7728,"Commercial_galleries"
"Dellasposa","2a Bathurst St","Tyburnia","London","Westminster","https://www.dellasposa.com/","1.00E+11","E09000033","Hyde Park","E05013796",51.512872,-0.17492953,526741.3021,180905.7882,"Commercial_galleries"
"Belmacz","45 Davies Street","London","","Westminster","http://belmacz.com/","1.00E+11","E09000033","West End","E05013808",51.512411,-0.14840153,528583.2738,180900.7565,"Commercial_galleries"
"Arcadia Missa","35 Duke Street","London","","Westminster","https://arcadiamissa.com/","10033571076","E09000033","West End","E05013808",51.515025,-0.15159604,528354.2715,181185.8343,"Commercial_galleries"
"Sarah Myerscough Gallery","The Old Boathouse","1 White Hart Lane","","Richmond upon Thames","https://www.sarahmyerscough.com/","1.00E+11","E09000027","Mortlake & Barnes Common","E05013783",51.470772,-0.25548509,521263.4035,176087.8926,"Commercial_galleries"
"Felix & Spear","71 St. Mary's Road","London ","","Ealing","https://www.felixandspear.com/","12083138","E09000009","Ealing Common","E05013521",51.504988,-0.30515836,517725.4616,179811.8277,"Commercial_galleries"
"Studio West","Unit 1, 216 Kensington Park Road","London","","Kensington and Chelsea","https://studiowest.art/","See notes","E09000020","Colville","E05009392",51.5164,-0.20607,524570.9563,181244.6905,"Commercial_galleries"
"The Muse","269 Portobello Road","","","Kensington and Chelsea","https://themuseat269.london/","See notes","E09000020","Colville","E05009392",51.51792,-0.20683,524514.0825,181412.4256,"Commercial_galleries"
"Cecilia Brunson Projects","2G Royal Oak Yard","Bermondsey Street","","Southwark","https://www.ceciliabrunsonprojects.com/","10009800248","E09000028","London Bridge & West Bermondsey","E05011104",51.498986,-0.082382679,533203.2185,179525.8463,"Commercial_galleries"
"Corvi-Mora","1a Kempsford Road (off Wincott Street)","London","","Lambeth","https://www.corvi-mora.com/","1.00E+11","E09000022","Kennington","E05014105",51.491182,-0.1085242,531411.2538,178610.8306,"Commercial_galleries"
"EMALIN","1 Holywell Lane","London","","Hackney","https://emalin.co.uk/","1.00E+11","E09000012","Hoxton East & Shoreditch","E05009377",51.523871,-0.077589364,533463.1767,182301.8198,"Commercial_galleries"
"Goodman Gallery","26 Cork Street","London","","Westminster","https://www.goodman-gallery.com/","10033640464","E09000033","West End","E05013808",51.510257,-0.14126892,529084.2685,180673.7734,"Commercial_galleries"
"Gossamer Fog","BST 186a Deptford High Street","London","","Lewisham","https://www.gossamerfog.com/","1.00E+11","E09000023","Deptford","E05013719",51.480444,-0.026114803,537164.1921,177567.8631,"Commercial_galleries"
"greengrassi","1a Kempsford Road","London","","Lambeth","https://www.greengrassi.com/","1.00E+11","E09000022","Kennington","E05014105",51.491182,-0.1085242,531411.2538,178610.8306,"Commercial_galleries"
"Hazlitt Holland-Hibbert","37-38 Bury Street","London","","Westminster","www.hh-h.com","1.00E+11","E09000033","St James's","E05013806",51.506479,-0.13835337,529297.27,180258.7972,"Commercial_galleries"
"Hignell Gallery","12 - 14 Shepherd Street","London","","Westminster","https://hignellgallery.com/","10033623042","E09000033","West End","E05013808",51.506319,-0.14699138,528698.2804,180225.7946,"Commercial_galleries"
"Huxley-Parlour","3-5 Swallow Street","London","","Westminster","https://huxleyparlour.com/","10033625765","E09000033","West End","E05013808",51.509189,-0.13743589,529353.266,180561.772,"Commercial_galleries"
"Jack Bell","13 Mason's Yard","London","","Westminster","https://www.jackbellgallery.com/","1.00E+11","E09000033","St James's","E05013806",51.507762,-0.13704737,529384.2673,180403.7741,"Commercial_galleries"
"JD Malat Gallery","30 Davies Street","London","","Westminster","https://jdmalat.com/","1.00E+11","E09000033","West End","E05013808",51.511952,-0.14777164,528628.2723,180850.8209,"Commercial_galleries"
"Karsten Schubert London","Room 2, 44 Lexington Street","London","","Westminster","https://www.karstenschubert.com/","1.00E+11","E09000033","West End","E05013808",51.513081,-0.13619624,529428.2594,180996.7565,"Commercial_galleries"
"KÖNIG London","259 Old Marylebone Road","London","","Westminster","https://www.koeniggalerie.com/","1.00E+11","E09000033","Marylebone","E05013801",51.518231,-0.16678788,527291.2839,181515.8358,"Commercial_galleries"
"LAMB","32 St. George Street","London","","Westminster","https://www.lamb-arts.com/","1.00E+11","E09000033","West End","E05013808",51.512205,-0.1427317,528977.2662,180887.8168,"Commercial_galleries"
"Luxembourg + Co.","2 Savile Row","London","","Westminster","https://luxembourgco.com/","1.00E+11","E09000033","West End","E05013808",51.510409,-0.13949018,529207.2652,180693.8119,"Commercial_galleries"
"LGDR","22 Old Bond Street","London","","Westminster","https://lgdr.com/","1.00E+11","E09000033","West End","E05013808",51.509455,-0.14114305,529095.269,180584.8119,"Commercial_galleries"
"Lyndsey Ingram","20 Bourdon Street","London","","Westminster","https://lyndseyingram.com/","See notes","E09000033","West End","E05013808",51.51115,-0.14527,528804.1159,180766.0332,"Commercial_galleries"
"Maddox Gallery","9 Maddox Street","Mayfair","London","Westminster","https://maddoxgallery.com/","1.00E+11","E09000033","West End","E05013808",51.51331,-0.14156259,529055.2651,181012.7534,"Commercial_galleries"
"MASSIMODECARLO","55 South Audley Street","London","","Westminster","https://www.massimodecarlo.com/","1.00E+11","E09000033","West End","E05013808",51.509755,-0.1521696,528329.281,180598.798,"Commercial_galleries"
"Mazzoleni","15 Old Bond St","London","","Westminster","https://mazzoleniart.com/","1.00E+11","E09000033","West End","E05013808",51.50906,-0.14059713,529134.2675,180541.8496,"Commercial_galleries"
"MMX Gallery","448 New Cross Road","London","","Lewisham","https://mmxgallery.com/","1.00E+11","E09000023","Deptford","E05013719",51.475247,-0.029348836,536955.2037,176983.9112,"Commercial_galleries"
"mother's tankstation","58-64 Three Colts Lane","London","","Tower Hamlets","http://www.motherstankstation.com/","See notes","E09000030","St Peter's","E05009331",51.52449,-0.05565,534983.2384,182410.9111,"Commercial_galleries"
"hmad Projects","2 Cork St","London","","Westminster","https://nahmadprojects.com/","10033547503","E09000033","West End","E05013808",51.510547,-0.14194887,529036.2677,180704.8238,"Commercial_galleries"
"Opera Gallery","134 New Bond Street","London","","Westminster","https://www.operagallery.com/","1.00E+11","E09000033","West End","E05013808",51.511972,-0.14447058,528857.2678,180858.8467,"Commercial_galleries"
"Parafin Gallery","18 Woodstock Street","London","","Westminster","http://parafin.co.uk/","1.00E+11","E09000033","West End","E05013808",51.513926,-0.14748981,528642.2682,181070.8273,"Commercial_galleries"
"Patrick Heide Contemporary Art","11 Church Street","London","","Westminster","https://www.patrickheide.com/","1.00E+11","E09000033","Church Street","E05013794",51.524383,-0.16864545,527145.2795,182196.7227,"Commercial_galleries"
"Paul Stolper","31 Museum Street","London","","Camden","https://www.paulstolper.com/","5159442","E09000007","Bloomsbury","E05013653",51.51791,-0.12603937,530119.2409,181551.7413,"Commercial_galleries"
"Pippy Houldsworth Gallery","6 Heddon Street","London","","Westminster","https://www.houldsworth.co.uk/","1.00E+11","E09000033","West End","E05013808",51.511055,-0.13942061,529210.2654,180765.7706,"Commercial_galleries"
"Project tive Informant","Dressage Court","48 Three Colts Lane ","","Tower Hamlets","https://projectnativeinformant.com/","6708732","E09000030","St Peter's","E05009331",51.524428,-0.056302719,534938.1445,182402.8121,"Commercial_galleries"
"Richard Saltoun Gallery","41 Dover Street","London","","Westminster","https://www.richardsaltoun.com/","1.00E+11","E09000033","West End","E05013808",51.50805,-0.14212252,529031.2706,180426.8486,"Commercial_galleries"
"Rodeo","12a Bourdon Street","London","","Westminster","https://rodeo-gallery.com/","1.00E+11","E09000033","West End","E05013808",51.51093,-0.14568023,528776.2708,180740.8477,"Commercial_galleries"
"Seen Fifteen","Studio DG1, The Bussey Building","Copeland Park","133 Copeland Road","Southwark","http://seenfifteen.com/","2.00E+11","E09000028","Rye Lane","E05011113",51.469999,-0.065772976,534441.2204,176332.8487,"Commercial_galleries"
"Seventeen","270-276 Kingsland Road (Entrance on Acton Mews)","London","","Hackney","http://www.seventeengallery.com/","1.00E+11","E09000012","Haggerston","E05009375",51.53785,-0.076250515,533515.1539,183858.7666,"Commercial_galleries"
"Simon Lee Gallery","12 Berkeley Street","London","","Westminster","https://www.simonleegallery.com/","1.00E+11","E09000033","West End","E05013808",51.508216,-0.14298037,528971.2729,180443.7973,"Commercial_galleries"
"Stephen Friedman Gallery","25-28 Old Burlington Street","London","","Westminster","https://www.stephenfriedman.com/","1.00E+11","E09000033","West End","E05013808",51.510608,-0.14125465,529084.2669,180712.8302,"Commercial_galleries"
"Stern Pissarro Gallery","66 St. James's Street","London","","Westminster","","1.00E+11","E09000033","St James's","E05013806",51.506071,-0.13924901,529236.2706,180211.8468,"Commercial_galleries"
"TAFETA","91 Great Russell Street","London","","Camden","https://www.tafeta.com/","See notes","E09000007","Bloomsbury","E05013653",51.51794,-0.12734,530028.9201,181552.7677,"Commercial_galleries"
"Thaddeus Ropac","Ely House","37 Dover Street","","Westminster","https://ropac.net/","1.00E+11","E09000033","West End","E05013808",51.508497,-0.14253664,529001.2713,180475.8261,"Commercial_galleries"
"The Approach","47 Approach Road","London","","Tower Hamlets","https://theapproach.co.uk/","6040399","E09000030","St Peter's","E05009331",51.531359,-0.051826309,535228.1263,183181.8271,"Commercial_galleries"
"San Mei Gallery","39a Loughborough Road","","","Lambeth","https://www.sanmeigallery.co.uk/","10094054829","E09000022","Myatt's Fields","E05014107",51.470868,-0.10854377,531468.2266,176351.8552,"Commercial_galleries"
"Fitztrovia Chapel","Fitzroy Place","2 Pearson Square","","Westminster","https://www.fitzroviachapel.org/","10033628103","E09000033","West End","E05013808",51.518969,-0.13833416,529263.253,181647.7341,"Commercial_galleries"
"The Gallery of Everything","4 Chiltern Street","","","Westminster","https://www.gallevery.com/","1.00E+11","E09000033","Marylebone","E05013801",51.518587,-0.15455076,528139.2709,181576.7607,"Commercial_galleries"
"TJ Boulting","59 Riding House Street","","","Westminster","https://www.tjboulting.com/","1.00E+11","E09000033","West End","E05013808",51.519301,-0.13940168,529188.2529,181682.7696,"Commercial_galleries"
"Union Pacific","17 Goulston Street","","","Tower Hamlets","https://unionpacific.co.uk/","6001918","E09000030","Spitalfields & Banglatown","E05009333",51.51604,-0.074993225,533666.1867,181435.7414,"Commercial_galleries"
"Vigo Gallery","7-8 Masons Yard","St. James's","","Westminster","https://www.vigogallery.com/","10033538227","E09000033","St James's","E05013806",51.507811,-0.13730475,529366.268,180408.7684,"Commercial_galleries"
"Yamamoto Keiko Rochaix","19 Goulston Street","","","Tower Hamlets","https://yamamotokeiko.com/","6002479","E09000030","Spitalfields & Banglatown","E05009333",51.51604,-0.074993225,533666.1867,181435.7414,"Commercial_galleries"
"Knight Webb Gallery","58 Battersea Bridge Rd","","","Wandsworth","https://www.knightwebbgallery.com/","1.00E+11","E09000032","St Mary's","E05014018",51.478596,-0.17049448,527144.3125,177101.9209,"Commercial_galleries"
"JGM Gallery","24 Howie St","","","Wandsworth","https://www.jgmgallery.com/","10094189970","E09000032","Battersea Park","E05014010",51.479244,-0.16938845,527219.313,177175.8994,"Commercial_galleries"
"Quantum Contemporary Art","The Imperial Laundry","87 Warriner Gardens","","Wandsworth","https://www.quantumart.co.uk/","See notes","E09000032","Battersea Park","E05014010",51.47422,-0.15817,528012.3323,176636.7531,"Commercial_galleries"
"London Glassblowing ","62-66 Bermondsey Street","","","Southwark","https://londonglassblowing.co.uk/","2.00E+11","E09000028","London Bridge & West Bermondsey","E05011104",51.501615,-0.082574898,533182.2157,179817.841,"Commercial_galleries"
"Moarain House","223 Cambridge Heath Road","E2 0EL","","Tower Hamlets","https://www.moarainhouse.com/","6179213","E09000030","St Peter's","E05009331",51.524971,-0.055429054,534997.1424,182464.8079,"Commercial_galleries"
"Guts Gallery ","Unit 2, Sidings House","10 Andre Street","Lower Clapton","Hackney","https://gutsgallery.co.uk/","10008348250","E09000012","Hackney Central","E05009372",51.550799,-0.062563985,534426.1639,185323.8129,"Commercial_galleries"
"Unit London","3 Hanover Square","Mayfair","","Westminster","https://unitlondon.com/","1.00E+11","E09000033","West End","E05013808",51.513457,-0.14289693,528962.2665,181026.7499,"Commercial_galleries"
"Sid Motion Gallery","24a Perth Centre","Hatcham Road","","Southwark","https://sidmotiongallery.co.uk/","No UPRN","E09000028","Old Kent Road","E05011109",51.48388,-0.05488,535156.7398,177896.4559,"Commercial_galleries"
"Indigo + Madder","Kirkman House","12 - 14 Whitfield Street","","Camden","https://indigoplusmadder.com/","5161102","E09000007","Bloomsbury","E05013653",51.519403,-0.13392022,529568.2459,181703.7943,"Commercial_galleries"
"Bosse & Baum","Unit BGC","Ground Floor, Bussey Building"," 133 Rye Lane","Southwark","https://www.bosseandbaum.com/","2.00E+11","E09000028","Rye Lane","E05011113",51.469999,-0.065772976,534441.2204,176332.8487,"Commercial_galleries"
"Alice Black","46 Mortimer St","London","","Westminster","https://www.aliceblackart.com/","1.00E+11","E09000033","West End","E05013808",51.517909,-0.14065473,529105.2563,181525.768,"Commercial_galleries"
"Taymour Grahne - Holland Park","10 Portland Road","London","","Kensington and Chelsea","https://taymourgrahne.com/","217106980","E09000020","Norland","E05009398",51.507294,-0.20796417,524464.3453,180228.8643,"Commercial_galleries"
"Taymour Grahne - Holland Park","1 Lonsdale Road","London","","Kensington and Chelsea","https://taymourgrahne.com/","217113069","E09000020","Colville","E05009392",51.515206,-0.19969792,525016.327,181122.7709,"Commercial_galleries"
"Taymour Grahne Projects - The Artist Room","52 Lonsdale Road","London","","Kensington and Chelsea","https://taymourgrahne.com/","217055450","E09000020","Colville","E05009392",51.514732,-0.20159024,524886.3282,181066.8333,"Commercial_galleries"
"DADA Gallery","4 Cromwell Place","London","","Kensington and Chelsea","https://thedadagallery.com/","217021416","E09000020","Brompton & Hans Town","E05009389",51.495116,-0.17460158,526813.3264,178931.8606,"Commercial_galleries"
"IONE & MANN","4 Cromwell Place","London","","Kensington and Chelsea","https://www.ioneandmann.com/","217021416","E09000020","Brompton & Hans Town","E05009389",51.495116,-0.17460158,526813.3264,178931.8606,"Commercial_galleries"
"Addis Fine Art","21 Eastcastle St","London","","Westminster","https://addisfineart.com/","1.00E+11","E09000033","West End","E05013808",51.516815,-0.13798962,529293.2541,181408.8147,"Commercial_galleries"
"ammann // projects","4 Cromwell Place","London","","Kensington and Chelsea","https://www.ammann-projects.com/","217021416","E09000020","Brompton & Hans Town","E05009389",51.495116,-0.17460158,526813.3264,178931.8606,"Commercial_galleries"
"Amanda Wilkinson Gallery","1st Floor, 18 Brewer St","London","","Westminster","https://amandawilkinsongallery.com/","1.00E+11","E09000033","West End","E05013808",51.51235,-0.13430933,529561.257,180918.8042,"Commercial_galleries"
"3812 Gallery","21 Ryder Street","","","Westminster","https://www.3812gallery.com/","1.00E+11","E09000033","St James's","E05013806",51.5066,-0.13857901,529281.2692,180271.8543,"Commercial_galleries"
"Bartha Contemporary","7 Ledbury Mews North","London","","Kensington and Chelsea","https://www.barthacontemporary.com/","217052551","E09000020","Colville","E05009392",51.513711,-0.19952628,525032.3282,180956.8168,"Commercial_galleries"
"AALondon Gallery","24 Devonshire Road","Chiswick","","Hounslow","https://www.aalondongallery.com/","2.00E+11","E09000018","Chiswick Homefields","E05013610",51.491728,-0.25567924,521194.4227,178417.9138,"Commercial_galleries"
"Black Box Projects","4 Cromwell Place, Gallery 3","London","","Kensington and Chelsea","https://blackboxprojects.art/","217021416","E09000020","Brompton & Hans Town","E05009389",51.495116,-0.17460158,526813.3264,178931.8606,"Commercial_galleries"
"Ben Hunter","44 Duke Street","London","","Westminster","https://www.benhunter.gallery/","10033533700","E09000033","St James's","E05013806",51.506981,-0.13768445,529342.269,180315.801,"Commercial_galleries"
"Berntson Bhattacharjee Gallery","4 Cromwell Place","London","","Kensington and Chelsea","https://www.bbgallery.art/","217021416","E09000020","Brompton & Hans Town","E05009389",51.495116,-0.17460158,526813.3264,178931.8606,"Commercial_galleries"
"Castor","Kirkman House","12 - 14 Whitfield Street","","Camden","https://www.castor.gallery/","5161102","E09000007","Bloomsbury","E05013653",51.519403,-0.13392022,529568.2459,181703.7943,"Commercial_galleries"
"Claas Reiss","96 Robert Street","London","","Camden","https://claasreiss.com/","5006981","E09000007","Regent's Park","E05013668",51.528678,-0.14324357,528895.2447,182718.7353,"Commercial_galleries"
"Cooke Latham","41 Parkgate Road","London","","Wandsworth","https://www.cookelathamgallery.com/","10090501557","E09000032","Battersea Park","E05014010",51.479149,-0.16736167,527360.311,177168.8554,"Commercial_galleries"
"CØPPERFIELD","6 Copperfield Street","London","","Southwark","https://www.copperfieldgallery.com/","2.00E+11","E09000028","Borough & Bankside","E05011095",51.503167,-0.097293305,532156.23,179963.7705,"Commercial_galleries"
"Darren Flook/Freehouse","106 Great Portland St.","London","","Westminster","https://freehouse54.com/","1.00E+11","E09000033","West End","E05013808",51.519292,-0.14221278,528993.255,181676.8144,"Commercial_galleries"
"Doyle Wham","91a Rivington Street","London","","Hackney","https://www.doylewham.com/","1.00E+11","E09000012","Hoxton East & Shoreditch","E05009377",51.526368,-0.07853656,533390.1761,182577.7624,"Commercial_galleries"
"Eve Leibe","5 Dalston Lane","London","","Tower Hamlets","https://www.eveleibegallery.com/","6718547","E09000030","Bow East","E05009319",51.539715,-0.023450254,537171.0953,184163.77,"Commercial_galleries"
"Galerie Max Hetzler","First Floor, 41 Dover Street
","London","","Westminster","www.maxhetzler.com","See notes","E09000033","West End","E05013808",51.5081,-0.14205,529036.1618,180432.5364,"Commercial_galleries"
"Grove Collective","9b Battersea Square","London","","Wandsworth","https://grovecollective.co/","See notes","E09000032","St Mary's","E05014018",51.47539,-0.17529,526820.1979,176737.0975,"Commercial_galleries"
"Hollybush Gardens","1–2 Warner Yard","London","","Camden","https://hollybushgardens.co.uk/","5193849","E09000007","Holborn & Covent Garden","E05013662",51.523176,-0.11122059,531132.2206,182163.7496,"Commercial_galleries"
"Holtermann Fine Art","30 Cork Street","London","","Westminster","https://www.holtermannfineart.com/","10033572344","E09000033","West End","E05013808",51.510531,-0.14151718,529066.2677,180703.8051,"Commercial_galleries"
"Josh Lilley","40-46 Riding House Street","London","","Westminster","https://joshlilleygallery.com/","1.00E+11","E09000033","West End","E05013808",51.519056,-0.13928193,529197.2538,181655.7365,"Commercial_galleries"
"Lehmann Maupin","1 Cromwell Place","London","","Kensington and Chelsea","https://www.lehmannmaupin.com/","217021409","E09000020","Brompton & Hans Town","E05009389",51.494873,-0.17458248,526815.3263,178904.8716,"Commercial_galleries"
"LUNGLEY Gallery","2nd Floor","53 Great Portland Street","","Westminster","https://lungleygallery.com/","1.00E+11","E09000033","West End","E05013808",51.517477,-0.14176774,529029.2581,181475.7678,"Commercial_galleries"
"MAMOTH","3 Endsleigh Street","London","","Camden","https://www.mamoth.co.uk/","5020599","E09000007","Bloomsbury","E05013653",51.526241,-0.13080065,529765.2365,182469.7092,"Commercial_galleries"
"Studio M ","Rochelle School","Friars Mount House","7 Playground Garde","Tower Hamlets","https://www.maureenpaley.com/","6180242","E09000030","Weavers","E05009335",51.525775,-0.074150215,533696.1687,182519.8268,"Commercial_galleries"
"Maximilian William ","47 Mortimer Street","London","","Westminster","https://maximillianwilliam.com/","10033604688","E09000033","West End","E05013808",51.517823,-0.13918806,529207.2546,181518.7908,"Commercial_galleries"
"NiCOLETTi","12A Vyner Street","London","","Tower Hamlets","https://nicoletticontemporary.com/","6023255","E09000030","St Peter's","E05009331",51.534309,-0.056184619,534917.1277,183501.8339,"Commercial_galleries"
"Niru Ratm","First Floor, 23 Ganton Street","London","","Westminster","www.niruratnam.com","1.00E+11","E09000033","West End","E05013808",51.512796,-0.13920555,529220.263,180959.7513,"Commercial_galleries"
"No.9 Cork Street","9 Cork Street","London","","Westminster","https://www.frieze.com/no9-cork-street","10033647382","E09000033","West End","E05013808",51.510235,-0.14158686,529062.2689,180670.7668,"Commercial_galleries"
"PATERSON ZEVI","Flat 1, 41 Davies Street","London","","Westminster","https://patersonzevi.com/","No UPRN","E09000033","West End","E05013808",51.51226,-0.14836,528586.5805,180884.038,"Commercial_galleries"
"Pilar Corrias Savile Row","2 Savile Row","W1S 3PA","","Westminster","http://www.pilarcorrias.com/#","1.00E+11","E09000033","West End","E05013808",51.510409,-0.13949018,529207.2652,180693.8119,"Commercial_galleries"
"PUBLIC Gallery","91 Middlesex Street","London","","City of London","https://publicgallery.co/","1.00E+11","E09000001","Portsoken","E05009308",51.516258,-0.076713646,533546.1862,181456.8417,"Commercial_galleries"
"Saatchi Yates","6 Cork Street","London","","Westminster","https://saatchiyates.com/","1.00E+11","E09000033","West End","E05013808",51.51034,-0.14195728,529036.2688,180681.7904,"Commercial_galleries"
"SEAGER","Distillery Tower","2 Mill Lane","","Lewisham","https://seagergallery.com/","10090785511","E09000023","Brockley","E05013716",51.473662,-0.023354832,537376.2062,176818.8862,"Commercial_galleries"
"Sim Smith","6 Camberwell Passage","London","","Southwark","https://www.sim-smith.com/","10093342310","E09000028","Camberwell Green","E05011096",51.474801,-0.094326691,532444.2221,176814.8098,"Commercial_galleries"
"Soft Opening","6 Minerva Street","London","","Tower Hamlets","https://www.softopening.london/","6143359","E09000030","St Peter's","E05009331",51.531598,-0.059731586,534679.1374,183193.82,"Commercial_galleries"
"South Parade","Enclave 9","50 Resolution Way","Deptford","Lewisham","https://www.southparade.biz/","10090784821","E09000023","Deptford","E05013719",51.478455,-0.024386142,537290.1944,177349.928,"Commercial_galleries"
"Sundy","63 Black Prince Rd","London","","Lambeth","https://sundy.co.uk/","1.00E+11","E09000022","Vauxhall","E05014117",51.491534,-0.11863653,530708.2641,178631.8856,"Commercial_galleries"
"Tabula Rasa Gallery","Unit One, 99 East Road","London","","Hackney","https://gallerytabularasa.co.uk/","1.00E+11","E09000012","Hoxton West","E05009378",51.529782,-0.087158568,532782.185,182941.7198,"Commercial_galleries"
"The Artist Room","Floor 3, 76 Brewer St","London","","Westminster","https://theartistroom.com/","1.00E+11","E09000033","West End","E05013808",51.511005,-0.13679981,529392.2607,180764.8366,"Commercial_galleries"
"The Perimeter","20 Brownlow Mews","London","","Camden","https://www.theperimeter.co.uk/","5019327","E09000007","Holborn & Covent Garden","E05013662",51.524061,-0.11594107,530802.2249,182253.722,"Commercial_galleries"
"Trafalgar Avenue","29 Trafalgar Avenue","London","","Southwark","https://www.trafalgaravenue.co.uk/","2.00E+11","E09000028","Old Kent Road","E05011109",51.485689,-0.073808795,533837.2219,178062.8497,"Commercial_galleries"
"Blue Shop Cottage","113A Grove Lane","London","","Southwark","https://www.blueshopcottage.com/","2.00E+11","E09000028","Champion Hill","E05011097",51.468397,-0.086473108,533008.2165,176116.9163,"Commercial_galleries"
"The Lemongrove Gallery","255A Chiswick High Rd","Chiswick","","Hounslow","https://www.thelemongrovegallery.co.uk/","1.00E+11","E09000018","Chiswick Gunnersbury","E05013609",51.492205,-0.26176883,520770.4289,178460.9069,"Commercial_galleries"
"Xxijra Hii","Enclave 4","50 Resolution Way","","Lewisham","https://xxijrahii.net/","10090784822","E09000023","Deptford","E05013719",51.478455,-0.024386142,537290.1944,177349.928,"Commercial_galleries"
"OPEN Ealing","Unit 14, School Lane Dickens Yard","","","Ealing","https://openealing.com","12181007","E09000009","Ealing Broadway","E05013520",51.513877,-0.3060391,517641.4472,180798.9061,"Commercial_galleries"
"Camden Collective","Auction Room","5-7 Buck Street","Camden Town","Camden","www.camdencollective.co.uk/","5083338","E09000007","Camden Town","E05013655",51.54022888,-0.141521672,528982.0375,184006.2383,"Creative_coworking_desk_space"
"Second Home","Second Home Spitafields","68-80 Hanbury Street","","Tower Hamlets","http://secondhome.io/","6000144","E09000030","Spitalfields & Banglatown","E05009333",51.51952071,-0.068843891,534082.6081,181834.0523,"Creative_coworking_desk_space"
"The Trampery Republic","The Trampery (Republic)","Anchorage House","2 Clove Crescent","Tower Hamlets","www.thetrampery.com","6083018","E09000030","Poplar","E05009328",51.50970702,-0.003233377,538664.1246,180864.9606,"Creative_coworking_desk_space"
"The Carlyle Group","Uncommon","126 New King's Road","","Hammersmith and Fulham","https://uncommon.co.uk/","34107031","E09000013","Palace & Hurlingham","E05013744",51.47127607,-0.204476671,524804.5972,176229.5281,"Creative_coworking_desk_space"
"Huckletree","Huckletree","White City Place","191 Wood Lane","Hammersmith and Fulham","http://www.huckletree.com/","34160930","E09000013","College Park & Old Oak","E05013736",51.51286842,-0.226283471,523178.0419,180817.7874,"Creative_coworking_desk_space"
"Second Home","Second Home Holland Park","47-49 Princes Place","","Kensington and Chelsea","http://secondhome.io/","217117492","E09000020","Norland","E05009398",51.5075609,-0.208631972,524417.2763,180257.4098,"Creative_coworking_desk_space"
"The Green House","The Green House E9","Greenhouse","49 Green Lanes","Islington","http://www.thegreenhouselondon.com/coworking/","5300037627","E09000019","Mildmay","E05013709",51.55241886,-0.086378056,532770.4623,185460.4261,"Creative_coworking_desk_space"
"The Carlyle Group","Uncommon","25 Horsell Road","","Islington","https://uncommon.co.uk/","5300051070","E09000019","Highbury","E05013704",51.54981458,-0.10656764,531378.2975,185134.3413,"Creative_coworking_desk_space"
"Canal Studios","Canal Studios","Reliance Wharf","Hertford Road","Hackney","http://canal-studios.co.uk/","10008239524","E09000012","Haggerston","E05009375",51.53675409,-0.077120569,533458.0237,183735.3077,"Creative_coworking_desk_space"
"Soho Works Shoreditch","The Tea Building","56 Shoreditch High Street","","Tower Hamlets","http://sohoworks.com/shoreditch/","10008297236","E09000030","Weavers","E05009335",51.52356281,-0.07510294,533636.5575,182272.0875,"Creative_coworking_desk_space"
"The Green House","The Green House N16","Greenhouse","Makintosh Lane","Hackney","http://www.thegreenhouselondon.com/coworking/","10008301285","E09000012","Hackney Wick","E05009374",51.54684138,-0.040965447,535935.2929,184923.5956,"Creative_coworking_desk_space"
"Farrells Creative Hub","Farrells Creative Hub","","Penfold Street","Westminster","https://hubblehq.com/office-space/2955/farrells-creative-hub-paddington","10033594009","E09000033","Church Street","E05013794",51.52296068,-0.171808369,526929.8258,182033.072,"Creative_coworking_desk_space"
"Matthews Yard","Matthews Yard","1 Matthews Yard","Off Surrey Street","Croydon","http://matthewsyard.com","10090382144","E09000008","Fairfield","E05011468",51.37163487,-0.099516428,532381.3903,165333.3368,"Creative_coworking_desk_space"
"Areaworks","Areaworks Manor House","Unit 5 Manor House","2 Overbury Road","Haringey","http://areaworks.com/","10090477296","E09000014","Hermitage & Gardens","E05013591",51.57553108,-0.085753703,532746.5342,188031.6938,"Creative_coworking_desk_space"
"Huckletree","Huckletree","18 Finsbury Square","The Alphabeta Buil","Islington","http://www.huckletree.com/","10091002838","E09000019","Bunhill","E05013699",51.5211989,-0.085077918,532951.4887,181991.0443,"Creative_coworking_desk_space"
"Ark Coworking","Ark Coworking","237 Pentonville Road","King's Cross","Islington","www.arkcoworking.com","10093112761","E09000019","Clerkenwell","E05013702",51.53041515,-0.116601152,530738.2408,182959.1288,"Creative_coworking_desk_space"
"This Time Next Year","This Time Next Year","80 Ruckholt Road","","Waltham Forest","https://www.thistimenextyear.co.uk/","10093559245","E09000031","Leyton","E05013896",51.55692352,-0.009562731,538082.0404,186103.4672,"Creative_coworking_desk_space"
"Millers Junction","Millers Junction","Unit 1","10-28 Millers Aven","Hackney","www.millersjunction.com/","1.00E+11","E09000012","Shacklewell","E05009382",51.55193537,-0.07287466,533708.0172,185431.2748,"Creative_coworking_desk_space"
"Bootstrap Charity","Bootstrap Company","18 Ashwin Street","","Hackney","www.bootstrapcompany.co.uk","10008241414","E09000012","Dalston","E05009370",51.54650564,-0.072374834,533758.5666,184828.3927,"Creative_coworking_desk_space"
"Second Home","Second Home London Fields","125-129 Mare Street","","Hackney","http://secondhome.io/","1.00E+11","E09000012","Victoria","E05009386",51.53769035,-0.055931664,534924.6735,183878.3204,"Creative_coworking_desk_space"
"Another Place Coworking","3-9 Belfast Road","","","Hackney","https://www.beehivecoworking.com/","1.00E+11","E09000012","Cazenove","E05009368",51.56537946,-0.070508703,533832.6392,186930.6126,"Creative_coworking_desk_space"
"Blighty Workspace Finsbury Park","Blightly Arts Workspace","35-37 Blackstock Road","","Hackney","https://blightyarts.org.uk/what-we-do/","1.00E+11","E09000012","Brownswood","E05009367",51.56345352,-0.10129692,531704.3638,186660.5163,"Creative_coworking_desk_space"
"The Handbag Factory","The Handbag Factory","3 Loughborough Street","","Lambeth","http://www.handbag-factory.com","1.00E+11","E09000022","Kennington","E05014105",51.48673752,-0.114065734,531039.3006,178106.6759,"Creative_coworking_desk_space"
"ArtFix Woolwich","51 Powis Street","","","Greenwich","artfix.org.uk","1.00E+11","E09000011","Woolwich Arsenal","E05014092",51.49073476,0.068102393,543673.7684,178892.7859,"Creative_coworking_desk_space"
"Piano House","9 Brighton Terrace","Brixton","","Lambeth","www.pianohousebrixton.co.uk/","1.00E+11","E09000022","Brixton Windrush","E05014098",51.46111732,-0.114791121,531062.2516,175256.3852,"Creative_coworking_desk_space"
"Sohost","Sohost","8 Berwick Street","","Westminster","www.hostsoho.com","1.00E+11","E09000033","West End","E05013808",51.51270638,-0.132884143,529659.1343,180960.9558,"Creative_coworking_desk_space"
"Studio Shoreditch","Shoreditch Studio","77 East Road","","Hackney","www.studioshoreditch.co.uk","2.00E+11","E09000012","Hoxton West","E05009378",51.52859806,-0.086021853,532864.4725,182812.1275,"Creative_coworking_desk_space"
"Universal Workspace","Universal Workspace","25-33 Southwark Street","","Southwark","http://cargocollective.com/universalworkspace","2.00E+11","E09000028","Borough & Bankside","E05011095",51.50403859,-0.0911152,532582.4642,180071.8536,"Creative_coworking_desk_space"
"The Carlyle Group","Uncommon","1 Long Lane","","Southwark","https://uncommon.co.uk/","2.00E+11","E09000028","Chaucer","E05011098",51.50076752,-0.090171159,532657.4753,179709.8184,"Creative_coworking_desk_space"
"The Ministry","79-81 Borough Road","","","Southwark","https://theministry.com/locations/01-br/workspace/","2.00E+11","E09000028","Borough & Bankside","E05011095",51.499023,-0.097955751,532122.2367,179501.7614,"Creative_coworking_desk_space"
"Scratch Hub","Battersea Arts Centre","Lavender Hill","","Wandsworth","https://bac.org.uk/scratch-hub/","121015942","E09000032","Shaftesbury & Queenstown","E05014019",51.465162,-0.16083884,527852.2738,175624.8274,"Creative_coworking_desk_space"
"Rara","Rara","2 Grosvenor Way","","Waltham Forest","www.r-a-r-a.com/","1.00E+11","E09000031","Valley","E05013901",51.61686,-0.017962308,537319.1807,192752.8582,"Creative_coworking_desk_space"
"PLACE/Ladywell","Ground Floor, Units A, B and C","261 Lewisham High Street","","Lewisham","https://www.placeladywell.co.uk/ https://www.meanwhilespace.com/single-post/place-ladywell","10093391638","E09000023","Ladywell","E05013725",51.456548,-0.01371593,538097.2208,174933.9392,"Creative_coworking_desk_space"
"The Granville","140 Carlton Vale","Kilburn","","Brent","https://thegranville.org/workspace/","202224307","E09000005","Kilburn","E05013503",51.532724,-0.19739206,525128.2979,183074.7493,"Creative_coworking_desk_space"
"Creative Works","7 Blackhorse Ln","","","Waltham Forest","https://www.creativeworks.space/","No UPRN","E09000031","St James","E05013899",51.58867,-0.04009,535871.4312,189576.6638,"Creative_coworking_desk_space"
"Clockwise Group LTD","Greenside House","50 Station Road","","Haringey","https://work-clockwise.com/","1.00E+11","E09000014","Woodside","E05013605",51.596838,-0.11317623,530785.2587,190351.6795,"Creative_coworking_desk_space"
"Tripod Brixton","Lambeth Town Hall","Brixton","","Lambeth","https://www.meanwhilespace.com/single-post/tripod / https://www.tripodbrixton.co.uk/","1.00E+11","E09000022","Brixton Acre Lane","E05014095",51.460661,-0.11689773,530917.2205,175201.8768,"Creative_coworking_desk_space"
"Artist Hive Studios","Pretoria Road North","","","Enfield","https://www.artisthivestudios.com/","207013560","E09000010","Upper Edmonton","E05013694",51.609075,-0.071608902,533628.2804,191787.6997,"Creative_coworking_desk_space"
"Small Works Victoria","Block A Peabody Vauxhall Estate","Vauxhall Bridge Rd","","Westminster","https://www.clear-village.org/projects/smallworks/victoria","10033544929","E09000033","Vincent Square","E05013807",51.493905,-0.13990291,529225.2899,178857.8217,"Creative_coworking_desk_space"
"9 & 17 Lyon Road","9 & 17 Lyon Road","Wimbledon","","Merton","https://mainyardstudios.co.uk/private-offices-music-studios-wimbledon/","48046261","E09000024","Abbey","E05013810",51.412121,-0.18662351,526207.2766,169682.0131,"Creative_coworking_desk_space"
"Old Paradise Yard","20 Carlisle Ln","Waterloo","","Lambeth","https://eatworkart.com/old-paradise-yard","2.00E+11","E09000022","Waterloo & South Bank","E05014118",51.498487,-0.11654926,530833.2582,179408.7902,"Creative_coworking_desk_space"
"Makeshift","Peckham Levels","Level 1 To 6 Peckham Town Centre Car ","95a Rye Lane","Southwark","https://www.peckhamlevels.org/about","2.00E+11","E09000028","Rye Lane","E05011113",51.470741,-0.068232581,534268.2198,176410.8463,"Creative_coworking_desk_space"
"Narrow Yard ","20 Wilmot Road","Leyton","","Waltham Forest","https://www.narrowyard.co.uk/","1.00E+11","E09000031","Leyton","E05013896",51.56283,-0.012521594,537859.0876,186754.706,"Creative_coworking_desk_space"
"Meanwhile Space","Central Parade","6-10 Central Parade","Hoe Street","Waltham Forest","https://www.meanwhilespace.com/single-post/central-parade","2.00E+11","E09000031","Hoe Street","E05013893",51.58524,-0.01922,537327.358,189234.1818,"Creative_coworking_desk_space"
"Hackney Downs Studios ","17 Amhurst Terrace","Lower Clapton","","Hackney","https://eatworkart.com/hackney-downs-studios/studios/heartspace","10008337805","E09000012","Shacklewell","E05009382",51.55475,-0.067156424,534096.1822,185754.7407,"Creative_coworking_desk_space"
"Somerset House Trust","Exchange (Somerset House)","Somerset House","","Westminster","www.somersethouse.org.uk/work/office-space","1.00E+11","E09000033","St James's","E05013806",51.511019,-0.117978,530698.2404,180799.8075,"Creative_coworking_desk_space"
"De Beauvoir Block","De Beauvoir Block","92-96 De Beauvoir Road","","Hackney","http://www.debeauvoirblock.com/#home","10008348446","E09000012","De Beauvoir","E05009371",51.541897,-0.080117779,533235.1602,184301.7491,"Creative_coworking_desk_space"
"Oxford House Theatre","87 Derbyshire Street","","","Tower Hamlets","https://www.oxfordhouse.org.uk/space-hire/offices-and-workspace-for-rent/","6089004","E09000030","St Peter's","E05009331",51.526367,-0.061510951,534571.1484,182608.8377,"Creative_coworking_desk_space"
"Four Corners","121 Roman Road","","","Tower Hamlets","http://www.fourcornersfilm.co.uk/home","6039056","E09000030","Bethnal Green","E05009317",51.52875,-0.04884,535442.9882,182897.2142,"Creative_coworking_desk_space"
"The Trampery Old Street","239 Old Street","London","","Hackney","https://thetrampery.com/spaces/workspaces/old-street/","10008287321","E09000012","Hoxton West","E05009378",51.526625,-0.084321144,532988.183,182595.8102,"Creative_coworking_desk_space"
"The Trampery Tottenham","639 High Road","London","","Haringey","https://thetrampery.com/spaces/workspaces/tottenham/","1.00E+11","E09000014","Bruce Castle","E05013587",51.599096,-0.068465165,533875.2772,190683.7438,"Creative_coworking_desk_space"
"Blighty Workspace Tottenham ","266 High road","Tottenham","London","Haringey","http://blightyworkspace.co.uk/","1.00E+11","E09000014","South Tottenham","E05013599",51.585709,-0.07135704,533714.2649,189189.7562,"Creative_coworking_desk_space"
"Office Club ","The Bussey Building","Block B, Floor 3","133 Rye Lane","Southwark","https://jointheofficeclub.com/","10094087616","E09000028","Rye Lane","E05011113",51.469815,-0.068199736,534273.2173,176307.936,"Creative_coworking_desk_space"
"Soho Works White City","2 Television Centre","101 Wood Lane","London","Hammersmith and Fulham","https://www.sohohouse.com/soho-works/white-city","10092040398","E09000013","White City","E05013752",51.510681,-0.22614773,523193.3598,180574.7696,"Creative_coworking_desk_space"
"Soho Works Dean Street","72-74 Dean Street","Soho","London","Westminster","https://www.sohohouse.com/soho-works/dean-street","1.00E+11","E09000033","West End","E05013808",51.513904,-0.13307844,529642.2536,181093.7886,"Creative_coworking_desk_space"
"Soho Works 180 Strand","180 Strand ","London","","Westminster","https://www.sohohouse.com/soho-works/180-strand","1.00E+11","E09000033","St James's","E05013806",51.512421,-0.11510992,530893.2349,180960.832,"Creative_coworking_desk_space"
"Silver Building (Projekt)","60 Dock road","London","","Newham","http://thisisprojekt.com/silverbuilding","10008985422","E09000025","Royal Victoria","E05013923",51.504762,0.017112899,540091.1371,180353.824,"Creative_coworking_desk_space"
"arebyte Studio - London City Island","7 Botanic Square","","","Tower Hamlets","https://www.arebyte.com/available-studios","No UPRN found","E09000030","Blackwall & Cubitt Town","E05009318",51.51209106,0.006471284,539330.2596,181148.4846,"Creative_coworking_desk_space"
"arebyte Studio - Camberwell","Burgess Business Park, London","","","Southwark","https://www.arebyte.com/available-studios","No UPRN found","E09000028","St Giles","E05011115",51.48047367,-0.086074868,533000.7778,177460.5617,"Creative_coworking_desk_space"
"Grow Studios","86 & 98 Main Yard, Wallis Road","","","Hackney","https://www.growhackneystudios.co.uk","10008332474","E09000012","Hackney Wick","E05009374",51.543811,-0.022623784,537216.0926,184620.7968,"Creative_coworking_desk_space"
"Areaworks Colindale","Unit 23, Beaufort Park","8 Aerodrome Rd","","Barnet","https://www.areaworks.com/coworking-spaces/colindale/","200155308","E09000003","Colindale South","E05013633",51.595283,-0.24240245,521839.2499,189955.5764,"Creative_coworking_desk_space"
"Areaworks Farringdon","57a, Hatton Garden","Holborn","","Camden","https://www.areaworks.com/coworking-spaces/hatton-garden/","5158141","E09000007","Holborn & Covent Garden","E05013662",51.521779,-0.10879904,531304.2206,182012.7405,"Creative_coworking_desk_space"
"Batch Space ","Hackney Depot","5 Sheep Lane","","Hackney","https://www.batch.space/index.html","10008353302","E09000012","London Fields","E05009381",51.535491,-0.059133464,534709.1298,183627.8411,"Creative_coworking_desk_space"
"East Dulwich Creative","18 Vale End","East Dulwich","","Southwark","https://www.eastdulwichcreative.co.uk/","No UPRN","E09000028","Goose Green","E05011103",51.46192,-0.07884,533557.2608,175410.5656,"Creative_coworking_desk_space"
"BENK + BO ","4-6 Gravel Lane","","","City of London","https://www.benkandbo.com/workspace","1.00E+11","E09000001","Portsoken","E05009308",51.515797,-0.076041229,533594.1869,181406.8054,"Creative_coworking_desk_space"
"Pollards Studios","50 Montgomery Close","Mitcham","","Merton","www.launchit.org.uk/launch-it-london","48051309","E09000024","Pollards Hill","E05013821",51.398053,-0.12578111,530478.2038,168224.0177,"Creative_coworking_desk_space"
"Omega Hub","Omega Works, Unit 132","Roach Rd","","Tower Hamlets","https://omegahub.co.uk/coworking-space-hackney-wick/","6650110","E09000030","Bow East","E05009319",51.540793,-0.021225996,537322.092,184287.8101,"Creative_coworking_desk_space"
"Digital Dock","205 High Street","Brentford","","Hounslow","https://www.digitaldockbrentford.com/","1.00E+11","E09000018","Syon & Brentford Lock","E05013627",51.483414,-0.30813308,517574.4784,177407.9634,"Creative_coworking_desk_space"
"Gossamer City Project","1-65 Gossamer Gardens","","","Tower Hamlets","https://gossamercityproject.london/","No UPRN","E09000030","St Peter's","E05009331",51.53263,-0.05902,534725.444,183309.894,"Creative_coworking_desk_space"
"WorkShop","102 St. Pancras Way","","","Camden","https://w-shop.co/","5020346","E09000007","Kentish Town South","E05013664",51.543539,-0.13844203,529186.2232,184379.7562,"Creative_coworking_desk_space"
"The Corner Studios","Vincent's Yard","23 Alphabet Mews","Vassal","Lambeth","https://thecornerstudios.co.uk/","10090201031","E09000022","Stockwell East","E05014110",51.473872,-0.11416498,531069.2365,176675.8339,"Creative_coworking_desk_space"
"Hoxton Studios","237 Hackney Road","","","Hackney","https://www.stourstudios.co.uk/hoxton-studios","1.00E+11","E09000012","Haggerston","E05009375",51.53132,-0.070167518,533956.1562,183143.7324,"Creative_coworking_desk_space"
"Stratford Studios","Duncan House, Jupp Road, Stratford","","","Newham","https://www.stourstudios.co.uk/duncan-house","10094369425","E09000025","Stratford","E05013924",51.538021,-0.002513575,538628.0904,184014.8108,"Creative_coworking_desk_space"
"arebyte Studios - Old Kent Road","765 Old Kent Road","","","Southwark","https://www.arebyte.com/available-studios","2.00E+11","E09000028","Old Kent Road","E05011109",51.480525,-0.058385989,534923.2173,177516.9173,"Creative_coworking_desk_space"
"Bow Arts - Durham Street","47-49 Durham Street","","","Lambeth","https://bowarts.org/studios/durham-street-studios-vauxhall","1.00E+11","E09000022","Oval","E05014108",51.485046,-0.11837066,530745.2642,177910.8876,"Creative_coworking_desk_space"
"Camden Collective","5-7 Buck Street","London","","Camden","https://camdencollective.co.uk/","5083338","E09000007","Camden Town","E05013655",51.540735,-0.1431278,528869.2321,184059.692,"Creative_coworking_desk_space"
"Studio 3 Arts","Boundary Road","","","Barking and Dagenham","https://www.studio3arts.org.uk/","100053573","E09000002","Gascoigne","E05014061",51.52997308,0.081920849,544508.8755,183283.2263,"Creative_workspaces"
"Chocolate Factory 16","Chocolate Factory 16","The Chocolate Factory N16","Farley Place","Hackney","https://www.chocolatefactoryn16.com/","1.00E+11","E09000012","Stoke Newington","E05009385",51.55503297,-0.071913285,533765.5949,185777.4922,"Creative_workspaces"
"The Artworks","The Artwork Creekside","3 Creekside","","Greenwich","https://www.theartworkscreekside.com","1.00E+11","E09000011","Greenwich Park","E05014081",51.47609905,-0.020299452,537581.056,177095.6177,"Creative_workspaces"
"Cockpit Arts","Cockpit Arts","Cockpit Yard","Northington Street","Camden","www.cockpitarts.com","5151188","E09000007","Holborn & Covent Garden","E05013662",51.52137716,-0.114955819,530878.2621,181957.0374,"Creative_workspaces"
"Four Corners","Four Corners","121 Roman Road","","Tower Hamlets","http://www.fourcornersfilm.co.uk/home","6039056","E09000030","Bethnal Green","E05009317",51.52838559,-0.047402169,535543.7995,182859.3497,"Creative_workspaces"
"Limehouse Town Hall Consortium Trust","Limehouse Town Hall","646 Commercial Rd","","Tower Hamlets","www.limehousetownhall.co.uk/","6044870","E09000030","Limehouse","E05009326",51.51160273,-0.029804025,536814.7112,181025.7778,"Creative_workspaces"
"White Post Lane E9","White Post Lane","49 White Post Lane Unit 4","Hackney Wick","Tower Hamlets","www.arbeit.org.uk / www.arebyte.com","6077533","E09000030","Bow East","E05009319",51.5423738,-0.021909521,537269.9405,184462.3162,"Creative_workspaces"
"Poplar E14","Baring House","Canton Street","","Tower Hamlets","www.arbeit.org.uk / www.arebyte.com","6128963","E09000030","Mile End","E05009327",51.51141273,-0.023755679,537234.9575,181015.9643,"Creative_workspaces"
"Ten87 Studios","Ten87 Studios","39a Markfield Road","","Haringey","http://ten87studios.com","10022939575","E09000014","South Tottenham","E05013599",51.58261938,-0.063368807,534276.7504,188860.8219,"Creative_workspaces"
"Urban Space Management (Tbw) Ltd","Urban Space Management (Tbw) Ltd","Trinity Buoy Wharf","64 Orchard Place","Newham","www.trinitybuoywharf.com","6130647","E09000025","Royal Victoria","E05013923",51.50792823,0.010337417,539611.2478,180692.9602,"Creative_workspaces"
"Mowlem Studios","Mowlem Studios","3-7 Mowlem Street","","Tower Hamlets","http://www.mowlemstudios.com/artist-studios","6146334","E09000030","St Peter's","E05009331",51.53261148,-0.05386582,535082.9654,183317.3444,"Creative_workspaces"
"The Nest","The Nest","The Nest","2-4 Sampson St - W","Tower Hamlets","https://www.thenest.space/","6160107","E09000030","St Katharine's & Wapping","E05009330",51.50363266,-0.062030884,534602.0708,180079.783,"Creative_workspaces"
"Crown Workshop","Crown Workshop","1-2 Crown Works","Temple Street","Tower Hamlets","http://www.crownworkshop.co.uk/about/","6187732","E09000030","St Peter's","E05009331",51.52998406,-0.058950237,534738.093,183015.7824,"Creative_workspaces"
"Artistic Spaces Ltd","52-56 Standard Road","Park Royal, London","","Ealing","www.artistic-spaces.co.uk","12124954","E09000009","North Acton","E05013527",51.52727166,-0.264358701,520498.1339,182356.1633,"Creative_workspaces"
"Main Yard Studios","Main Yard Studios","17 Lyon Road","","Merton","https://mainyardstudios.co.uk/wimbledon/","48124136","E09000024","Abbey","E05013810",51.41225573,-0.184817408,526332.4996,169700.1034,"Creative_workspaces"
"The Koppel Project Hive","The Koppel Project Hive","26 Holborn Viaduct","","City of London","http://thekoppelproject.com/studios/","95514267","E09000001","Farringdon Within","E05009304",51.51673152,-0.104048109,531648.3516,181459.9854,"Creative_workspaces"
"Buspace","Buspace Studios","5 Conlan Street","","Kensington and Chelsea","http://www.buspace.co.uk/","217018301","E09000020","Golborne","E05009396",51.52495702,-0.209689553,524296.5335,182190.1011,"Creative_workspaces"
"The Bomb Factory Art Foundation Ltd","The Bomb Factory Studios","Unit 2","Boothby Road","Islington","https://www.bombfactory.org.uk/artists","5300010995","E09000019","Junction","E05013707",51.56530381,-0.130268137,529691.1145,186814.5016,"Creative_workspaces"
"Anomalous Collective","Anomalous Collective","38 Pentoville Road","","Islington","http://anomalousspace.co.uk/about/","5300073069","E09000019","St Peter's & Canalside","E05013711",51.53322087,-0.105972995,531467.3194,183290.1572,"Creative_workspaces"
"Tileyard Studios","Tileyard Studios","35 Tileyard Road","London","Islington","http://www.tileyard.co.uk/","5300091012","E09000019","Caledonian","E05013700",51.54209235,-0.12131126,530378.1927,184249.2476,"Creative_workspaces"
"Candid Arts Trust","Candid Arts","3-5 Torrens Street","","Islington","https://candidarts.wordpress.com","5300092108","E09000019","St Peter's & Canalside","E05013711",51.53171445,-0.103468816,531645.3401,183127.142,"Creative_workspaces"
"Blue House Yard","Blue House Yard","5 River Park Road","","Haringey","https://www.bluehouseyard.com/","10003979415","E09000014","Noel Park","E05013595",51.59655219,-0.110371374,530980.3431,190324.9177,"Creative_workspaces"
"Bernie Grant Centre","Bernie Grant Arts Centre","Bernie Grant Arts Centre","Town Hall Approach","Haringey","https://www.berniegrantcentre.co.uk/hire/workspace/","10003985252","E09000014","Tottenham Central","E05013601",51.58697103,-0.071485188,533701.687,189329.8644,"Creative_workspaces"
"Cell Project Space","Cell Project Arcola North","23-27 Arcola Street","","Hackney","cellprojects.org","10008286566","E09000012","Shacklewell","E05009382",51.55158468,-0.07223223,533753.5818,185393.4527,"Creative_workspaces"
"Lighthouse Studios","","73-75 & 89a Shacklewell Lane","","Hackney","www.lighthousespace.co.uk","10008329070","E09000012","Shacklewell","E05009382",51.55223379,-0.069593622,533934.6068,185470.4659,"Creative_workspaces"
"Hatch Homerton","Hatch","Unit G2","8 Mackintosh Lane","Hackney","http://hatch-homerton.co.uk/","10008334420","E09000012","Hackney Wick","E05009374",51.54684138,-0.040965447,535935.2929,184923.5956,"Creative_workspaces"
"The Mill Co. Project","Mandarin Wharf","70-76 De Beauvoir Crescent","","Hackney","www.themillcoproject.co.uk","10008336737","E09000012","Hoxton East & Shoreditch","E05009377",51.53655894,-0.077884184,533405.6388,183712.2118,"Creative_workspaces"
"Artistic Spaces Ltd","Warwick Works","Unit 1, Warwick Works","Downs Road","Hackney","www.artistic-spaces.co.uk","10008347879","E09000012","Hackney Downs","E05009373",51.55478574,-0.06522249,534230.1405,185762.2625,"Creative_workspaces"
"De Beauvoir Block","De Beauvoir Block","92-96 De Beauvoir Road","","Hackney","http://www.debeauvoirblock.com/#home","10008348446","E09000012","De Beauvoir","E05009371",51.54175,-0.0801,533236.822,184285.4344,"Creative_workspaces"
"Crixus Productions","Crixus Studios","Woolwich Church Street","","Greenwich","http://www.crixusproductions.co.uk/index.php/studio/","10010260156","E09000011","Woolwich Dockyard","E05014094",51.49223228,0.051976041,542549.65,179027.7988,"Creative_workspaces"
"Bow Arts","Catford Dek - Old Town Hall","2th Floor Old Town Hall","Catford Road","Lewisham","http://www.bowarts.org/studios/catford-dek-old-town-hall","10023230305","E09000023","Rushey Green","E05013730",51.44468296,-0.019715726,537716.0682,173603.2718,"Creative_workspaces"
"Arbeit / Arebyte","Lea Bridge Road","Enterprise Park Unit Oh","Lea Bridge Road","Waltham Forest","www.arbeit.org.uk / www.arebyte.com","10024423026","E09000031","Lea Bridge","E05013895",51.56779033,-0.033173944,536412.8764,187267.6314,"Creative_workspaces"
"Pop Brixton","49 Brixton Station Road","","","Lambeth","https://www.popbrixton.org/about/","10090199715","E09000022","Brixton Windrush","E05014098",51.46294178,-0.110752289,531337.5769,175466.4967,"Creative_workspaces"
"Bow Arts","The Ice House Court","Ice House Court","Abbey Road","Barking and Dagenham","www.bowarts.org    www.artiststudiofinder.org   www.londonsartistquarter.org","10090632554","E09000002","Gascoigne","E05014061",51.53141037,0.077945661,544228.6235,183435.2162,"Creative_workspaces"
"Artistic Spaces Ltd","Action House","53 Sandgate Street","","Southwark","www.artistic-spaces.co.uk","10090748110","E09000028","Old Kent Road","E05011109",51.48416723,-0.061248692,534713.7175,177916.6599,"Creative_workspaces"
"Artistic Spaces Ltd","7-17 Latona Road","7-17 Latona Road","","Southwark","www.artistic-spaces.co.uk","10091668508","E09000028","Old Kent Road","E05011109",51.48156458,-0.069152657,534172.5826,177612.7351,"Creative_workspaces"
"Artistic Spaces Ltd","3-5 Latona Road","3-5 Latona Road","","Southwark","www.artistic-spaces.co.uk","10093339514","E09000028","Old Kent Road","E05011109",51.48143469,-0.069517234,534147.6495,177597.6235,"Creative_workspaces"
"Artistic Spaces Ltd","Elizabeth Tower","Unit 13","Elizabeth Tower","Lewisham","www.artistic-spaces.co.uk","10093394512","E09000023","New Cross Gate","E05013728",51.48188413,-0.042922678,535992.8644,177696.6547,"Creative_workspaces"
"Usurp Art","Usurp Art","Usurp Art","140 Vaughan Road","Harrow","www.usurp.org.uk","1.00E+11","E09000015","West Harrow","E05013563",51.57854553,-0.347784663,514582.4564,187924.2055,"Creative_workspaces"
"Cell Project Space","Cell Project Arcola","4-8 Arcola Street","","Hackney","cellprojects.org","1.00E+11","E09000012","Shacklewell","E05009382",51.55140731,-0.07293218,533705.5751,185372.4484,"Creative_workspaces"
"Eat Work Art","Netil House","1 Westgate Street","","Hackney","eatworkart.com","1.00E+11","E09000012","Victoria","E05009386",51.53705488,-0.056117384,534913.673,183807.311,"Creative_workspaces"
" Bootstrap Charity","18 Ashwin St","","","Hackney","http://www.bootstrapcompany.co.uk/","1.00E+11","E09000012","Dalston","E05009370",51.54645529,-0.07314146,533705.5599,184821.3911,"Creative_workspaces"
"Main Yard Studios","90, 92, 94 Wallis Road","","","Hackney","https://mainyardstudios.co.uk/hackney-wick/","1.00E+11","E09000012","Hackney Wick","E05009374",51.5438807,-0.021137394,537318.9464,184631.3316,"Creative_workspaces"
"Grow Studios","Grow Studios","Main Yard","Wallis Road","Hackney","https://www.growhackneystudios.com/home/","1.00E+11","E09000012","Hackney Wick","E05009374",51.5438807,-0.021137394,537318.9464,184631.3316,"Creative_workspaces"
"The Mill Co. Project","The Rose Lipman Building","43 De Beauvoir Road","","Hackney","www.themillcoproject.co.uk","1.00E+11","E09000012","De Beauvoir","E05009371",51.53845598,-0.080026953,533251.5013,183919.257,"Creative_workspaces"
"Hoxton Hall Charity","Hoxton Works","130 Hoxton Street","","Hackney","www.hoxtonhall.co.uk","1.00E+11","E09000012","Hoxton East & Shoreditch","E05009377",51.5312614,-0.078397492,533385.5234,183122.1723,"Creative_workspaces"
"Westland Place Studio","Westland Place Studio","3-11 Westland Place","","Hackney","http://www.westlandplacestudios.com/","1.00E+11","E09000012","Hoxton West","E05009378",51.52789956,-0.088963703,532662.4521,182729.1147,"Creative_workspaces"
"Florentia Clothing Village","Vale Road","London","","Haringey","https://www.soandsomanor.co.uk","1.00E+11","E09000014","Hermitage & Gardens","E05013591",51.57613337,-0.086839798,532669.5255,188096.6988,"Creative_workspaces"
"New River Studios","New River Studios","199 Eade Road","","Hackney","http://www.newriverstudios.com/","1.00E+11","E09000012","Woodberry Down","E05009387",51.57444685,-0.086549795,532694.5248,187909.6781,"Creative_workspaces"
"Fairkytes Art Centre","Billet Lane","","","Havering","https://www.havering.gov.uk/info/20043/arts_and_music/274/fairkytes_arts_centre","1.00E+11","E09000016","St Andrew's","E05013982",51.56450633,0.219857143,553959.3759,187404.4832,"Creative_workspaces"
"Cockpit Deptford","Cockpit Arts Deptford","18 - 22 Creekside","","Greenwich","www.cockpitarts.com","1.00E+11","E09000011","Greenwich Creekside","E05014080",51.4781107,-0.019060092,537661.0623,177321.6397,"Creative_workspaces"
"Somerset House Trust","Exchange (Somerset House)","Somerset House","","Westminster","www.somersethouse.org.uk/work/office-space","1.00E+11","E09000033","St James's","E05013806",51.51050867,-0.116370226,530811.2628,180745.9282,"Creative_workspaces"
"Great Western Studios","Great Western Studios","Great Western Studios","65 Alfred Road","Westminster","https://www.greatwesternstudios.com/","1.00E+11","E09000033","Westbourne","E05013809",51.52322493,-0.199939601,524977.6113,182014.0809,"Creative_workspaces"
"Hackney Downs Studios","17 Amhurst Terrace","Lowe Clapton","","Hackney","eatworkart.com","1.00E+11","E09000012","Hackney Downs","E05009373",51.55383508,-0.06470726,534268.6515,185657.4932,"Creative_workspaces"
"Set","Set Dalston Lane","27a Dalston Lane","","Hackney","http://setspace.uk/studio.html","1.00E+11","E09000012","Dalston","E05009370",51.54590275,-0.0712608,533837.575,184763.3886,"Creative_workspaces"
"Shepherd's Lane Studios","Shepherd's Lane","5-7 Shephed's Lane","","Hackney","http://www.shepherdslaneworkshop.com","1.00E+11","E09000012","Homerton","E05009376",51.54718384,-0.04466713,535677.6306,184954.8176,"Creative_workspaces"
"Second Floor Studios And Arts","Second Floor Studios And Arts","Deptford Foreshore","","Lewisham","https://www.secondfloor.co.uk/","1.00E+11","E09000023","Evelyn","E05013721",51.48930584,-0.029077129,536931.9573,178547.7436,"Creative_workspaces"
"Meanwhile Space","Lj Space","Styles Gardens","Loughborough Road","Lambeth","https://www.meanwhilespace.com/single-post/2017/10/31/LJ-Works","1.00E+11","E09000022","Herne Hill & Loughborough Junction","E05014104",51.46574849,-0.101382012,531980.3685,175795.44,"Creative_workspaces"
"Switchboard Studios","153-157 Blackhorse Lane","","","Waltham Forest","https://www.meanwhilespace.com/contact","1.00E+11","E09000031","Higham Hill","E05013892",51.59273685,-0.038983835,535935.9343,190030.9788,"Creative_workspaces"
"Artistic Spaces Ltd","Unit 10, Elizabeth Trading Estate","Juno Way","South Bermondsey","Lewisham","www.artistic-spaces.co.uk","1.00E+11","E09000023","New Cross Gate","E05013728",51.4827607,-0.043173231,535972.861,177793.663,"Creative_workspaces"
"Old Paradise Yard","20 Carlisle Lane","","","Lambeth","eatworkart.com","2.00E+11","E09000022","Waterloo & South Bank","E05014118",51.49797542,-0.114928597,530947.2102,179354.7976,"Creative_workspaces"
"Meanwhile Space","Central Parade","6-10 Central Parade","Hoe Street","Waltham Forest","https://www.centralparade.com/contact","2.00E+11","E09000031","Hoe Street","E05013893",51.58489599,-0.017666412,537436.0186,189198.8441,"Creative_workspaces"
"Peckham Levels","Level 1 To 6 Peckham Town Centre Car Park","95a Rye Lane","","Southwark","https://www.peckhamlevels.org/about","2.00E+11","E09000028","Rye Lane","E05011113",51.47022731,-0.066609222,534382.4713,176356.7019,"Creative_workspaces"
"Bussey Building","Copeland Park","133 Copeland Road","","Southwark","www.copelandpark.com","2.00E+11","E09000028","Rye Lane","E05011113",51.46949183,-0.06415312,534555.2131,176279.4267,"Creative_workspaces"
"Haggerston Stour Studios","258 Kingsland road","Dalston","London","Hackney","https://www.stourstudios.co.uk/contact-us","1.00E+11","E09000012","Haggerston","E05009375",51.537312,-0.07631648,533512.1535,183798.8185,"Creative_workspaces"
"Poplar Works","384 Abbott Road","Aberfeldy Village","London","Tower Hamlets","https://poplarworks.co.uk/","6723760","E09000030","Lansbury","E05009325",51.51678,-0.008876882,538251.1032,181640.772,"Creative_workspaces"
"The So & So Arts Club","236a North End Road","West Kensington","London","Hammersmith and Fulham","https://www.thesoandsoartsclub.com/","34047731","E09000013","West Kensington","E05013751",51.485544,-0.20286847,524877.3678,177818.8922,"Creative_workspaces"
"Roundhouse","Chalk Farm Road","","","Camden","https://www.roundhouse.org.uk/young-creatives/creative-studios/","5090672","E09000007","Camden Town","E05013655",51.54323,-0.1519243,528252.2373,184321.6974,"Creative_workspaces"
"Collage Artspace 2","4 Coburg Road","Wood Green","","Haringey","http://www.collage-arts.org/collage-arts/","1.00E+11","E09000014","Noel Park","E05013595",51.594184,-0.1130841,530799.2537,190056.7071,"Creative_workspaces"
"Peckham Enterprise Centre","19 Buller Close","Peckham","","Southwark","https://www.launchit.org.uk/launch-it-london","10009791094","E09000028","Peckham","E05011110",51.477727,-0.068110264,534256.2196,177187.9089,"Creative_workspaces"
"Tottenham Green Enterprise Centre","Town Hall Approach Road","","","Haringey","https://www.launchit.org.uk/launch-it-london","10003975936","E09000014","Tottenham Central","E05013601",51.587579,-0.072418269,533635.2668,189395.7666,"Creative_workspaces"
"Oxo Tower Wharf","Barge House St","South Bank","","Southwark","https://coinstreet.org/oxo-tower-wharf","2.00E+11","E09000028","Borough & Bankside","E05011095",51.508346,-0.10836102,531373.2352,180519.7701,"Creative_workspaces"
"FriendsWorkshop","Park Mews","Croxted Rd","Norwood","Lambeth","http://www.friendsworkshops.org/","10090196587","E09000022","West Dulwich","E05014119",51.449595,-0.1003849,532096.2119,174000.9761,"Creative_workspaces"
"Containerville Bethnal Green Campus, E2","35 Corbridge Crescent ","","","Tower Hamlets","https://www.containerville.co.uk/locations","6194957","E09000030","St Peter's","E05009331",51.533884,-0.059302747,534702.1331,183448.8235,"Creative_workspaces"
"Containerville Bethnal Green Campus, E2","1 Emma Street   ","","","Tower Hamlets","https://www.containerville.co.uk/locations","10092040575","E09000030","St Peter's","E05009331",51.532524,-0.059706637,534678.1353,183296.8413,"Creative_workspaces"
"Clockwork Studios","38 Southwell Road","","","Lambeth","http://www.clockworkstudios.co.uk/","10093379709","E09000022","Herne Hill & Loughborough Junction","E05014104",51.46662,-0.09846,532180.8098,175897.6194,"Creative_workspaces"
"Shoreditch Town Hall","380 Old Street","","","Hackney","https://shoreditchtownhall.com/","1.00E+11","E09000012","Hoxton East & Shoreditch","E05009377",51.526675,-0.079129146,533348.175,182610.821,"Creative_workspaces"
"Sugarhouse Studios"," 19 Collett Road","Bermondsey ","","Southwark","https://assemblestudio.co.uk/workspace/sugarhouse-studios","10094085505","E09000028","North Bermondsey","E05011106",51.496172,-0.063310937,534535.2004,179247.7971,"Creative_workspaces"
"Papertank Collective","Papertank Collective","Unit 12 Millmead Industrial Estate","Millmead Road","Haringey","http://www.papertankcollective.com/?COLLCC=2285603521","1.00E+11","E09000014","Tottenham Hale","E05013602",51.59213,-0.05726,534671.8786,189929.6829,"Creative_workspaces"
"Poplar Works","384 Abbott Road","Aberfeldy Village","","Tower Hamlets","https://thetrampery.com/workspaces/poplarworks/","See notes","E09000030","Lansbury","E05009325",51.51645,-0.00864,538268.5373,181604.5246,"Creative_workspaces"
"Stratford Workshop /Lb Newham","Stratford Workshop","Burford Road","","Newham","https://www.newham.gov.uk/Pages/ServiceChild/Stratford-Workshops.aspx","10009017863","E09000025","Stratford","E05013924",51.537326,-0.000294467,538784.0945,183941.7319,"Creative_workspaces"
"Perseverance Works","25 Hackney Road","","","Hackney","http://www.perseveranceworks.co.uk","No UPRN","E09000012","Hoxton East & Shoreditch","E05009377",51.52777,-0.07675,533509.9996,182736.9259,"Creative_workspaces"
"Made by Ore","City Studios Unit 2","30a Borwick Avenue","","Waltham Forest","https://www.madebyore.com","1.00E+11","E09000031","William Morris","E05013902",51.588603,-0.028547021,536671.1769,189590.7056,"Creative_workspaces"
"Make Space Studios","Newnham Terrace","","","Lambeth","http://www.makespacestudios.com","10001114119","E09000022","Waterloo & South Bank","E05014118",51.498633,-0.11328718,531059.2524,179430.8559,"Creative_workspaces"
"Stoke Newington Library","184 Stoke Newington Church Street","","","Hackney","https://spacestudios.org.uk/buildings/stoke-newington-library/","1.00E+11","E09000012","Clissold","E05009369",51.561617,-0.082822041,532990.2008,186489.7439,"Creative_workspaces"
"Craft Central / The Forge","397-411 Westferry Road","","","Tower Hamlets","www.craftcentral.org.uk","6653025","E09000030","Island Gardens","E05009324",51.48879,-0.01918591,537620.1695,178508.9308,"Creative_workspaces"
"Kingsgate Workshops","110 -116 Kingsgate Road","London","","Camden","https://www.kingsgateworkshops.org.uk/","5184848","E09000007","Kilburn","E05013665",51.544343,-0.19686082,525133.2787,184367.7178,"Creative_workspaces"
"Art Hub Deptford","5-9 Creekside","London","","Lewisham","https://www.arthub.org.uk/","10093391623","E09000023","Deptford","E05013719",51.47689,-0.02132,537507.8085,177181.654,"Creative_workspaces"
"Vox Studios","1-45 Durham St","London","","Lambeth","https://www.workspace.co.uk/workspaces/vox-studios","1.00E+11","E09000022","Oval","E05014108",51.485981,-0.11838976,530741.266,178014.8265,"Creative_workspaces"
"Clerkenwell  Workshops","27-31 Clerkenwell Close","London","","Islington","https://www.workspace.co.uk/workspaces/clerkenwell-workshops","5300020910","E09000019","Clerkenwell","E05013702",51.5241,-0.10659823,531450.2144,182274.7851,"Creative_workspaces"
"London Jewellery Workshop","Unit 18, Sunbury Workshops","Swansfield Street","London","Tower Hamlets","https://londonjewelleryworkshop.co.uk/","6005198","E09000030","Weavers","E05009335",51.526855,-0.074205557,533689.1673,182639.8233,"Creative_workspaces"
"Grosvenor Works","Grosvenor Way","Mount Pleasant Hill","Clapton","Hackney","https://www.cellprojects.org/studios/cell-studios-grosvenor-way","1.00E+11","E09000012","Lea Bridge","E05009380",51.564271,-0.052843814,535060.193,186839.8283,"Creative_workspaces"
"Expressway","1 Dock Road","","","Newham","https://expressway.london","10009000443","E09000025","Royal Victoria","E05013923",51.505982,0.015768968,539994.1294,180486.9157,"Creative_workspaces"
"Soho Works Shoreditch","The Tea Building","56 Shoreditch High Street","","Hackney","https://www.sohohouse.com/soho-works/shoreditch","1.00E+11","E09000012","Hoxton East & Shoreditch","E05009377",51.524072,-0.076715943,533523.1766,182325.765,"Creative_workspaces"
"Pall Mall Deposit","124-128 Barlby Road","","","Kensington and Chelsea","https://www.workspace.co.uk/workspaces/pall-mall-deposit","217116767","E09000020","Dalgarno","E05009394",51.523177,-0.21875742,523672.3321,181976.8084,"Creative_workspaces"
"The Record Hall","16-16A Baldwin's Gardens","","","Camden","https://www.workspace.co.uk/workspaces/the-record-hall","5191576","E09000007","Holborn & Covent Garden","E05013662",51.520093,-0.10966166,531249.2239,181823.7105,"Creative_workspaces"
"The Trampery on the Gantry","Here East","Queen Elizabeth Olympic Park","","Hackney","https://thetrampery.com/spaces/workspaces/on-the-gantry/","10008342528","E09000012","Hackney Wick","E05009374",51.548458,-0.022494411,537211.0911,185137.7908,"Creative_workspaces"
"The Trampery Tottenham","639 High Road","London","","Haringey","https://thetrampery.com/spaces/workspaces/tottenham/","1.00E+11","E09000014","Bruce Castle","E05013587",51.599096,-0.068465165,533875.2772,190683.7438,"Creative_workspaces"
"Canonbury Yard ","190 New North Road","London","","Islington","https://canonburyyard.com/studios-workspaces","5300065866","E09000019","St Mary's & St James'","E05013710",51.537673,-0.090706701,532513.1766,183812.78,"Creative_workspaces"
"Pill Box","115 Coventry Road","Bethnal Green","","Tower Hamlets","https://www.workspace.co.uk/workspaces/pill-box","10091966014","E09000030","St Peter's","E05009331",51.525194,-0.057481043,534854.1447,182485.8204,"Creative_workspaces"
"The Cockpit","Gateforth Street","","","Westminster","www.thecockpit.org.uk","1.00E+11","E09000033","Church Street","E05013794",51.524496,-0.16950587,527085.2788,182207.7952,"Creative_workspaces"
"Chisenhale Dance Space","64-84 Chisenhale Road","","","Tower Hamlets","www.chisenhaledancespace.co.uk","6719953","E09000030","Bow West","E05009320",51.533082,-0.039742143,536061.1122,183395.8005,"Creative_workspaces"
"K+C Co-works","210 Old Brompton Rd","London","","Kensington and Chelsea","www.rbkc.gov.uk/kc-co-works","217060921","E09000020","Redcliffe","E05009402",51.490079,-0.18842958,525867.347,178347.8957,"Creative_workspaces"
"The Redundant Architects Recreation Association (R.A.","Unit 2, Grosvenor Way","","","Waltham Forest","https://www.r-a-r-a.com/","1.00E+11","E09000031","Valley","E05013901",51.61686,-0.017962308,537319.1807,192752.8582,"Creative_workspaces"
"Old Diorama Arts Centre","201 Drummond Street","","","Camden","https://www.olddiorama.com/visit","No UPRN","E09000007","Regent's Park","E05013668",51.52592574,-0.140485645,529094.3214,182417.5378,"Creative_workspaces"
"arebyte Studio - London City Island","7 Botanic Square","","","Tower Hamlets","https://www.arebyte.com/available-studios","No UPRN","E09000030","Blackwall & Cubitt Town","E05009318",51.51209106,0.006471284,539330.2596,181148.4846,"Creative_workspaces"
"Standard Studios Ltd. ","9 Standard Road","Park Royal","","Ealing","https://www.standardstudios.ltd/","12117244","E09000009","North Acton","E05013527",51.528252,-0.26154965,520690.3929,182469.8042,"Creative_workspaces"
"Ten87 Studios","High Cross Centre","Unit 2a Fountayne Rd","","Haringey","https://ten87.studio/locations/high-cross-centre/","No UPRN","E09000014","South Tottenham","E05013599",51.58492,-0.0616,534392.5134,189119.9093,"Creative_workspaces"
"The Baths Stour Studios","80 Eastway","Hackney","","Hackney","https://www.stourstudios.co.uk/contact-us","1.00E+11","E09000012","Hackney Wick","E05009374",51.547164,-0.029516804,536728.098,184980.7706,"Creative_workspaces"
"The Mill Co. Project","Mandarin Wharf, 70 De Beauvoir Crescent ","Haggerston","","Hackney","https://millco.co.uk/","10008317788","E09000012","De Beauvoir","E05009371",51.537058,-0.079499502,533292.161,183764.7603,"Creative_workspaces"
"Wow Acton","Wendover Court","Western Avenue","","Ealing","https://www.wowworkspaces.co.uk/locations/wow-acton","See notes","E09000009","North Acton","E05013527",51.52581,-0.2722,519958.0605,182180.7541,"Creative_workspaces"
"Wow Wembley","284 Water Road","","","Brent","https://www.wowworkspaces.co.uk/locations/wow-wembley","202033181","E09000005","Alperton","E05013496",51.540142,-0.28861053,518782.4004,183747.7952,"Creative_workspaces"
"Wow Ealing","Brentham Old Power Station","Western Ave","","Ealing","https://www.wowworkspaces.co.uk/locations/wow-ealing","12146470","E09000009","Hanger Hill","E05013524",51.530617,-0.29646473,518262.4171,182675.8715,"Creative_workspaces"
"Silver Building","The Silver Building","60 Dock Road","","Newham","http://thesilverbuilding.com/","10008985422","E09000025","Royal Victoria","E05013923",51.504762,0.017112899,540091.1371,180353.824,"Creative_workspaces"
"Pollards Studios","50 Montgomery Close","Mitcham","","Merton","www.launchit.org.uk/launch-it-london","48051309","E09000024","Pollards Hill","E05013821",51.398053,-0.12578111,530478.2038,168224.0177,"Creative_workspaces"
"Gorst Road Studios","42 Gorst Rd","Park Royal","","Ealing","https://gorstroad.rocketspark.co.uk/","12130599","E09000009","North Acton","E05013527",51.526773,-0.26493608,520459.3993,182299.7611,"Creative_workspaces"
"198 Contemporary Arts and Learning","198 Railton Road","Brixton","","Lambeth","https://www.198.org.uk/","2.00E+11","E09000022","Herne Hill & Loughborough Junction","E05014104",51.453995,-0.10388696,531840.2144,174483.9472,"Creative_workspaces"
"Barbican Centre","Silk St","","","City of London","https://www.barbican.org.uk/workspace-for-creatives","2.00E+11","E09000001","Cripplegate","E05009302",51.519959,-0.094128689,532327.2069,181836.7606,"Creative_workspaces"
"Hackney Downs Studios ","17 Amhurst Terrace","Lower Clapton","","Hackney","https://eatworkart.com/hackney-downs-studios/studios/heartspace","10008337805","E09000012","Shacklewell","E05009382",51.55475,-0.067156424,534096.1822,185754.7407,"Creative_workspaces"
"Mainyard Studios - 35 Bow Road","35 Bow Road","Bromley by Bow","","Tower Hamlets","https://mainyardstudios.co.uk/tower-hamlets-private-offices-coworking/","No UPRN","E09000030","Bow West","E05009320",51.52687,-0.02777,536910.0591,182727.312,"Creative_workspaces"
"Gaunson House N15","Markfield Road","Seven Sisters","","Haringey","https://www.thegreenhouselondon.com/gaunson-house-n15","2.00E+11","E09000014","South Tottenham","E05013599",51.583772,-0.063528936,534262.2644,188988.7029,"Creative_workspaces"
"Ebury Edge ","Edgson House","43 Ebury Bridge Road","","Westminster","https://www.eburyedge.com/","1.00E+11","E09000033","Knightsbridge & Belgravia","E05013797",51.489235,-0.14991685,528543.301,178320.8978,"Creative_workspaces"
"Fabric Floor","Level 8, 3Space International House","Canterbury Crescent","","Lambeth","https://assemblestudio.co.uk/workspace/fabric-floor","1.00E+11","E09000022","Brixton Windrush","E05014098",51.46398,-0.11304678,531175.2213,175577.836,"Creative_workspaces"
"Mainyard Studios","58 Alexandra Road","","","Enfield","https://mainyardstudios.co.uk/enfield-maker-studios/","See notes","E09000010","Brimsdown","E05013674",51.65075,-0.03667,535922.8118,196486.5316,"Creative_workspaces"
"Studio 3 Arts","Boundary Rd","","","Barking and Dagenham","https://studio3arts.org.uk/","100053573","E09000002","Gascoigne","E05014061",51.530484,0.080289716,544394.1273,183336.8231,"Creative_workspaces"
"The Forge Space","59 Leather Lane","","","Camden","https://theforgespace.com","5143026","E09000007","Holborn & Covent Garden","E05013662",51.520708,-0.10988124,531232.2234,181891.7054,"Creative_workspaces"
"Forma Studios Forest Hill","First Floor, 127 Stanstead Road","","","Lewisham","https://forma.org.uk/projects/stanstead-road","10094268470","E09000023","Crofton Park","E05013718",51.442538,-0.04691716,535832.2141,173314.0027,"Creative_workspaces"
"Hone","16 Pixley St","","","Tower Hamlets","https://hone.london/jewellery/","6722960","E09000030","Mile End","E05009327",51.514779,-0.029358194,536836.1288,181379.8096,"Creative_workspaces"
"WorkShop","102 St. Pancras Way","London","","Camden","https://w-shop.co/","5020346","E09000007","Kentish Town South","E05013664",51.543539,-0.13844203,529186.2232,184379.7562,"Creative_workspaces"
"The Trampery","Icemaid Court","13 Rookwood Way","","Tower Hamlets","https://thetrampery.com/spaces/workspaces/fish-island/","6720523","E09000030","Bow East","E05009319",51.541022,-0.023119606,537190.0957,184309.7287,"Creative_workspaces"
"Studio 206","The Archives","Fountayne Road","Tottenham","Haringey","https://purposegroup.co.uk ","No UPRN","E09000014","South Tottenham","E05013599",51.58561,-0.06073,534450.7493,189198.24,"Creative_workspaces"
"North London Film Studios","The Ridgeway","London ","","Barnet","https://purposegroup.co.uk ","200117012","E09000003","Totteridge & Woodside","E05013646",51.614256,-0.21312858,523815.2648,192114.6511,"Creative_workspaces"
"Pelican House","144 Cambridge Heath Rd","Bethnal Green","","Tower Hamlets","https://purposegroup.co.uk ","No UPRN","E09000030","Bethnal Green","E05009317",51.52415,-0.05471,535049.4493,182374.8372,"Creative_workspaces"
"Studio 3 Arts ","Boundary Road","","","Barking and Dagenham","https://www.studio3arts.org.uk/ ","100053573","E09000002","Gascoigne","E05014061",51.530484,0.080289716,544394.1273,183336.8231,"Creative_workspaces"
"Hoxton Studios","237 Hackney Road","","","Hackney","https://www.stourstudios.co.uk/hoxton-studios","1.00E+11","E09000012","Haggerston","E05009375",51.53132,-0.070167518,533956.1562,183143.7324,"Creative_workspaces"
"Stratford Studios","Duncan House","Jupp Road","Stratford","Newham","https://www.stourstudios.co.uk/duncan-house","10094369425","E09000025","Stratford","E05013924",51.538021,-0.002513575,538628.0904,184014.8108,"Creative_workspaces"
"One and a Half","Ardleigh road","","","Hackney","http://www.one-and-a-half.com/index.php?/contact/","1.00E+11","E09000012","De Beauvoir","E05009371",51.543343,-0.082191332,533087.1611,184458.7728,"Creative_workspaces"
"Durham Street (Bow Arts)","47-49 Durham Street ","","","Lambeth","https://bowarts.org/studios/durham-street-studios-vauxhall","1.00E+11","E09000022","Oval","E05014108",51.485046,-0.11837066,530745.2642,177910.8876,"Creative_workspaces"
"River Mills Studios (Bow Arts)","Commerical Unit 1","42 Abbey Road","Barking","Barking and Dagenham","https://bowarts.org/studios/riverside-mills-studios","10091589170","E09000002","Gascoigne","E05014061",51.532525,0.075725591,544071.1313,183554.7929,"Creative_workspaces"
"Canada Street Studios (Bow Arts)","Canada St","Surrey Quays Rd","London  ","Southwark","https://bowarts.org/studios/canada-street-studios","No UPRN","E09000028","Surrey Docks","E05011117",51.4979363,-0.0456088,535758.6737,179476.6577,"Creative_workspaces"
"Lakeside Centre (Bow Arts)","Southmere Lake Complex","2 Bazalgette Way","","Bexley","https://bowarts.org/studios/lakeside-centre-thamesmead","1.00E+11","E09000004","Thamesmead East","E05011232",51.501066,0.12406322,547525.0546,180152.8611,"Creative_workspaces"
"Thamesmead Live/Work (Bow Arts)","Lakeside Centre","London","","Tower Hamlets","https://www.arbeit.org.uk/hancock-rd-e3","No UPRN","E09000030","Bromley North","E05009321",51.52806273,-0.011319495,538047.5209,182890.8024,"Creative_workspaces"
"Stroud Green (Arbeit Studios)","778-782 High Rd Leyton","London","","Waltham Forest","https://www.arbeit.org.uk/stroud-green-n4","1.00E+11","E09000031","Forest","E05013887",51.574137,-0.010022437,537998.0915,188016.7817,"Creative_workspaces"
"Tottex","Tottex unit 1a","Kingfisher place","Clarendon Road","Haringey","https://tottex.co.uk","1.00E+11","E09000014","Noel Park","E05013595",51.59426,-0.1139039,530742.2534,190063.6922,"Creative_workspaces"
"Camden Collective","5-7 Buck Street","London","","Camden","https://camdencollective.co.uk/","5083338","E09000007","Camden Town","E05013655",51.540735,-0.1431278,528869.2321,184059.692,"Creative_workspaces"
"Palace Theatre","Shaftesbury Avenue","","","Westminster","https://www.nimaxtheatres.com/theatres/palace-theatre/","10033553103","E09000033","West End","E05013808",51.51308657,-0.129627602,529884.0118,181009.0027,"Dance_performance_venues"
"Eventim Apollo Hammersmith","45 Queen Caroline Street","","","Hammersmith and Fulham","https://www.eventimapollo.com/","34030384","E09000013","Hammersmith Broadway","E05013741",51.49069334,-0.224422616,523367.0137,178355.0018,"Dance_performance_venues"
"Islington Assembly Hall","Upper Street","","","Islington","https://islingtonassemblyhall.co.uk/","5300094897","E09000019","Laycock","E05013708",51.54433219,-0.103612127,531599.0107,184530.0001,"Dance_performance_venues"
"Freed of London","94 St Martins Lane","","","Westminster","https://www.freedoflondon.com/","10033553950","E09000033","St James's","E05013806",51.51065608,-0.127219602,530058.0119,180743.0022,"Dance_performance_venues"
"Federation of Patidar Associations","22 London Road","","","Brent","https://www.patidars.org/","202073653","E09000005","Wembley Hill","E05013515",51.55229548,-0.294982599,518309.0099,185089.0042,"Dance_performance_venues"
"Old Red Lion","418 St John Street","","","Islington","https://www.oldredliontheatre.co.uk/theatre.html","5300085363","E09000019","St Peter's & Canalside","E05013711",51.53148185,-0.105847779,531481.0125,183097.001,"Dance_performance_venues"
"Rose Theatre","24-26 High Street","","","Kingston upon Thames","http://www.rosetheatrekingston.org","128029778","E09000021","Kingston Town","E05013938",51.4086431,-0.307594201,517804.0142,169094.0007,"Dance_performance_venues"
"Greenwich Theatre","3 Crooms Hill","","","Greenwich","","10010200382","E09000011","Greenwich Park","E05014081",51.47946415,-0.007621808,538451.2292,177493.6953,"Dance_performance_venues"
"Alexandra Palace","33 Alexandra Palace Way","","","Haringey","http://www.alexandrapalace.com","10003974918","E09000014","Alexandra Park","E05013585",51.59448347,-0.130501429,529592.0124,190059.0004,"Dance_performance_venues"
"Apollo Victoria Theatre","17 Wilton Rd","","","Westminster","http://www.apollovictoriatheatre.org/about-us/","1.00023E+11","E09000033","Pimlico North","E05013802",51.49577576,-0.142654424,529029.0137,179061.003,"Dance_performance_venues"
"The Arc Theatre","Kingsley Hall","Parsloes Avenue","Dagenham","Barking and Dagenham","http://www.arctheatre.com","100023868","E09000002","Parsloes","E05014067",51.55107,0.13149,547878.568,185728.2067,"Dance_performance_venues"
"Barbican Centre Theatre","1C Silk St","","","City of London","http://www.barbican.org.uk","95512045","E09000001","Cripplegate","E05009302",51.51996231,-0.094106846,532328.7127,181837.1682,"Dance_performance_venues"
"Barons Court Theatre","28a Comeragh Road","","","Hammersmith and Fulham","http://www.offwestend.com/index.php/theatres/view/42","34128758","E09000013","West Kensington","E05013751",51.48943219,-0.209490815,524407.0153,178240.0034,"Dance_performance_venues"
"Bloomsbury Theatre","15 Gordon Street","","","Camden","https://www.doylecollection.com/hotels/the-bloomsbury-hotel?utm_source=google&utm_ca?î?á¬™","5007085","E09000007","Bloomsbury","E05013653",51.52506973,-0.132754789,529633.0115,182336.0026,"Dance_performance_venues"
"Brady Arts & Community Centre","192-196 Hanbury Street","","","Tower Hamlets","http://www.towerhamletsarts.org.uk/?s=3&v=15&guide=AllAges","6011121","E09000030","Spitalfields & Banglatown","E05009333",51.51941799,-0.065368543,534324.012,181829.0032,"Dance_performance_venues"
"Bread and Roses","68 Clapham Manor St","","","Lambeth","https://www.breadandrosestheatre.co.uk","1.00022E+11","E09000022","Clapham Town","E05014102",51.46586805,-0.136540351,529538.0116,175746.0025,"Dance_performance_venues"
"Broadway Theatre"," Broadway","Barking","","Barking and Dagenham","http://www.thebroadwaybarking.com/sales","100058301","E09000002","Abbey","E05014053",51.53555,0.07777,544203.3701,183895.1962,"Dance_performance_venues"
"Cadogan Hall","5 Sloane Terrace","","","Kensington and Chelsea","http://www.cadoganhall.com","217078765","E09000020","Royal Hospital","E05009403",51.49386601,-0.157267874,528020.0128,178823.0027,"Dance_performance_venues"
"Cambridge Theatre","Earlham St","","","Camden","https://www.cambridgeartstheatre.com","5089373","E09000007","Holborn & Covent Garden","E05013662",51.51351139,-0.126381824,530108.0115,181062.0033,"Dance_performance_venues"
"Canal Cafe Theatre","13 Westbourne Terrace Rd","","","Westminster","https://canalcafetheatre.com/contact","1.00023E+11","E09000033","Westbourne","E05013809",51.52103082,-0.184236365,526073.0128,181797.0032,"Dance_performance_venues"
"Charing Cross Theatre","The Arches","Villiers St","","Westminster","http://www.charingcrosstheatre.co.uk","10033582545","E09000033","St James's","E05013806",51.50808822,-0.124096963,530282.0123,180463.0025,"Dance_performance_venues"
"Hampstead Theatre","62 Eton Avenue","","","Camden","www.hampsteadtheatre.com","5134828","E09000007","Primrose Hill","E05013667",51.54382562,-0.173709262,526740.0116,184350.003,"Dance_performance_venues"
"ICA","Nash House","","","Westminster","www.ica.art/venue-hire/","1.00023E+11","E09000033","St James's","E05013806",51.50638923,-0.130896308,529815.0123,180262.0026,"Dance_performance_venues"
"London Palladium","1-4 Argyll Street","","","Westminster","http://www.reallyusefultheatres.co.uk/our-theatres/london-palladium/","10033529083","E09000033","West End","E05013808",51.51436,-0.14022,529145.4522,181131.881,"Dance_performance_venues"
"Lyceum Theatre","21 Wellington Street","","","Westminster","http://www.lyceum-theatre.co.uk","10033572107","E09000033","St James's","E05013806",51.51142368,-0.120111955,530549.0118,180841.0031,"Dance_performance_venues"
"Millfield Arts Centre","Silver Street","Edmonton","","Enfield","https://www.millfieldtheatre.co.uk","207015826","E09000010","Haselbury","E05013682",51.61595447,-0.080219224,533012.0121,192537.0037,"Dance_performance_venues"
"New Diorama Theatre Broadgate (NDT)","15-16 Triton Street","","","Camden","","5155688","E09000007","Regent's Park","E05013668",51.52503273,-0.141751873,529009.0113,182316.0028,"Dance_performance_venues"
"Noel Coward Theatre","85-88 St Martin's Lane","","","Westminster","","1.00023E+11","E09000033","St James's","E05013806",51.51110956,-0.127460405,530040.0118,180793.0022,"Dance_performance_venues"
"Park Theatre","Clifton Terrace","Finsbury Park","","Islington","https://www.parktheatre.co.uk","10090266645","E09000019","Finsbury Park","E05013703",51.56563594,-0.108641889,531189.0138,186889.9994,"Dance_performance_venues"
"Peacock Theatre","4 Portugal Street","","","Westminster","http://peacocktheatre.com","1.00023E+11","E09000033","St James's","E05013806",51.51462706,-0.117991055,530687.0118,181201.003,"Dance_performance_venues"
"Phoenix Theatre","110 Charing Cross Rd","","","Camden","http://www.atgtickets.com/venues/phoenix-theatre/","5037592","E09000007","Holborn & Covent Garden","E05013662",51.51452424,-0.129554271,529885.0117,181169.0031,"Dance_performance_venues"
"Piccadilly Theatre","16 Denman Theatre","","","Westminster","http://www.piccadillytheatre.org","1.00023E+11","E09000033","West End","E05013808",51.51105578,-0.135374572,529491.0122,180773.0019,"Dance_performance_venues"
"Playhouse Theatre","Northumberland Avenue","","","Westminster","http://www.playhousetheatrelondon.com/tickets/","1.00023E+11","E09000033","St James's","E05013806",51.50696648,-0.12368193,530314.0123,180339.0022,"Dance_performance_venues"
"The Queen's Theatre","Billet Lane","","","Havering","http://www.queens-theatre.co.uk","1.00023E+11","E09000016","St Andrew's","E05013982",51.56521058,0.219444297,553928.3878,187481.9251,"Dance_performance_venues"
"Richmond Theatre","15 Little Green","","","Richmond upon Thames","","10002264543","E09000027","South Richmond","E05013786",51.46212985,-0.303844781,517927.012,175048.0031,"Dance_performance_venues"
"Roundhouse","Chalk Farm Rd","","","Camden","http://www.roundhouse.org.uk","5090672","E09000007","Camden Town","E05013655",51.54323234,-0.151898608,528254.0122,184322.0026,"Dance_performance_venues"
"Royal Opera House - The Linbury Studio Theatre and Fo","35-36 Bow Street","","","Westminster","http://www.roh.org.uk","10033547198","E09000033","St James's","E05013806",51.51304711,-0.122653705,530368.0116,181017.0032,"Dance_performance_venues"
"Rudolf Steiner House","35 Park Road","","","Westminster","http://www.rsh.anth.org.uk","2.00002E+11","E09000033","Regent's Park","E05013805",51.52489743,-0.160555743,527705.0122,182268.0029,"Dance_performance_venues"
"Savoy Theatre","2 Savoy Court","","","Westminster","http://www.savoytheatre.org","1.00024E+11","E09000033","St James's","E05013806",51.51016784,-0.12086983,530500.012,180700.0022,"Dance_performance_venues"
"Shaftesbury Theatre","210 Shaftesbury Avenue","","","Camden","http://www.shaftesburytheatre.com","5038488","E09000007","Holborn & Covent Garden","E05013662",51.51627657,-0.126095341,530120.0113,181370.0028,"Dance_performance_venues"
"Shaw Theatre","100-110 Euston Road","","","Camden","http://www.shaw-theatre.com","5083194","E09000007","St Pancras & Somers Town","E05013669",51.52864677,-0.12811024,529945.0118,182742.0027,"Dance_performance_venues"
"Southwark Playhouse","77-85 Newington Causeway","","","Southwark","http://www.southwarkplayhouse.co.uk","2.00003E+11","E09000028","Chaucer","E05011098",51.49750075,-0.098224093,532108.0122,179332.0028,"Dance_performance_venues"
"The King's Head Theatre","115 Upper Street","","","Islington","http://www.kingsheadtheatrepub.co.uk","5300094557","E09000019","St Mary's & St James'","E05013710",51.53830316,-0.102810177,531672.0125,183861.0007,"Dance_performance_venues"
"The Lion and Unicorn Theatre","42-44 Gaisford Street","","","Camden","http://www.thelionandunicornnw5.co.uk","5082943","E09000007","Kentish Town South","E05013664",51.54809015,-0.138922711,529140.0119,184885.0024,"Dance_performance_venues"
"The O2 Arena","Peninsula Square","","","Greenwich","https://www.theo2.co.uk","10010228254","E09000011","Greenwich Peninsula","E05014082",51.50292054,0.003185639,539130.2214,180122.5031,"Dance_performance_venues"
" Phoenix Arts Club","1 Phoenix Street","","","Westminster","http://www.phoenixartistclub.com","10033531800","E09000033","St James's","E05013806",51.50959927,-0.128617607,529964.0121,180623.0027,"Dance_performance_venues"
"The Rosemary Branch","2A Shepperton Road","","","Islington","http://www.rosemarybranchtheatre.co.uk","5300082551","E09000019","Canonbury","E05013701",51.53762241,-0.08693312,532775.0116,183813.9975,"Dance_performance_venues"
"The Royal Albert Hall","9 Kensington Gore","","","Westminster","https://www.royalalberthall.com","1.00023E+11","E09000033","Knightsbridge & Belgravia","E05013797",51.50126863,-0.17751559,526594.0121,179611.0029,"Dance_performance_venues"
"The Scoop at More London","Queen's Walk","","","Southwark","","10013532078","E09000028","London Bridge & West Bermondsey","E05011104",51.50503006,-0.079257609,533402.472,180203.6404,"Dance_performance_venues"
"The Yard","Unit 2A, Queens Yard","","","Tower Hamlets","https://theyardtheatre.co.uk","6077552","E09000030","Bow East","E05009319",51.54263859,-0.023382441,537167.0121,184489.0033,"Dance_performance_venues"
"Theatre Royal Drury Lane","Catherine St","","","Westminster","http://www.reallyusefultheatres.co.uk/our-theatres/theatre-royal?utm_source=theatreroyalboxoffice.co.uk","10033555899","E09000033","St James's","E05013806",51.51287517,-0.120340416,530529.0117,181002.0028,"Dance_performance_venues"
"White Bear Theatre","138 Kennington Park Road","","","Lambeth","http://www.whitebearkennington.co.uk","1.00022E+11","E09000022","Kennington","E05014105",51.48690516,-0.108099695,531453.0127,178136.0032,"Dance_performance_venues"
"The Other Palace","12 Palace Street","","","Westminster","https://www.theotherpalace.co.uk","10033568019","E09000033","St James's","E05013806",51.49871015,-0.142261336,529048.0128,179388.0024,"Dance_performance_venues"
"Winston Churchill Theatre","Manor Farm","","","Hillingdon","http://www.hillingdontheatres.uk","1.00023E+11","E09000017","Ruislip","E05013577",51.5789453,-0.428743514,508972.0125,187845.0071,"Dance_performance_venues"
"Waterloo East Theatre","19 Brad Street","","","Lambeth","http://www.waterlooeast.co.uk","10000445872","E09000022","Waterloo & South Bank","E05014118",51.50406716,-0.110011288,531271.0118,180041.0029,"Dance_performance_venues"
"St John's Smith Square","St John's Smith Square","","","Westminster","https://www.sjss.org.uk","10033557786","E09000033","St James's","E05013806",51.49590593,-0.127089782,530109.0135,179103.0029,"Dance_performance_venues"
"St John's Church","Grove Ln","","","Kingston upon Thames","http://www.stjohnskingston.co.uk","128008048","E09000021","Kingston Town","E05013938",51.40308542,-0.300754207,518294.0159,168486.9984,"Dance_performance_venues"
"Theatre Royal Haymarket","18 Suffolk Street","","","Westminster","http://www.trh.co.uk","1.00024E+11","E09000033","St James's","E05013806",51.50863453,-0.131279929,529782.0122,180511.0025,"Dance_performance_venues"
"Church Hall of the Church of the Holy Apostles","47 Cumberland Street","","","Westminster","http://www.holyapostlespimlico.org","10033527293","E09000033","Pimlico South","E05013803",51.4884578,-0.143355213,529001.0143,178246.0032,"Dance_performance_venues"
"Asylum, Caroline Gardens Chapel","12 Asylum Road","","","Southwark","http://maverickprojects.co.uk/asylum/weddings/","2.00003E+11","E09000028","Old Kent Road","E05011109",51.47893357,-0.060530333,534779.0134,177336.0027,"Dance_performance_venues"
"Kings Place","90 York Way","","","Islington","http://www.kingsplace.co.uk","10012790864","E09000019","Caledonian","E05013700",51.53499869,-0.121548397,530382.0121,183460.0034,"Dance_performance_venues"
"The Vaults","7AD Leake St","","","Lambeth","https://www.thevaults.london","10091121720","E09000022","Waterloo & South Bank","E05014118",51.50197488,-0.115285479,530910.9822,179798.9024,"Dance_performance_venues"
"Landmark Arts Centre","1 Cloister Close","","","Richmond upon Thames","http://www.landmarkartscentre.org","10024344794","E09000027","Teddington","E05013788",51.4280867,-0.324626903,516570.014,171229.002,"Dance_performance_venues"
"The Bussey Building AKA The CLF Art Cafe","133 Rye Lane","","","Southwark","https://www.clfartcafe.org","2.00003E+11","E09000028","Rye Lane","E05011113",51.469934,-0.067363425,534330.9516,176322.7024,"Dance_performance_venues"
"Adelphi Theatre","Strand","","","Westminster","http://www.reallyusefultheatres.co.uk/our-theatres/adelphi/","10033579363","E09000033","St James's","E05013806",51.51006,-0.12287,530361.5282,180684.449,"Dance_performance_venues"
"Apollo Theatre","31 Shaftesbury Avenue","","","Westminster","https://www.nimaxtheatres.com/apollo-theatre/","10033548808","E09000033","West End","E05013808",51.5115007,-0.13338199,529628.0121,180826.0017,"Dance_performance_venues"
"Bridewell Theatre","Fleet Street","","","City of London","http://www.sbf.org.uk/theatre","95511225","E09000001","Castle Baynard","E05009297",51.51349205,-0.105023493,531590.0113,181098.0029,"Dance_performance_venues"
"Shakespeare's Globe Theatre","21 New Globe Walk","","","Southwark","http://www.shakespearesglobe.com","2.00003E+11","E09000028","Borough & Bankside","E05011095",51.50811239,-0.09657156,532192.0118,180515.0004,"Dance_performance_venues"
"Rich Mix","35-47 Bethnal Green Road","","","Tower Hamlets","https://www.richmix.org.uk","6150258","E09000030","Weavers","E05009335",51.52435934,-0.073275203,533761.0116,182364.0029,"Dance_performance_venues"
"Putney Arts Theatre","Ravenna Rd","","","Wandsworth","http://www.putneyartstheatre.org.uk","1.00023E+11","E09000032","West Putney","E05014030",51.46128657,-0.220223039,523738.0123,175092.0029,"Dance_performance_venues"
"The Michaelis Building, Froebel College, University o","Froebel College","University of Roehampton","Froebel Lane","Wandsworth","","10033238647","E09000032","Roehampton","E05014017",51.45610039,-0.247269507,521873.0121,174470.0027,"Dance_performance_venues"
"Dragon Hall ","17 Stukeley Street","","","Camden","https://www.dragonhall.org.uk/main-hall/","5128852","E09000007","Holborn & Covent Garden","E05013662",51.5166264,-0.122665013,530357.0115,181415.0031,"Dance_performance_venues"
"Westminster Kingsway College Theatre","211 Gray's Inn Road","","","Camden","http://www.westking.ac.uk/subject/performing-arts/","5155126","E09000007","King's Cross","E05013666",51.52690563,-0.118767654,530598.0119,182565.0029,"Dance_performance_venues"
"Poplar Union","2 Cotall St","","","Tower Hamlets","https://poplarunion.com","6194894","E09000030","Lansbury","E05009325",51.51559973,-0.02298261,537276.0118,181483.0011,"Dance_performance_venues"
"The Pit, Barbican Centre","1C Silk St","","","City of London","http://www.barbican.org.uk/theatre","95512046","E09000001","Cripplegate","E05009302",51.51996227,-0.094104542,532328.8726,181837.1679,"Dance_performance_venues"
"Soho Theatre","21 Dean Street","","","Westminster","http://www.sohotheatre.com","1.00023E+11","E09000033","West End","E05013808",51.51450305,-0.132740339,529664.0119,181161.002,"Dance_performance_venues"
"Danceworks","16 Balderton Street","","","Westminster","http://danceworks.net","1.00023E+11","E09000033","West End","E05013808",51.51318751,-0.152452465,528300.0116,180980.0024,"Dance_performance_venues"
"Wilton's Music Hall","1 Graces Alley","","","Tower Hamlets","http://www.wiltons.org.uk","6006845","E09000030","Whitechapel","E05009336",51.51061305,-0.066937948,534241.012,180847.0031,"Dance_performance_venues"
"Chicken Shed","290 Chase Side","","","Enfield","http://www.chickenshed.org.uk","207078080","E09000010","Cockfosters","E05013678",51.64443614,-0.145241925,528430.0095,195588.0029,"Dance_performance_venues"
"Electric Brixton","Town Hall Parade","","","Lambeth","http://electricbrixton.uk.com","2E+11","E09000022","Brixton Acre Lane","E05014095",51.46019347,-0.116833605,530923.0116,175150.002,"Dance_performance_venues"
"Hackney Empire","291 Mare Street","","","Hackney","https://hackneyempire.co.uk/hire/spaces/","1.00023E+11","E09000012","Hackney Central","E05009372",51.54552162,-0.055477861,534933.0131,184750.0075,"Dance_performance_venues"
"ACS Dance Centre","66 Albert Rd","","","Havering","http://www.anthonycliffordstudios.co.uk","1.00023E+11","E09000016","St Alban's","E05013981",51.57360449,0.18990651,551853.3222,188353.5517,"Dance_performance_venues"
"Landor Theatre","70 Landor Pub","","","Lambeth","http://www.thelandorpub.com","1.00022E+11","E09000022","Clapham East","E05014100",51.46566493,-0.126053013,530267.0108,175742.0021,"Dance_performance_venues"
"The Saw Swee Hock Centre - Weston Studio","1 Portugal Street","","","Westminster","https://sawsweehockcentre.com","10033621876","E09000033","St James's","E05013806",51.51463833,-0.117572622,530716.0117,181203.0028,"Dance_performance_venues"
"London Metropolitan University Graduate Centre","182-198 Holloway Rd","","","Islington","http://www.londonmet.ac.uk/contact-us/how-to-find-us/tower-building/graduate-centre/","5300047823","E09000019","Arsenal","E05013697",51.55147327,-0.110354203,531111.0116,185311.9951,"Dance_performance_venues"
"Kenneth More Theatre","Kenneth More Road","","","Redbridge","www.kmtheatre.co.uk/hire-us/","1.00023E+11","E09000026","Ilford Town","E05011246",51.55867744,0.075240584,543955.0115,186462.0013,"Dance_performance_venues"
"Pinner Village Hall","11 Chapel Lane","","","Harrow","https://www.pinnervillagehall.org.uk","2E+11","E09000015","Pinner South","E05013556",51.59325663,-0.384014347,512036.0121,189504.0024,"Dance_performance_venues"
"The Space","269 West Ferry Road","","","Tower Hamlets","http://www.space.org.uk","6060149","E09000030","Island Gardens","E05009324",51.49216667,-0.024198973,537262.0114,178874.9999,"Dance_performance_venues"
"Lift Islington - Platform Theatre","2 Tiltman Place","","","Islington","http://www.platformislington.org.uk","10012794343","E09000019","Finsbury Park","E05013703",51.56142487,-0.115741604,530709.0119,186409.0012,"Dance_performance_venues"
"Etcetera Theatre","265 Camden High Street","","","Camden","http://www.etceteratheatre.com","5007472","E09000007","Camden Town","E05013655",51.54059409,-0.144275957,528790.0122,184042.0029,"Dance_performance_venues"
"Royal Academy of Dramatic Art (RADA)","18-22 Chenies St","","","Camden","https://www.rada.ac.uk","5136140","E09000007","Bloomsbury","E05013653",51.52088928,-0.13226279,529679.0109,181872.0036,"Dance_performance_venues"
"Watermans Arts Centre","40 High Stree","","","Hounslow","https://www.watermans.org.uk","1.00023E+11","E09000018","Brentford East","E05013607",51.48576836,-0.298042371,518269.0142,177685.9997,"Dance_performance_venues"
"New Wimbledon Theatre","93 The Broadway","","","Merton","http://newwimbledontheatre.net","48008413","E09000024","Abbey","E05013810",51.41914644,-0.201365109,525162.9821,170437.9929,"Dance_performance_venues"
"Sadler's Wells Theatre","Roseberry Ave","","","Islington","http://www.sadlerswells.com","5300080047","E09000019","Clerkenwell","E05013702",51.52942925,-0.106264614,531458.0124,182868.0012,"Dance_performance_venues"
"Uxbridge College","34 College Way","","","Hillingdon","https://www.uxbridge.ac.uk","10003002623","E09000017","Wood End","E05013582",51.5162788,-0.411430057,510323.017,180902.0003,"Dance_performance_venues"
"Unicorn Theatre","147 Tooley Street","","","Southwark","unicorn theatre","10009804074","E09000028","London Bridge & West Bermondsey","E05011104",51.50384193,-0.080639895,533310.012,180069.0001,"Dance_performance_venues"
"The Gate Theatre","11 Pembridge Road","","","Kensington and Chelsea","https://www.gatetheatre.co.uk/?spektrix_bounce=true","217065685","E09000020","Pembridge","E05009400",51.50952947,-0.197663819,525173.0127,180495.0028,"Dance_performance_venues"
"London Dance Academy","51 Central Street","","","Islington","http://londondanceacademy.co.uk","5300017733","E09000019","Bunhill","E05013699",51.52555915,-0.096622223,532138.0131,182454.9983,"Dance_performance_venues"
"Hoxton Hall","130 Hoxton Street","","","Hackney","www.hoxtonhall.co.uk/category/hire/","1.00023E+11","E09000012","Hoxton East & Shoreditch","E05009377",51.53177145,-0.0799838,533274.0127,183175.999,"Dance_performance_venues"
"Arcola Theatre","24 Ashwin Street","","","Hackney","http://www.arcolatheatre.com","10008321023","E09000012","Dalston","E05009370",51.54691315,-0.074947347,533579.0089,184869.0052,"Dance_performance_venues"
"Bhavan Centre","4a Castletown Road","","","Hammersmith and Fulham","http://www.bhavan.net","34140084","E09000013","West Kensington","E05013751",51.4897635,-0.207043433,524576.0149,178281.0033,"Dance_performance_venues"
"The Tabard Theatre","2 Bath Road","","","Hounslow","http://www.tabardtheatre.co.uk","2.00003E+11","E09000018","Chiswick Homefields","E05013610",51.49569249,-0.254641421,521255.9523,178860.4923,"Dance_performance_venues"
"Chisenhale Dance Space","64-84 Chisenhale Road","","","Tower Hamlets","http://www.chisenhaledancespace.co.uk","6719953","E09000030","Bow West","E05009320",51.53308803,-0.039708154,536063.4515,183396.5342,"Dance_performance_venues"
"Polka Theatre for Children","240 The Broadway","","","Merton","https://polkatheatre.com/home/about-us/contact-us/","48008566","E09000024","Abbey","E05013810",51.41973108,-0.194975806,525605.6236,170513.9226,"Dance_performance_venues"
"Studio Wayne McGregor","14 East Bay lane","","","Hackney","http://waynemcgregor.com","10008348301","E09000012","Hackney Wick","E05009374",51.54744385,-0.024066959,537105.1115,185022.0728,"Dance_performance_venues"
"Clean Break","2 Patshull Road","","","Camden","http://www.cleanbreak.org.uk","5001418","E09000007","Kentish Town South","E05013664",51.54692186,-0.140672301,529022.012,184752.0029,"Dance_performance_venues"
"Lawrence Hall","West London University","St Mary's Rd","","Ealing","http://www.uwl.ac.uk","12153715","E09000009","Ealing Common","E05013521",51.50656547,-0.304688388,517754.0126,179988.0032,"Dance_performance_venues"
"Brentside","377 Greenford Avenue","","","Ealing","http://www.brentsidehigh.ealing.sch.uk","12141082","E09000009","North Hanwell","E05013529",51.52655631,-0.33995693,515256.0113,182155.0025,"Dance_performance_venues"
"Union Theatre","204 Union Street","","","Southwark","https://www.unicorntheatre.com","2.00003E+11","E09000028","Borough & Bankside","E05011095",51.50375651,-0.101911697,531834.0114,180021.003,"Dance_performance_venues"
"Harrow Arts Centre","171 Uxbridge Road","","","Harrow","","2E+11","E09000015","Hatch End","E05013549",51.60848854,-0.363803161,513398.0118,191229.0015,"Dance_performance_venues"
"The Young Vic","66 The Cut","","","Lambeth","https://www.youngvic.org","1.00023E+11","E09000022","Waterloo & South Bank","E05014118",51.50327691,-0.107291849,531462.0116,179958.0032,"Dance_performance_venues"
"The Old Church , Stoke Newington","207B Church Street","","","Hackney","http://theoldchurch.org.uk","1.00021E+11","E09000012","Clissold","E05009369",51.56041201,-0.084880748,532851.0123,186352.0026,"Dance_performance_venues"
"Oxford House Theatre","87 Derbyshire Street","","","Tower Hamlets","http://www.oxfordhouse.org.uk","6089004","E09000030","St Peter's","E05009331",51.52636805,-0.061484047,534573.0115,182609.0039,"Dance_performance_venues"
"Churchill Theatre: Magpie Dance","118 High Street","","","Bromley","http://www.magpiedance.org.uk","1.00023E+11","E09000006","Bromley Town","E05013991",51.403765,0.014474247,540217.0182,169118.0067,"Dance_performance_venues"
"Higham Hill Hub","Higham Hill Park","Hecham Close","","Waltham Forest","http://highamhillhub.org.uk","10091185782","E09000031","Higham Hill","E05013892",51.59712882,-0.037580749,536020.0136,190522.0044,"Dance_performance_venues"
"Dance Umbrella - Somerset House"," Somerset House","West Wing","Strand","Westminster","http://www.danceumbrella.co.uk","1.00023E+11","E09000033","St James's","E05013806",51.51102034,-0.117952415,530700.0119,180800.0022,"Dance_performance_venues"
"Harris Academy Purley","Kendra Hall Road","","","Croydon","http://www.harrispurley.org.uk","1.00023E+11","E09000008","Purley Oaks & Riddlesdown","E05011477",51.35324715,-0.10931616,531752.0118,163271.0019,"Dance_performance_venues"
"Bernie Grant Arts Centre","Town Hall Approach","","","Haringey","http://www.berniegrantcentre.co.uk","10003985252","E09000014","Tottenham Central","E05013601",51.58747503,-0.073075943,533590.0122,189383.0024,"Dance_performance_venues"
"Arts Theatre","6-7 Great Newport Street","","","Westminster","https://artstheatrewestend.co.uk","1.00023E+11","E09000033","St James's","E05013806",51.51211816,-0.127548734,530031.0117,180905.0027,"Dance_performance_venues"
"Conway Hall","25 Red Lion Square","","","Camden","https://conwayhall.org.uk","5048256","E09000007","Holborn & Covent Garden","E05013662",51.51979404,-0.118311294,530650.0116,181775.0035,"Dance_performance_venues"
"Compass Theatre, Hillingdon","45 Glebe Ave","","","Hillingdon","http://www.hillingdontheatres.uk","1.00023E+11","E09000017","Ickenham & South Harefield","E05013573",51.56218624,-0.440386739,508205.0119,185964.002,"Dance_performance_venues"
"Dominion Theatre","268-269 Tottenham Court Rd","","","Camden","https://www.nederlander.co.uk/dominion-theatre","5083050","E09000007","Bloomsbury","E05013653",51.51696266,-0.129641703,529872.0115,181440.0029,"Dance_performance_venues"
"Pleasance","Carpenters Mews","North Rd","","Islington","https://www.pleasance.co.uk","10094608227","E09000019","Holloway","E05013706",51.54876851,-0.121673379,530334.012,184990.9996,"Dance_performance_venues"
"Trinity Laban / Laban Theatre","Faculty of Dance / Laban Theatre","Laban Building","30 Creekside","Lewisham","https://www.trinitylaban.ac.uk/whats-on/dance-events","10010216996","E09000023","Deptford","E05013719",51.48022,-0.01904,537656.106,177556.2294,"Dance_performance_venues"
"Shoreditch Town Hall","380 Old Street","","","Hackney","http://shoreditchtownhall.com/event-space-hire/venue-specification/large-committee-room","1.00023E+11","E09000012","Hoxton East & Shoreditch","E05009377",51.52667619,-0.079102613,533350.012,182611.0017,"Dance_performance_venues"
"Brockley Jack Studio Theatre","410 Brockley Road","","","Lewisham","http://www.brockleyjack.co.uk","1.00022E+11","E09000023","Crofton Park","E05013718",51.45363918,-0.039076935,536344.0132,174563.003,"Dance_performance_venues"
"King Charles Court, Old Royal Naval College (Trinity ","King William Walk","","","Greenwich","https://www.trinitylaban.ac.uk/whats-on/our-venues/king-charles-court","10010216996","E09000011","Greenwich Park","E05014081",51.48358702,-0.007171472,538470.0087,177953.0062,"Dance_performance_venues"
"Artsadmin","28 Commercial Street","","","Tower Hamlets","http://www.toynbeehall.org.uk","6722403","E09000030","Spitalfields & Banglatown","E05009333",51.51668037,-0.072230154,533856.012,181512.0026,"Dance_performance_venues"
"Cecil Sharp House","2 Regent's Park Road","Cecil Sharp House","","Camden","https://www.cecilsharphouse.org","5066674","E09000007","Primrose Hill","E05013667",51.53810212,-0.149337866,528446.0119,183756.0026,"Dance_performance_venues"
"Half Moon Young People's Theatre","43 White Horse Road","","","Tower Hamlets","http://www.halfmoon.org.uk","6044554","E09000030","St Dunstan's","E05009329",51.51325269,-0.041215197,536018.0121,181188.0042,"Dance_performance_venues"
"Graeae Theatre Company Bradbury Studios","138 Kinglsand Road","","","Hackney","www.graeae.org/","10008323888","E09000012","Haggerston","E05009375",51.53279852,-0.076811706,533491.0127,183295.999,"Dance_performance_venues"
"Cockpit Theatre","5 Gateforth Street","","","Westminster","http://www.thecockpit.org.uk","1.00023E+11","E09000033","Church Street","E05013794",51.52449748,-0.169480819,527087.0124,182208.0032,"Dance_performance_venues"
"Menier Theatre","51-53 Southwark Street","","","Southwark","https://www.menierchocolatefactory.com/Online/default.asp","2.00004E+11","E09000028","Borough & Bankside","E05011095",51.50466098,-0.094467554,532348.0113,180135.0022,"Dance_performance_venues"
"Expressive Arts Leyton","Leyton Sixth Form College","Essex Rd","","Waltham Forest","http://www.leyton.ac.uk","2.00001E+11","E09000031","Forest","E05013887",51.57606761,-0.002867702,538488.0104,188245.0018,"Dance_performance_venues"
"Lyric Theatre","29 Shaftesbury Avenue","","","Westminster","https://www.nimaxtheatres.com/lyric-theatre/","1.00023E+11","E09000033","West End","E05013808",51.51127346,-0.133794809,529600.0122,180800.002,"Dance_performance_venues"
"Jacksons Lane","269A Archway Road","","","Haringey","www.jacksonslane.org.uk/space-hire","1.00023E+11","E09000014","Highgate","E05013592",51.57668107,-0.145404162,528610.0108,188053.0012,"Dance_performance_venues"
"Arts Depot","5 Nether Street","","","Barnet","http://www.artsdepot.co.uk","200196017","E09000003","West Finchley","E05013648",51.61281644,-0.176699509,526341.354,192016.8907,"Dance_performance_venues"
"RADA Studios","16 Chenies St","","","Camden","","5087921","E09000007","Bloomsbury","E05013653",51.52066919,-0.13256009,529659.0111,181847.003,"Dance_performance_venues"
"Blackheath Halls","23 Lee Road","","","Greenwich","http://www.blackheathhalls.com","1.00023E+11","E09000011","Blackheath Westcombe","E05014073",51.46437941,0.009627334,539695.0136,175849.0021,"Dance_performance_venues"
"Langley Park Centre for the Performing Arts","Hawksbrook Lane","South Eden Park Road","Beckenham","Bromley","http://www.lpsb.org.uk","1.00023E+11","E09000006","Kelsey & Eden Park","E05013999",51.38893001,-0.01894751,537937.0119,167405.0033,"Dance_performance_venues"
"Intimate Theatre","516 Green Lanes","","","Enfield","http://www.smptheatre.co.uk/faqs/the-intimate-theatre/","207035876","E09000010","Winchmore Hill","E05013696",51.62419102,-0.10284236,531422.0149,193412.0014,"Dance_performance_venues"
"Theatre Royal, Stratford East","Gerry Raffles Square","","","Newham","http://www.stratfordeast.com/whats-on/","10009003230","E09000025","Stratford","E05013924",51.54255806,0.001000881,538858.0112,184526.0017,"Dance_performance_venues"
"Fairfield Hall (closed for refurbishment)","71 Park Lane","","","Croydon","https://fairfield.co.uk","1.00023E+11","E09000008","Fairfield","E05011468",51.37227,-0.09553,532657.0119,165411.1625,"Dance_performance_venues"
"Newlands Community Hall","226 Stroud Crescent","","","Wandsworth","http://www.wandsworth.gov.uk/directory_record/148179/newlands_hall_putney_vale_clubroom/category/1125/cl","1.00023E+11","E09000032","Roehampton","E05014017",51.43808068,-0.244376348,522122.012,172471.0027,"Dance_performance_venues"
"Aldwych Theatre","49 Aldwych","","","Westminster","https://www.nederlander.co.uk/aldwych-theatre","1.00023E+11","E09000033","St James's","E05013806",51.51307629,-0.118862085,530631.0117,181027.0027,"Dance_performance_venues"
"London Welsh Centre","157-163 Gray's Inn Road","","","Camden","http://www.londonwelsh.org","5083639","E09000007","King's Cross","E05013666",51.52493328,-0.116902823,530733.0119,182349.003,"Dance_performance_venues"
"Rambert","99 Upper Ground","","","Lambeth","http://www.rambert.org.uk","1.00023E+11","E09000022","Waterloo & South Bank","E05014118",51.50617404,-0.113523269,531021.2419,180269.0021,"Dance_performance_venues"
"Theatre Peckham","221 Havil Street","","","Southwark","https://www.theatrepeckham.co.uk","10093342877","E09000028","St Giles","E05011115",51.47449519,-0.082758591,533248.4511,176801.7832,"Dance_performance_venues"
"Mountview Theatre School","120 Peckham Hill Street","","","Southwark","https://www.mountview.org.uk","10094742520","E09000028","Peckham","E05011110",51.4748743,-0.069877256,534141.8816,176867.4522,"Dance_performance_venues"
" Siobhan Davies Studios","85 St. George’s Road","Elephant & Castle","","Southwark","http://www.siobhandavies.com","10009805291","E09000028","St George's","E05011114",51.49606,-0.105329064,531619.013,179159.0031,"Dance_performance_venues"
"Canada Water Studios","21 Surrey Quays Road","","","Southwark","http://canadawaterculturespace.org.uk/contact-us","10090284129","E09000028","Rotherhithe","E05011112",51.49780959,-0.049153611,535513.012,179456.0019,"Dance_performance_venues"
"National Circus","9 Coronet St","","","Hackney","http://www.nationalcircus.org.uk","1.00023E+11","E09000012","Hoxton East & Shoreditch","E05009377",51.52755809,-0.082550204,533108.3021,182702.7918,"Dance_performance_venues"
"Upstairs at the Gatehouse","1 North Road","","","Haringey","http://www.upstairsatthegatehouse.com","1.00023E+11","E09000014","Highgate","E05013592",51.5717955,-0.150365124,528280.012,187501.0016,"Dance_performance_venues"
"Omnibus Arts Centre","1 Northside Clapham Common","","","Lambeth","http://omnibus-clapham.org","1.00023E+11","E09000022","Clapham Town","E05014102",51.46375804,-0.142413708,529136.0115,175501.0023,"Dance_performance_venues"
"Camden People's Theatre","58-60 Hampstead Road","","","Camden","https://www.cptheatre.co.uk","5158137","E09000007","Regent's Park","E05013668",51.52640081,-0.138423624,529236.0113,182474.0024,"Dance_performance_venues"
"Theatre Utopia","1 Matthews Yard","","","Croydon","http://www.matthewsyard.com/venue/theatre-utopia/","10090382144","E09000008","Fairfield","E05011468",51.37216106,-0.101094936,532270.012,165389.0016,"Dance_performance_venues"
"Kiln Theatre ","269 Kilburn High Road","","","Brent","http://www.tricycle.co.uk","202079064","E09000005","Kilburn","E05013503",51.54331474,-0.200005991,524918.0117,184248.0021,"Dance_performance_venues"
"Lilian Baylis Studio","183 Rosebery Avenue","","","Islington","http://www.sadlerswells.com/venue-hire/lilian-baylis-studio/","5300080050","E09000019","Clerkenwell","E05013702",51.52968382,-0.10587919,531484.0124,182897.0017,"Dance_performance_venues"
"Flow Dance London","1-3 Brixton Rd.","Kennington Business Park","Canterbury Court U","Lambeth","https://flowdance-london.co.uk","10090196810","E09000022","Myatt's Fields","E05014107",51.4804897,-0.109546045,531371.0113,177420.0019,"Dance_performance_venues"
"The Place Theatre","17 Dukes Road","","","Camden","http://www.theplace.org.uk","5156460","E09000007","Bloomsbury","E05013653",51.52750935,-0.128401995,529928.0116,182615.0031,"Dance_performance_venues"
"Trafalgar Studios (previously the Whitehall)","14 Whitehall","","","Westminster","http://trafalgarentertainment.com","1.00023E+11","E09000033","St James's","E05013806",51.50663365,-0.127615185,530042.0124,180295.0018,"Dance_performance_venues"
"The Albany","Douglas Way","","","Lewisham","http://www.thealbany.org.uk","1.00023E+11","E09000023","Deptford","E05013719",51.4778771,-0.027409247,537082.0081,177280.0036,"Dance_performance_venues"
"Vaudeville Theatre","404 Strand","","","Westminster","https://www.nimaxtheatres.com/vaudeville-theatre/","10033544051","E09000033","St James's","E05013806",51.51034645,-0.122476552,530388.0119,180717.0027,"Dance_performance_venues"
"Chat's Palace","42 Brooksby's Walk","","","Hackney","http://chatspalace.com","1.00023E+11","E09000012","King's Park","E05009379",51.55026393,-0.042683326,535806.0078,185301.0029,"Dance_performance_venues"
"TripSpace Dance","ARCH 339, ACTON MEWS","","","Hackney","http://www.tripspace.co.uk","1.00023E+11","E09000012","Haggerston","E05009375",51.53679364,-0.075864571,533545.0092,183742.001,"Dance_performance_venues"
"Her Majesty's Theatre","57 Haymarket","","","Westminster","","1.00023E+11","E09000033","St James's","E05013806",51.50812453,-0.13200693,529733.0122,180453.0023,"Dance_performance_venues"
"West London School of Dance","25 Bulwer Street","","","Hammersmith and Fulham","https://www.westlondonschoolofdance.co.uk","34039599","E09000013","Shepherd's Bush Green","E05013748",51.50548497,-0.223746535,523374.0105,180001.0004,"Dance_performance_venues"
"Theatro Technis","26 Crowndale Road","","","Camden","http://www.theatrotechnis.com","5061419","E09000007","St Pancras & Somers Town","E05013669",51.53549592,-0.134678304,529470.0118,183492.0031,"Dance_performance_venues"
"Questor's Theatre","12 Mattock Lane","","","Ealing","http://www.questors.org.uk","12084402","E09000009","Walpole","E05013541",51.51170889,-0.309656624,517396.0115,180552.0043,"Dance_performance_venues"
"JW3 (Jewish Community Centre London)","341-351 Finchley Road"," London","","Camden","https://www.jw3.org.uk","5164899","E09000007","West Hampstead","E05013671",51.55083,-0.18448,525973.8383,185110.3209,"Dance_performance_venues"
"Leicester Square Theatre","6 Leicester Place","","","Westminster","http://www.leicestersquaretheatre.com","1.00023E+11","E09000033","St James's","E05013806",51.5113401,-0.130073873,529858.0119,180814.0022,"Dance_performance_venues"
"Tara Theatre","356 Garratt Lane","","","Wandsworth","https://www.tara-arts.com","121011012","E09000032","Wandle","E05014026",51.44217585,-0.188430425,525999.012,173021.003,"Dance_performance_venues"
"The Tabernacle Trust","THE TABERNACLE 34-35","POWIS SQUARE","","Kensington and Chelsea","https://www.tabernaclew11.com","217070132","E09000020","Colville","E05009392",51.51696816,-0.201881407,524860.0126,181315.0026,"Dance_performance_venues"
"Beck Theatre","89 Grange Road","","","Hillingdon","https://becktheatre.org.uk/Online/","10003001360","E09000017","Wood End","E05013582",51.5210498,-0.421800756,509592.0114,181417.0022,"Dance_performance_venues"
"Rivoli Ballroom","350 Brockley Road","Crofton Park","","Lewisham","https://www.rivoliballroom.com","10090782761","E09000023","Crofton Park","E05013718",51.45526234,-0.037193751,536470.0135,174747.003,"Dance_performance_venues"
"Courtyard Theatre","40 Pitfield Street","","","Hackney","http://www.thecourtyard.org.uk","1.00023E+11","E09000012","Hoxton East & Shoreditch","E05009377",51.52787925,-0.083377075,533050.0122,182737.0012,"Dance_performance_venues"
"Studio K, Richmond Fitness Club","Richmond Station Left","Kew Road","","Richmond upon Thames","http://www.studiokdance.co.uk","10024346023","E09000027","South Richmond","E05013786",51.46347521,-0.301706458,518072.0821,175201.0526,"Dance_performance_venues"
"Theatre Deli","2 Finsbury Avenue","","","City of London","https://www.theatredeli.co.uk/","1.00023E+11","E09000001","Bishopsgate","E05009292",51.519961,-0.08487465,532969.1944,181853.7575,"Dance_performance_venues"
"The Tramshed","41 Woolwich New Road","","","Greenwich","https://www.tramshed.org/","1.00023E+11","E09000011","Woolwich Arsenal","E05014092",51.489729,0.068609625,543712.1405,178781.9408,"Dance_performance_venues"
"Greenwich Dance","The Nest","Cygnet Square","Thamesmead","Greenwich","https://greenwichdance.org.uk/","10010224639","E09000011","Charlton Village & Riverside","E05014075",51.480557,0.037748523,541598.2073,177701.9063,"Dance_performance_venues"
"AMP Gallery","1 Acorn Parade","Peckham","","Southwark","https://amp-gallery.co.uk/","10000816466","E09000028","Nunhead & Queen's Road","E05011108",51.476408,-0.061743352,534702.2202,177052.9294,"Dance_performance_venues"
"AMP Studios","897a Old Kent Rd","Peckham","","Lewisham","https://ampstudios.co.uk/","10094268757","E09000023","New Cross Gate","E05013728",51.47878,-0.054053272,535229.2188,177330.8669,"Dance_performance_venues"
"Stanley Arts","12 South Norwood Hill","South Norwood","","Croydon","https://stanleyarts.org/venue-hire/","See notes","E09000008","South Norwood","E05011485",51.40014,-0.07514,533994.7711,168547.3935,"Dance_performance_venues"
"Blue Elephant","59a Bethwin Rd","Camberwell","","Southwark","http://www.blueelephanttheatre.co.uk/","10090283293","E09000028","Camberwell Green","E05011096",51.480039,-0.098428876,532144.2297,177389.8713,"Dance_performance_venues"
"Southbank Centre","Belvedere Road","London","","Lambeth","https://www.southbankcentre.co.uk/","10090198178","E09000022","Waterloo & South Bank","E05014118",51.505864,-0.11618744,530837.2473,180229.7639,"Dance_performance_venues"
"20 Bedford Way","London","","","Camden","https://20bedfordway.com/performance/","5087943","E09000007","Bloomsbury","E05013653",51.522977,-0.12796482,529971.2352,182111.7779,"Dance_performance_venues"
"Folklore Hoxton","186 Hackney Road","","","Tower Hamlets","https://www.folklorehoxton.com/","6005502","E09000030","Weavers","E05009335",51.530654,-0.072315085,533809.1607,183065.7382,"Dance_performance_venues"
"London Coliseum","St Martin's Lane","","","Westminster","https://londoncoliseum.org/","1.00023E+11","E09000033","St James's","E05013806",51.509911,-0.12629557,530124.2521,180661.7896,"Dance_performance_venues"
"New London Performing Arts Centre","76 St James Lane","Muswell Hill","","Haringey","www.nlpac.co.uk","10003973500","E09000014","Muswell Hill","E05013594",51.588142,-0.13965084,528976.2308,189337.6307,"Dance_performance_venues"
"NW7 Hub","Mill hill Library","Hartley Avenue","","Barnet","https://www.nw7hub.org.uk","10094710274","E09000003","Mill Hill","E05013645",51.615382,-0.24309943,521737.3226,192189.5796,"Dance_performance_venues"
"Silver Building (Projekt)","60 Dock road","London","","Newham","http://thisisprojekt.com/silverbuilding","10008985422","E09000025","Royal Victoria","E05013923",51.504762,0.017112899,540091.1371,180353.824,"Dance_performance_venues"
"Dilston Gallery","Southwark Park Rd","Southwark Park","","Southwark","https://southwarkparkgalleries.org/","2.00003E+11","E09000028","North Bermondsey","E05011106",51.491814,-0.054290569,535174.1987,178779.7975,"Dance_performance_venues"
"Seven Dials Playhouse ","1A Tower St","London","","Camden","https://www.sevendialsplayhouse.co.uk/","5077305","E09000007","Holborn & Covent Garden","E05013662",51.513361,-0.12833025,529973.2482,181041.8207,"Dance_performance_venues"
"East London Dance","The Talent House","3 Sugar House Lane","","Newham","https://www.eastlondondance.org/","See notes","E09000025","Stratford","E05013924",51.53189,-0.00886,538206.5341,183321.036,"Dance_performance_venues"
"National Ballet","Mulryan Centre for Dance","41 Hopewell Square, Leamouth Peninsul","","Tower Hamlets","www.ballet.org.uk","6721048","E09000030","Blackwall & Cubitt Town","E05009318",51.512769,0.006426868,539325.109,181223.7836,"Dance_performance_venues"
"Studio 3 Arts ","Boundary Road","","","Barking and Dagenham","https://www.studio3arts.org.uk/ ","100053573","E09000002","Gascoigne","E05014061",51.530484,0.080289716,544394.1273,183336.8231,"Dance_performance_venues"
" Kiln Theatre ","269 Kilburn High Road","","","Brent","http://www.tricycle.co.uk","202079064","E09000005","Kilburn","E05013503",51.54331474,-0.200005991,524918.0117,184248.0021,"Dance_rehearsal_studios"
"2 Northdown ","2 Northdown Street","","","Islington","https://www.2northdown.com/about/","5300068234","E09000019","Caledonian","E05013700",51.53134606,-0.119204506,530555.0121,183058.003,"Dance_rehearsal_studios"
"3 Mills Studios","3 Mill Lane","","","Newham","http://www.3mills.com","10009018097","E09000025","Stratford","E05013924",51.52684581,-0.006276453,538401.0093,182764.9982,"Dance_rehearsal_studios"
"808 Studios","Stephen House","1B Darnely Road","","Hackney","www.808studios.co.uk","1.00E+11","E09000012","Homerton","E05009376",51.54383,-0.054437649,535010.1355,184563.8162,"Dance_rehearsal_studios"
"Abacus Arts","2a Browning Street","","","Southwark","http://www.abacus-arts.org.uk","2.00E+11","E09000028","North Walworth","E05011107",51.48986355,-0.095862668,532294.0117,178487.0021,"Dance_rehearsal_studios"
"Academy Mews Dance Studios","15 Pratt Mews","","","Camden","https://www.academydancestudios.com/studio-hire-london-contact/","5088505","E09000007","Regent's Park","E05013668",51.53718037,-0.140521526,529060.0119,183669.0023,"Dance_rehearsal_studios"
"ACS Dance Centre","66 Albert Rd","","","Havering","http://www.anthonycliffordstudios.co.uk","1.00E+11","E09000016","St Alban's","E05013981",51.57360449,0.18990651,551853.3222,188353.5517,"Dance_rehearsal_studios"
"Albany Centre and Theatre","1A Douglas Way","","","Lewisham","http://www.thealbany.org.uk","1.00E+11","E09000023","Deptford","E05013719",51.4778771,-0.027409247,537082.0081,177280.0036,"Dance_rehearsal_studios"
"Aldwych Theatre","49 Aldwych","","","Westminster","https://www.nederlander.co.uk/aldwych-theatre","1.00E+11","E09000033","St James's","E05013806",51.51307629,-0.118862085,530631.0117,181027.0027,"Dance_rehearsal_studios"
"Alford House","Aveline Street","Kennington","","Lambeth","http://www.alfordhouse.org.uk/site/room-hire.php","1.00E+11","E09000022","Vauxhall","E05014117",51.48799223,-0.114176555,531028.0127,178246.0027,"Dance_rehearsal_studios"
"Alleyn's School","Townley Road","","","Southwark","https://www.alleyns.org.uk","2.00E+11","E09000028","Goose Green","E05011103",51.45478129,-0.081993244,533359.0119,174611.0024,"Dance_rehearsal_studios"
"American Musical Theatre Academy ","28 Wallis Road","","","Hackney","https://theamta.com/gb/","10008349004","E09000012","Hackney Wick","E05009374",51.54417299,-0.024787004,537065.0119,184657.0024,"Dance_rehearsal_studios"
"Anatomie Studio","Unit 113 ","Arch 17 Station Passage ","Peckham","Southwark","https://anatomiestudio.com/hire-us/","See notes","E09000028","Nunhead & Queen's Road","E05011108",51.47487,-0.05658,535065.3137,176891.4157,"Dance_rehearsal_studios"
"Arcola Theatre","24 Ashwin Street","","","Hackney","http://www.arcolatheatre.com","10008321023","E09000012","Dalston","E05009370",51.54691315,-0.074947347,533579.0089,184869.0052,"Dance_rehearsal_studios"
"Arts Depot","5 Nether Street","","","Barnet","http://www.artsdepot.co.uk","200196017","E09000003","West Finchley","E05013648",51.61281644,-0.176699509,526341.354,192016.8907,"Dance_rehearsal_studios"
"Arts Theatre","6-7 Great Newport Street","","","Westminster","https://artstheatrewestend.co.uk","1.00E+11","E09000033","St James's","E05013806",51.51211816,-0.127548734,530031.0117,180905.0027,"Dance_rehearsal_studios"
"Artsadmin","28 Commercial Street","","","Tower Hamlets","http://www.toynbeehall.org.uk","6722403","E09000030","Spitalfields & Banglatown","E05009333",51.51668037,-0.072230154,533856.012,181512.0026,"Dance_rehearsal_studios"
"artsdepot","5 Nether St"," Tally Ho Corner"," North Finchley","Barnet","https://www.artsdepot.co.uk/private-rooms-studios","200198999","E09000003","West Finchley","E05013648",51.61297,-0.17686,526329.8165,192033.6903,"Dance_rehearsal_studios"
"Aspire @ Southfields","337 Merton Road","","","Wandsworth","https://www.aspiresouthfields.com/dance-studio","See notes","E09000032","Southfields","E05014021",51.44463,-0.19757,525357.163,173278.2481,"Dance_rehearsal_studios"
"Ballet Boyz  - Studio 52","52a Canbury Park Road","","","Kingston upon Thames","http://www.balletboyz.com","128037963","E09000021","Kingston Gate","E05013937",51.4130041,-0.298258301,518442.0121,169594.0025,"Dance_rehearsal_studios"
"Barking Road Community Centre: J?î?á?ñs Dance Factory","633 Barking Rd","","","Newham","https://www.newham.gov.uk/Pages/ServiceChild/Barking-Road-community-centre.aspx","10008983357","E09000025","Plaistow North","E05013918",51.52830003,0.032611893,541094.0123,183001.0022,"Dance_rehearsal_studios"
"Battersea Spanish","Units 120-121","99-109 Lavender Hill","","Wandsworth","https://hirespace.com/Spaces/London/162219/Battersea-Spanish/La-Unit/Events","10091500694","E09000032","Lavender","E05014014",51.46500578,-0.154802128,528272.0119,175618.0017,"Dance_rehearsal_studios"
"bbo Dance","Juniper Drive","Battersea Reach","","Wandsworth","https://bbo.dance/about-us/facilities/espinosa-studio","10070242030","E09000032","St Mary's","E05014018",51.46505672,-0.183407032,526285.012,175574.0027,"Dance_rehearsal_studios"
"Beck Theatre","Grange Road","Hayes","Middlesex","Hillingdon","https://becktheatre.org.uk/Online/","10003001360","E09000017","Wood End","E05013582",51.5210498,-0.421800756,509592.0114,181417.0022,"Dance_rehearsal_studios"
"Bernie Grant Arts Centre","Town Hall Approach","","","Haringey","http://www.berniegrantcentre.co.uk","10003985252","E09000014","Tottenham Central","E05013601",51.58747503,-0.073075943,533590.0122,189383.0024,"Dance_rehearsal_studios"
"BGM Entertainment. Address: The Basement, 73 St John ","The Basement","73 St John Street","Farringdon","Islington","http://bgmentertainment.co.uk/dance-recording-studio.php","5300084516","E09000019","Clerkenwell","E05013702",51.5214824,-0.10198168,531778.0119,181992.0011,"Dance_rehearsal_studios"
"Bhavan Centre","4a Castletown Road","","","Hammersmith and Fulham","http://www.bhavan.net","34140084","E09000013","West Kensington","E05013751",51.4897635,-0.207043433,524576.0149,178281.0033,"Dance_rehearsal_studios"
"Bishop Justus Church of England School","Magpie Hall Lane","","","Bromley","http://www.bishopjustus.bromley.sch.uk","10013149314","E09000006","Bromley Common & Holwood","E05013990",51.38245296,0.045098174,542413.0114,166807.0021,"Dance_rehearsal_studios"
"Bishopsgate Institute"," 230 Bishopsgate","","","City of London","http://www.bishopsgate.org.uk/form.aspx?id=14","1.00E+11","E09000001","Bishopsgate","E05009292",51.5187111,-0.079250559,533363.0118,181725.0025,"Dance_rehearsal_studios"
"Blackheath Halls","23 Lee Road","","","Greenwich","http://www.blackheathhalls.com","1.00E+11","E09000011","Blackheath Westcombe","E05014073",51.46437941,0.009627334,539695.0136,175849.0021,"Dance_rehearsal_studios"
"Bloomsbury Central Baptist Church","235 Shaftesbury Avenue","","","Camden","https://www.bloomsbury.org.uk/roomevent-booking/","5087200","E09000007","Holborn & Covent Garden","E05013662",51.516428,-0.12671995,530076.2443,181385.7326,"Dance_rehearsal_studios"
"Bloomsbury Studio","15 Gordon street","","","Camden","https://www.ucl.ac.uk/culture/bloomsbury-theatre-studio","5007085","E09000007","Bloomsbury","E05013653",51.525068,-0.13278042,529631.2384,182335.7648,"Dance_rehearsal_studios"
"Brentside","377 Greenford Avenue","","","Ealing","http://www.brentsidehigh.ealing.sch.uk","12141082","E09000009","North Hanwell","E05013529",51.52655631,-0.33995693,515256.0113,182155.0025,"Dance_rehearsal_studios"
"Brixton Community Base","32 Talma Road","","","Lambeth","http://www.brixtoncommunitybase.org","1.00E+11","E09000022","Brixton Windrush","E05014098",51.45865602,-0.110707061,531353.0118,174990.0026,"Dance_rehearsal_studios"
"Brixton House","385 Coldharbour Lane","Brixton","","Lambeth","https://brixtonhouse.co.uk/","10094957510","E09000022","Brixton Windrush","E05014098",51.461917,-0.11110208,531316.2185,175351.9145,"Dance_rehearsal_studios"
"Brockley Jack Studio Theatre","410 Brockley Road","","","Lewisham","http://www.brockleyjack.co.uk","1.00E+11","E09000023","Crofton Park","E05013718",51.45363918,-0.039076935,536344.0132,174563.003,"Dance_rehearsal_studios"
"Camden Arts Centre","47 Arkwright Road","","","Camden","https://www.camdenartscentre.org","5090703","E09000007","Frognal","E05013657",51.55125207,-0.183465426,526043.012,185159.0029,"Dance_rehearsal_studios"
"Camden People's Theatre","58-60 Hampstead Road","","","Camden","https://www.cptheatre.co.uk","5158137","E09000007","Regent's Park","E05013668",51.52640081,-0.138423624,529236.0113,182474.0024,"Dance_rehearsal_studios"
"Canada Water Culture Space","21 Surrey Quays Road","","","Southwark","http://canadawaterculturespace.org.uk/contact-us","10090284129","E09000028","Rotherhithe","E05011112",51.49780959,-0.049153611,535513.012,179456.0019,"Dance_rehearsal_studios"
"Canada Water Studios Ltd","Vancouver House","Surrey Quays Road","","Southwark","http://www.canadawaterstudios.com/contact/","10090284887","E09000028","Rotherhithe","E05011112",51.49914132,-0.048590555,535548.142,179605.1323,"Dance_rehearsal_studios"
"Capital City Academy","Doyle Gardens","Willesden","","Brent","http://www.capitalcityacademy.org/224/hire-our-facilities","202191532","E09000005","Roundwood","E05013509",51.53996598,-0.232901653,522646.0122,183820.0018,"Dance_rehearsal_studios"
"Cardboard Citizens","77A Greenfield Road","","","Tower Hamlets","https://www.cardboardcitizens.org.uk/hire-our-space","6011593","E09000030","Whitechapel","E05009336",51.51639219,-0.065655375,534313.0121,181492.0037,"Dance_rehearsal_studios"
"Cecil Sharp House","2 Regent's Park Road","Cecil Sharp House","","Camden","https://www.cecilsharphouse.org","5066674","E09000007","Primrose Hill","E05013667",51.53810212,-0.149337866,528446.0119,183756.0026,"Dance_rehearsal_studios"
"Central Saint Martins","1 Granary Square","","","Camden","http://www.arts.ac.uk/csm/","5162950","E09000007","King's Cross","E05013666",51.53648107,-0.124270325,530189.0122,183620.0033,"Dance_rehearsal_studios"
"Centre 151","151 Whiston Road","","","Hackney","http://www.centre151.com/contact/","1.00E+11","E09000012","Haggerston","E05009375",51.5351763,-0.070746271,533904.7001,183571.513,"Dance_rehearsal_studios"
"Chantry Studios","20 Chantry Lane","","","Bromley","http://chantry-studios.co.uk","1.00E+11","E09000006","Bromley Common & Holwood","E05013990",51.39213619,0.034346311,541635.0122,167863.002,"Dance_rehearsal_studios"
"Chat's Palace","42 Brooksby's Walk","","","Hackney","http://chatspalace.com","1.00E+11","E09000012","King's Park","E05009379",51.55026393,-0.042683326,535806.0078,185301.0029,"Dance_rehearsal_studios"
"Chats Palace Arts Centre ","42-44 Brooksby's Walk","London","","Hackney","https://chatspalace.com/","1.00E+11","E09000012","King's Park","E05009379",51.550263,-0.042710633,535804.1175,185300.8489,"Dance_rehearsal_studios"
"Chelsea Theatre","7 World's End Place","King's Road","","Kensington and Chelsea","http://www.chelseatheatre.org.uk/venue-hire/","217005389","E09000020","Chelsea Riverside","E05009391",51.48164362,-0.17963759,526501.0121,177425.0021,"Dance_rehearsal_studios"
"Chicken Shed","290 Chase Side","","","Enfield","http://www.chickenshed.org.uk","207078080","E09000010","Cockfosters","E05013678",51.64443614,-0.145241925,528430.0095,195588.0029,"Dance_rehearsal_studios"
"Chisenhale Dance Space","64-84 Chisenhale Road","","London","Tower Hamlets","http://www.chisenhaledancespace.co.uk","6719953","E09000030","Bow West","E05009320",51.53308803,-0.039708154,536063.4515,183396.5342,"Dance_rehearsal_studios"
"Churchill Theatre: Magpie Dance","118 High Street","","","Bromley","http://www.magpiedance.org.uk","1.00E+11","E09000006","Bromley Town","E05013991",51.403765,0.014474247,540217.0182,169118.0067,"Dance_rehearsal_studios"
"City Dance Academy","Gainsborough Studios","Suite A, North","1 Poole Street","Hackney","https://citydanceacademy.co.uk/page23-htm/","10008289341","E09000012","Hoxton East & Shoreditch","E05009377",51.536122,-0.088839378,532647.1786,183643.6904,"Dance_rehearsal_studios"
"Claremont Project Upper Hall","24-27 White Lion Street","","","Islington","https://www.claremont-project.org","5300097468","E09000019","Barnsbury","E05013698",51.53250488,-0.108501535,531294.0128,183205.9999,"Dance_rehearsal_studios"
"Clarence Mews : Studio Space","40 Clarence Mews","","","Hackney","https://clarencemews.wordpress.com/about/","2.00E+11","E09000012","Homerton","E05009376",51.55118481,-0.054803845,534963.015,185381.0057,"Dance_rehearsal_studios"
"Clean Break","2 Patshull Road","","","Camden","http://www.cleanbreak.org.uk","5001418","E09000007","Kentish Town South","E05013664",51.54692186,-0.140672301,529022.012,184752.0029,"Dance_rehearsal_studios"
"Club Baltimore Gym","35 Harbour Exchange Square","","","Tower Hamlets","https://hirespace.com/Spaces/London/139397/Club-Baltimore/Yoga-Studio/Other","","E09000030","Blackwall & Cubitt Town","E05009318",51.49685588,-0.015913616,537823.0093,179412.0055,"Dance_rehearsal_studios"
"Cockpit Theatre","5 Gateforth Street","","","Westminster","http://www.thecockpit.org.uk","1.00E+11","E09000033","Church Street","E05013794",51.52449748,-0.169480819,527087.0124,182208.0032,"Dance_rehearsal_studios"
"Compass Theatre, Hillingdon","45 Glebe Ave","","","Hillingdon","http://www.hillingdontheatres.uk","1.00E+11","E09000017","Ickenham & South Harefield","E05013573",51.56218624,-0.440386739,508205.0119,185964.002,"Dance_rehearsal_studios"
"Concorde Centre","7 Kingsmead Way","","","Hackney","https://www.younghackney.org/youth-hub/concorde/","1.00E+11","E09000012","King's Park","E05009379",51.55343146,-0.034195035,536385.0095,185669.0023,"Dance_rehearsal_studios"
"Conway Hall","25 Red Lion Square","","","Camden","https://conwayhall.org.uk","5048256","E09000007","Holborn & Covent Garden","E05013662",51.51979404,-0.118311294,530650.0116,181775.0035,"Dance_rehearsal_studios"
"Courtyard Theatre","40 Pitfield Street","","","Hackney","http://www.thecourtyard.org.uk","1.00E+11","E09000012","Hoxton East & Shoreditch","E05009377",51.52787925,-0.083377075,533050.0122,182737.0012,"Dance_rehearsal_studios"
"Dance Attic","368 North End Road","","","Hammersmith and Fulham","https://www.danceattic.com","34069847","E09000013","Walham Green","E05013749",51.48115895,-0.199502938,525123.0114,177337.0026,"Dance_rehearsal_studios"
"Dance Company Studios","76 High Street","","","Bromley","http://www.dancecompanystudios.co.uk","1.00E+11","E09000006","Beckenham Town & Copers Cope","E05013987",51.40833629,-0.025341805,537434.0116,169551.0035,"Dance_rehearsal_studios"
"Dance Research Studio","23 Orsman Road","","","Hackney","http://www.danceresearchstudio.com","10008237591","E09000012","Hoxton East & Shoreditch","E05009377",51.53614877,-0.078761295,533346.0109,183664.9985,"Dance_rehearsal_studios"
"Dance Umbrella - Somerset House"," Somerset House","West Wing","","Westminster","http://www.danceumbrella.co.uk","1.00E+11","E09000033","St James's","E05013806",51.51102034,-0.117952415,530700.0119,180800.0022,"Dance_rehearsal_studios"
"Danceworks","16 Balderton Street","","","Westminster","http://danceworks.net","1.00E+11","E09000033","West End","E05013808",51.51318751,-0.152452465,528300.0116,180980.0024,"Dance_rehearsal_studios"
"David Game College","31 Jewry Street","London","","City of London","https://davidgameevents.com/venues-for-hire-in-central-london/dance-studio-for-hire/","95514552","E09000001","Tower","E05009310",51.512846,-0.076482648,533572.191,181077.8446,"Dance_rehearsal_studios"
"Deptford Lounge","9 Giffin St","","","Lewisham","http://www.thealbany.org.uk/hireus/36/Room-Hire","10023234998","E09000023","Deptford","E05013719",51.47770742,-0.024277123,537300.0094,177267.0024,"Dance_rehearsal_studios"
"Dominion Theatre","268-269 Tottenham Court Rd","","","Camden","https://www.nederlander.co.uk/dominion-theatre","5083050","E09000007","Bloomsbury","E05013653",51.51696266,-0.129641703,529872.0115,181440.0029,"Dance_rehearsal_studios"
"Dragon Hall ","17 Stukeley Street","","","Camden","https://www.dragonhall.org.uk/main-hall/","5128852","E09000007","Holborn & Covent Garden","E05013662",51.5166264,-0.122665013,530357.0115,181415.0031,"Dance_rehearsal_studios"
"Duet Dance ","Royston Hall","85 Royston Rd","","Bromley","https://duetdance.co.uk/","1.00E+11","E09000006","Penge & Cator","E05014002",51.409465,-0.050843277,535657.1836,169629.0549,"Dance_rehearsal_studios"
"East London Dance","The Talent House","3 Sugar House Lane","","Newham","https://www.eastlondondance.org/our-services/#studio_hire","See notes","E09000025","Stratford","E05013924",51.53189,-0.00886,538206.5341,183321.036,"Dance_rehearsal_studios"
"Electric Brixton","Town Hall Parade","","","Lambeth","http://electricbrixton.uk.com","2.00E+11","E09000022","Brixton Acre Lane","E05014095",51.46019347,-0.116833605,530923.0116,175150.002,"Dance_rehearsal_studios"
"Elthorne Park High School","Westlea Road","","","Ealing","http://www.ephs.ealing.sch.uk","12141191","E09000009","Northfield","E05013530",51.50062773,-0.330843093,515954.0113,179286.0038,"Dance_rehearsal_studios"
"Etcetera Theatre","265 Camden High Street","","","Camden","http://www.etceteratheatre.com","5007472","E09000007","Camden Town","E05013655",51.54059409,-0.144275957,528790.0122,184042.0029,"Dance_rehearsal_studios"
"Evelyn Grace Academy","255 Shakespeare Road","","","Lambeth","http://evelyngraceacademy.org/ega-dance-studio","10023851851","E09000022","Brixton Windrush","E05014098",51.46083334,-0.10353452,531845.0119,175245.0019,"Dance_rehearsal_studios"
"Expressive Arts Leyton","Leyton Sixth Form College","Essex Rd","","Waltham Forest","http://www.leyton.ac.uk","2.00E+11","E09000031","Forest","E05013887",51.57606761,-0.002867702,538488.0104,188245.0018,"Dance_rehearsal_studios"
"Fairfield Hall","71 Park Lane","","","Croydon","https://fairfield.co.uk","1.00E+11","E09000008","Fairfield","E05011468",51.37252439,-0.095778074,532639.0121,165439.0017,"Dance_rehearsal_studios"
"Fitztrovia Community Centre","2 Foley Street","","","Westminster","https://www.fitzroviacommunitycentre.org/room-hire","10033619463","E09000033","West End","E05013808",51.520181,-0.13877482,529229.2517,181781.7326,"Dance_rehearsal_studios"
"Flow Dance London","1-3 Brixton Rd","Unit 3","","Lambeth","https://flowdance-london.co.uk","10090196810","E09000022","Myatt's Fields","E05014107",51.4804897,-0.109546045,531371.0113,177420.0019,"Dance_rehearsal_studios"
"Fourth Monkey ","Monkey House","97-101 Seven Sisters Rd","","Islington","http://www.fourthmonkey.co.uk","5300081823","E09000019","Finsbury Park","E05013703",51.56052222,-0.114970978,530765.0117,186310.0015,"Dance_rehearsal_studios"
"Frame Victoria ","4 Bridge Place ","","","Westminster","https://moveyourframe.com/pages/private-hire","10033603232","E09000033","Pimlico North","E05013802",51.49420724,-0.142415676,529050.0139,178887.0024,"Dance_rehearsal_studios"
"Futunity UK","Hillingdon sports and leisure complex ","Oxford Road","Uxbridge ","Hillingdon","http://futunityuk.com/","1.00E+11","E09000017","Uxbridge","E05013580",51.550992,-0.46725746,506368.5615,184679.7246,"Dance_rehearsal_studios"
"Graeae Theatre Company Bradbury Studios","138 Kinglsand Road","","","Hackney","www.graeae.org/","10008323888","E09000012","Haggerston","E05009375",51.53279852,-0.076811706,533491.0127,183295.999,"Dance_rehearsal_studios"
"Gravity Circus Urban Venue","Unit B05 Cromwell Industrial Estate","Staffa Road","","Waltham Forest","https://www.tagvenue.com/rooms/london/5638/gravity-circus-urban-venue/unit-b05","10091184920","E09000031","Lea Bridge","E05013895",51.57096877,-0.042905956,535729.0115,187603.0017,"Dance_rehearsal_studios"
"Greenside Community Centre","24 Lilestone Street","","","Westminster","https://www.westminster.gov.uk/leisure-libraries-and-community/community-halls/greenside-community-centr","10033625021","E09000033","Church Street","E05013794",51.52533462,-0.166303379,527305.0924,182306.613,"Dance_rehearsal_studios"
"Greenwich Dance","Charlton House","Charlton Road","","Greenwich","https://greenwichdance.org.uk/","10010224639","E09000011","Charlton Village & Riverside","E05014075",51.480557,0.037748523,541598.2073,177701.9063,"Dance_rehearsal_studios"
"Hackney Empire","291 Mare Street","","","Hackney","https://hackneyempire.co.uk/hire/spaces/","1.00E+11","E09000012","Hackney Central","E05009372",51.54552162,-0.055477861,534933.0131,184750.0075,"Dance_rehearsal_studios"
"Hackney Showroom","4 Murrain Road","Kings Crescent Estate"," ","Hackney","https://www.hackneyshowroom.com/","10008343497","E09000012","Brownswood","E05009367",51.56253,-0.092479079,532318.2026,186573.7441,"Dance_rehearsal_studios"
"Haileybury Centre","Ben Jonson Road ","","","Tower Hamlets","https://www.tagvenue.com/rooms/london/5518/haileybury-centre/dance-studio","6702177","E09000030","St Dunstan's","E05009329",51.51759962,-0.042498799,535916.0122,181669.0034,"Dance_rehearsal_studios"
"Half Moon Young People's Theatre","43 White Horse Road","","","Tower Hamlets","http://www.halfmoon.org.uk","6044554","E09000030","St Dunstan's","E05009329",51.51325269,-0.041215197,536018.0121,181188.0042,"Dance_rehearsal_studios"
"Harmony Hall","10 TRURO ROAD","","","Waltham Forest","https://www.harmonyhall.org.uk/","10009143437","E09000031","High Street","E05013891",51.584048,-0.026088243,536855.146,189088.7538,"Dance_rehearsal_studios"
"Harris Academy Chobham","40 Cheering Ln","","","Newham","http://www.chobhamacademy.org.uk","10090758476","E09000025","Stratford Olympic Park","E05013925",51.54925262,-0.007030376,538280.8263,185255.2332,"Dance_rehearsal_studios"
"Harris Academy Purley","Kendra Hall Road","","","Croydon","http://www.harrispurley.org.uk","1.00E+11","E09000008","Purley Oaks & Riddlesdown","E05011477",51.35324715,-0.10931616,531752.0118,163271.0019,"Dance_rehearsal_studios"
"Harrow Arts Centre","171 Uxbridge Road","","","Harrow","","2.00E+11","E09000015","Hatch End","E05013549",51.60848854,-0.363803161,513398.0118,191229.0015,"Dance_rehearsal_studios"
"Havering College","42 Ardleigh Green Road","","","Havering","https://www.ncclondon.ac.uk/havering-campuses","1.00E+11","E09000016","Squirrels Heath","E05013985",51.58159506,0.221273338,553999.8372,189307.6945,"Dance_rehearsal_studios"
"Her Majesty's Theatre","57 Haymarket","","","Westminster","","1.00E+11","E09000033","St James's","E05013806",51.50812453,-0.13200693,529733.0122,180453.0023,"Dance_rehearsal_studios"
"Higham Hill Hub","Higham Hill Park","Hecham Close","","Waltham Forest","http://highamhillhub.org.uk","10091185782","E09000031","Higham Hill","E05013892",51.59712882,-0.037580749,536020.0136,190522.0044,"Dance_rehearsal_studios"
"Hoxton Hall","130 Hoxton Street","","","Hackney","www.hoxtonhall.co.uk/category/hire/","1.00E+11","E09000012","Hoxton East & Shoreditch","E05009377",51.53177145,-0.0799838,533274.0127,183175.999,"Dance_rehearsal_studios"
"Husky Studios","29a Amelia Street","","","Southwark","www.huskystudios.co.uk","2.00E+11","E09000028","Newington","E05011105",51.48956364,-0.098439231,532116.0116,178449.0029,"Dance_rehearsal_studios"
"Innovation Dance Studios Finchley","2A Lodge Lane","","","Barnet","https://www.innovationdancestudios.co.uk/finchley-dance-studio/location/","10091041343","E09000003","West Finchley","E05013648",51.61634745,-0.177296442,526290.2332,192408.533,"Dance_rehearsal_studios"
"Innovation Dance Studios, Ealing","96 Pitshanger Lane","","","Ealing","www.innovationdancestudios.co.uk/ealing-dance-studio/studio-hire/","12185360","E09000009","Pitshanger","E05013535",51.52622881,-0.313832651,517069.0114,182160.0041,"Dance_rehearsal_studios"
"Intimate Theatre","516 Green Lanes","","","Enfield","http://www.smptheatre.co.uk/faqs/the-intimate-theatre/","207035876","E09000010","Winchmore Hill","E05013696",51.62419102,-0.10284236,531422.0149,193412.0014,"Dance_rehearsal_studios"
"Isaac Newton Academy","1 Cricklefield Place","","","Redbridge","http://www.isaacnewtonacademy.org","10090503930","E09000026","Ilford Town","E05011246",51.56180574,0.091602726,545079.2121,186842.1919,"Dance_rehearsal_studios"
"Islington Arts Factory","2 Parkhurst Road","Islington","","Islington","www.islingtonartsfactory.org","5300071066","E09000019","Holloway","E05013706",51.553804,-0.12296338,530230.1997,185548.6574,"Dance_rehearsal_studios"
"Jacksons Lane","269A Archway Road","","","Haringey","www.jacksonslane.org.uk/space-hire","1.00E+11","E09000014","Highgate","E05013592",51.57668107,-0.145404162,528610.0108,188053.0012,"Dance_rehearsal_studios"
"Jerwood Space","171 Union Street","","","Southwark","www.jerwoodspace.co.uk/rehearsals/","2.00E+11","E09000028","Borough & Bankside","E05011095",51.50362093,-0.099093114,532030.0111,180011.0024,"Dance_rehearsal_studios"
"JW3 (Jewish Community Centre London)","341-351 Finchley Road","","","Camden","https://www.jw3.org.uk","5164899","E09000007","West Hampstead","E05013671",51.55083,-0.18448,525973.8383,185110.3209,"Dance_rehearsal_studios"
"Kelechnekoff Studio","Sojourner Truth Centre","161 Sumner Road","","Southwark","www.kelechnekoff.com","2.00E+11","E09000028","Peckham","E05011110",51.47796737,-0.07337388,533890.0118,177205.0019,"Dance_rehearsal_studios"
"Kellys Dance Studio","12 Park Road","","","Richmond upon Thames","https://www.kellysdance.co.uk/","1.00E+11","E09000027","Hampton Wick & South Teddington","E05013780",51.41315475,-0.312403174,517458.0132,169588.0024,"Dance_rehearsal_studios"
"Kenneth More Theatre","Kenneth More Road","","","Redbridge","www.kmtheatre.co.uk/hire-us/","1.00E+11","E09000026","Ilford Town","E05011246",51.55867744,0.075240584,543955.0115,186462.0013,"Dance_rehearsal_studios"
"Kentish Town Community Centre","17 Busby Place","","","Camden","https://www.ktcc.org.uk/room-hire","5026106","E09000007","Kentish Town South","E05013664",51.5485436,-0.132370401,529593.012,184947.0019,"Dance_rehearsal_studios"
"Kindred Yoga","Norfolk House","Brookmill Road","Deptford","Lewisham","https://www.kindredyogalife.com/studio-hire","1.00E+11","E09000023","Brockley","E05013716",51.474104,-0.02396932,537332.2052,176866.8838,"Dance_rehearsal_studios"
"King Charles Court, Old Royal Naval College (Trinity ","King William Walk","","","Greenwich","https://www.trinitylaban.ac.uk/whats-on/our-venues/king-charles-court","10010216996","E09000011","Greenwich Park","E05014081",51.48358702,-0.007171472,538470.0087,177953.0062,"Dance_rehearsal_studios"
"Kingston University","53-57 High Street","","","Kingston upon Thames","http://www.kingston.ac.uk","128008662","E09000021","Kingston Town","E05013938",51.40591238,-0.307809909,517796.0202,168789.9943,"Dance_rehearsal_studios"
"Landor Theatre","70 Landor Pub","","","Lambeth","http://www.thelandorpub.com","1.00E+11","E09000022","Clapham East","E05014100",51.46566493,-0.126053013,530267.0108,175742.0021,"Dance_rehearsal_studios"
"Langley Park Centre for the Performing Arts","Hawksbrook Lane","South Eden Park Road","Beckenham","Bromley","http://www.lpsb.org.uk","1.00E+11","E09000006","Kelsey & Eden Park","E05013999",51.38893001,-0.01894751,537937.0119,167405.0033,"Dance_rehearsal_studios"
"Leicester Square Theatre","6 Leicester Place","","","Westminster","http://www.leicestersquaretheatre.com","1.00E+11","E09000033","St James's","E05013806",51.5113401,-0.130073873,529858.0119,180814.0022,"Dance_rehearsal_studios"
"Lift Islington - Platform Theatre","2 Tiltman Place","","","Islington","http://www.platformislington.org.uk","10012794343","E09000019","Finsbury Park","E05013703",51.56142487,-0.115741604,530709.0119,186409.0012,"Dance_rehearsal_studios"
"Lilian Baylis Studio","183 Rosebery Avenue","","","Islington","http://www.sadlerswells.com/venue-hire/lilian-baylis-studio/","5300080050","E09000019","Clerkenwell","E05013702",51.52968382,-0.10587919,531484.0124,182897.0017,"Dance_rehearsal_studios"
"London Bubble","3-5 Elephant Lane","","","Southwark","http://www.londonbubble.org.uk","2.00E+11","E09000028","Rotherhithe","E05011112",51.50057,-0.05536,535074.0785,179751.4943,"Dance_rehearsal_studios"
"London Dance Academy","51 Central Street","","","Islington","http://londondanceacademy.co.uk","5300017733","E09000019","Bunhill","E05013699",51.52555915,-0.096622223,532138.0131,182454.9983,"Dance_rehearsal_studios"
"London Metropolitan University Graduate Centre","182-198 Holloway Rd","","","Islington","http://www.londonmet.ac.uk/contact-us/how-to-find-us/tower-building/graduate-centre/","5300047823","E09000019","Arsenal","E05013697",51.55147327,-0.110354203,531111.0116,185311.9951,"Dance_rehearsal_studios"
"London Performance Studios","Unit 30, Penarth Centre","Penarth St","","Southwark","https://www.londonperformancestudios.com/","10009803448","E09000028","Old Kent Road","E05011109",51.48354,-0.05515,535138.9986,177858.1499,"Dance_rehearsal_studios"
"London School of Capoeira","Leeds Place","Unit 1-2","","Islington","http://londonschoolofcapoeira.com","5300055778","E09000019","Tollington","E05013712",51.56707204,-0.114613672,530771.0128,187039.0019,"Dance_rehearsal_studios"
"London Welsh Centre","157-163 Gray's Inn Road","","","Camden","http://www.londonwelsh.org","5083639","E09000007","King's Cross","E05013666",51.52493328,-0.116902823,530733.0119,182349.003,"Dance_rehearsal_studios"
"Lyric Theatre","29 Shaftesbury Avenue","","","Westminster","https://www.nimaxtheatres.com/lyric-theatre/","1.00E+11","E09000033","West End","E05013808",51.51127346,-0.133794809,529600.0122,180800.002,"Dance_rehearsal_studios"
"Menier Theatre","51-53 Southwark Street","","","Southwark","https://www.menierchocolatefactory.com/Online/default.asp","2.00E+11","E09000028","Borough & Bankside","E05011095",51.50466098,-0.094467554,532348.0113,180135.0022,"Dance_rehearsal_studios"
"Millenium Performing Arts","29 Thomas Street","","","Greenwich","http://www.mpacollege.co.uk","10010230583","E09000011","Woolwich Arsenal","E05014092",51.49073887,0.065694614,543506.6132,178888.5231,"Dance_rehearsal_studios"
"Mountview Theatre School","120 Peckham Hill Street","","","Southwark","https://www.mountview.org.uk","10094742520","E09000028","Peckham","E05011110",51.4748743,-0.069877256,534141.8816,176867.4522,"Dance_rehearsal_studios"
"National Ballet","Mulryan Centre for Dance","41 Hopewell Square, Leamouth Peninsul","","Tower Hamlets","www.ballet.org.uk","6721048","E09000030","Blackwall & Cubitt Town","E05009318",51.512769,0.006426868,539325.109,181223.7836,"Dance_rehearsal_studios"
"National Circus","9 Coronet St","","","Hackney","http://www.nationalcircus.org.uk","1.00E+11","E09000012","Hoxton East & Shoreditch","E05009377",51.52755809,-0.082550204,533108.3021,182702.7918,"Dance_rehearsal_studios"
"NDT Broadgate","Floor 4","2 Finsbury Avenue","","City of London","https://newdiorama.com/ndt-broadgate","1.00E+11","E09000001","Bishopsgate","E05009292",51.519961,-0.08487465,532969.1944,181853.7575,"Dance_rehearsal_studios"
"New London Performing Arts Centre","76 St James Lane","","","Haringey","http://www.nlpac.co.uk","10003973500","E09000014","Muswell Hill","E05013594",51.58814492,-0.139625056,528978.0087,189338.0009,"Dance_rehearsal_studios"
"New Wimbledon Theatre","93 The Broadway","","","Merton","http://newwimbledontheatre.net","48008413","E09000024","Abbey","E05013810",51.41914644,-0.201365109,525162.9821,170437.9929,"Dance_rehearsal_studios"
"Newlands Community Hall","226 Stroud Crescent","","","Wandsworth","http://www.wandsworth.gov.uk/directory_record/148179/newlands_hall_putney_vale_clubroom/category/1125/cl","1.00E+11","E09000032","Roehampton","E05014017",51.43808068,-0.244376348,522122.012,172471.0027,"Dance_rehearsal_studios"
"NW7 Hub","Mill hill Library","Hartley Avenue","","Barnet","https://www.nw7hub.org.uk","10094710274","E09000003","Mill Hill","E05013645",51.615382,-0.24309943,521737.3226,192189.5796,"Dance_rehearsal_studios"
"Off The Rails","Unit 8, Arches 14-16","8 Grant Road","Clapham Junction","Wandsworth","https://www.offtherails.studio","10091499620","E09000032","Falconbrook","E05014012",51.46522837,-0.170730754,527165.0119,175615.0014,"Dance_rehearsal_studios"
"Old Diorama Arts Centre ","210 Drummond St","","","Camden","http://www.diorama-arts.org.uk/studios.html","5169343","E09000007","Regent's Park","E05013668",51.52618894,-0.139239584,529180.0113,182449.0028,"Dance_rehearsal_studios"
"Old Red Lion","418 St John Street","","","Islington","https://www.oldredliontheatre.co.uk/theatre.html","5300085363","E09000019","St Peter's & Canalside","E05013711",51.53148185,-0.105847779,531481.0125,183097.001,"Dance_rehearsal_studios"
"Omeara","5 O'Meara Street","","","Southwark","https://www.omearalondon.com/spaces/the-siding/","10090751127","E09000028","Borough & Bankside","E05011095",51.50434302,-0.094264681,532363.0114,180100.0115,"Dance_rehearsal_studios"
"Omnibus Arts Centre","1 Northside Clapham Common","","","Lambeth","http://omnibus-clapham.org","1.00E+11","E09000022","Clapham Town","E05014102",51.46375804,-0.142413708,529136.0115,175501.0023,"Dance_rehearsal_studios"
"One KX","120 Cromer Street","","","Camden","https://www.ymca.co.uk/about/what-we-do/venue-room-hire","5086947","E09000007","King's Cross","E05013666",51.52750115,-0.124509806,530198.0117,182621.0027,"Dance_rehearsal_studios"
"Oxford House Theatre","87 Derbyshire Street","","","Tower Hamlets","http://www.oxfordhouse.org.uk","6089004","E09000030","St Peter's","E05009331",51.52636805,-0.061484047,534573.0115,182609.0039,"Dance_rehearsal_studios"
"Paddington Arts","32 Woodfield Road","","","Westminster","http://www.paddingtonarts.org.uk","1.00E+11","E09000033","Westbourne","E05013809",51.52306591,-0.200170735,524962.0125,181996.0031,"Dance_rehearsal_studios"
"Patidar House Studios","22 London Road","","","Brent","https://www.patidars.org/","202073653","E09000005","Wembley Hill","E05013515",51.55229548,-0.294982599,518309.0099,185089.0042,"Dance_rehearsal_studios"
"Pineapple Dance Studios","7 Langley Street","","","Westminster","https://www.pineapple.uk.com","10033583532","E09000033","St James's","E05013806",51.51341947,-0.125131723,530195.0116,181054.0028,"Dance_rehearsal_studios"
"Pinner Village Hall","11 Chapel Lane","","","Harrow","https://www.pinnervillagehall.org.uk","2.00E+11","E09000015","Pinner South","E05013556",51.59325663,-0.384014347,512036.0121,189504.0024,"Dance_rehearsal_studios"
"Pirate Studios - Hackney ","13 Rothbury Road","","","Tower Hamlets","https://pirate.com/en/locations/london-hackney/","6722124","E09000030","Bow East","E05009319",51.54218,-0.026689225,536939.0958,184431.8234,"Dance_rehearsal_studios"
"Pirate Studios - Wembley ","278 Abbeydale Road","","","Brent","https://pirate.com/en/locations/london-wembley/","202137355","E09000005","Alperton","E05013496",51.538754,-0.28468273,519058.4006,183599.8174,"Dance_rehearsal_studios"
"Pleasance","41 North Mews","","","Islington","https://www.pleasance.co.uk","10094608227","E09000019","Holloway","E05013706",51.54876851,-0.121673379,530334.012,184990.9996,"Dance_rehearsal_studios"
"Pole People & Dance Studio","4th Floor, Templeton House","33-34 Chiswell St","","Islington","http://polepeople.co.uk","5300102337","E09000019","Bunhill","E05013699",51.52102043,-0.090699665,532562.0123,181960.9989,"Dance_rehearsal_studios"
"Polka Theatre for Children","240 The Broadway","","","Merton","https://polkatheatre.com/home/about-us/contact-us/","48008566","E09000024","Abbey","E05013810",51.41973108,-0.194975806,525605.6236,170513.9226,"Dance_rehearsal_studios"
"Poplar Union","2 Cotall St","","","Tower Hamlets","https://poplarunion.com","6194894","E09000030","Lansbury","E05009325",51.51559973,-0.02298261,537276.0118,181483.0011,"Dance_rehearsal_studios"
"Putney Arts Theatre","Ravenna Rd","","","Wandsworth","http://www.putneyartstheatre.org.uk","1.00E+11","E09000032","West Putney","E05014030",51.46128657,-0.220223039,523738.0123,175092.0029,"Dance_rehearsal_studios"
"Questor's Theatre","12 Mattock Lane","","","Ealing","http://www.questors.org.uk","12084402","E09000009","Walpole","E05013541",51.51170889,-0.309656624,517396.0115,180552.0043,"Dance_rehearsal_studios"
"RADA Studios","16 Chenies St","","","Camden","","5087921","E09000007","Bloomsbury","E05013653",51.52066919,-0.13256009,529659.0111,181847.003,"Dance_rehearsal_studios"
"Raindance Rehearsal Studios","10 Craven Street","","","Westminster","https://www.raindance.org/london/","10033627452","E09000033","St James's","E05013806",51.50763226,-0.125372442,530194.8023,180410.0317,"Dance_rehearsal_studios"
"Rambert","99 Upper Ground","","","Lambeth","http://www.rambert.org.uk","1.00E+11","E09000022","Waterloo & South Bank","E05014118",51.50617404,-0.113523269,531021.2419,180269.0021,"Dance_rehearsal_studios"
"Rambert School Studio Theatre","St. Margaret's Drive,","Clifton Lodge","","Richmond upon Thames","http://www.rambertschool.org.uk","1.00E+11","E09000027","St Margarets & North Twickenham","E05013785",51.46182116,-0.321764604,516683.0108,174985.0037,"Dance_rehearsal_studios"
"Rich Mix","35-47 Bethnal Green Road","","","Tower Hamlets","https://www.richmix.org.uk","6150258","E09000030","Weavers","E05009335",51.52435934,-0.073275203,533761.0116,182364.0029,"Dance_rehearsal_studios"
"Richmond and Hillcroft Adult Community College","Parkshot ","","","Richmond upon Thames","https://www.rhacc.ac.uk/contact-rhacc/contact-us","10070711497","E09000027","South Richmond","E05013786",51.46437949,-0.30267477,518002.492,175300.0521,"Dance_rehearsal_studios"
"Richmond Upon Thames College","Egerton Road","","","Richmond upon Thames","https://www.rutc.ac.uk","1.00E+11","E09000027","St Margarets & North Twickenham","E05013785",51.45148243,-0.341530616,515336.0169,173804.0034,"Dance_rehearsal_studios"
"Rivoli Ballroom","350 Brockley Road","Crofton Park","","Lewisham","https://www.rivoliballroom.com","10090782761","E09000023","Crofton Park","E05013718",51.45526234,-0.037193751,536470.0135,174747.003,"Dance_rehearsal_studios"
"Royal Academy of Dance","188 York Road","","","Wandsworth","https://www.royalacademyofdance.org/about-us/venue-hire/","10095440680","E09000032","St Mary's","E05014018",51.46648,-0.17957425,526547.2994,175738.8821,"Dance_rehearsal_studios"
"Royal Academy of Dramatic Art (RADA)","16-22 Chenies Street","","","Camden","https://www.rada.ac.uk","5136140","E09000007","Bloomsbury","E05013653",51.52088928,-0.13226279,529679.0109,181872.0036,"Dance_rehearsal_studios"
"Rudolf  Steiner House","Eurythmy Room ","Top flloor,  35 Park Road","","Westminster","https://www.rsh.anth.org.uk/eurythmy-room/","2.00E+11","E09000033","Regent's Park","E05013805",51.524896,-0.16058095,527703.2677,182267.7999,"Dance_rehearsal_studios"
"Sadler's Wells Theatre","177 Rosebery Ave","","","Islington","http://www.sadlerswells.com","5300080047","E09000019","Clerkenwell","E05013702",51.52942925,-0.106264614,531458.0124,182868.0012,"Dance_rehearsal_studios"
"Shoreditch Town Hall","380 Old Street","","","Hackney","http://shoreditchtownhall.com/event-space-hire/venue-specification/large-committee-room","1.00E+11","E09000012","Hoxton East & Shoreditch","E05009377",51.52667619,-0.079102613,533350.012,182611.0017,"Dance_rehearsal_studios"
"Shrewsbury House","Shrewsbury House Community Centre",", Bushmoor Crescent","Shooters Hill ","Greenwich","https://shrewsburyhouse.org/index.php","1.00E+11","E09000011","Shooters Hill","E05014089",51.473519,0.072959352,544065.1509,176987.9435,"Dance_rehearsal_studios"
"Silver Building (Projekt)","60 Dock road","London","","Newham","http://thisisprojekt.com/silverbuilding","10008985422","E09000025","Royal Victoria","E05013923",51.504762,0.017112899,540091.1371,180353.824,"Dance_rehearsal_studios"
"Siobhan Davies Studios","85 St. George’s Road","Elephant & Castle","","Southwark","http://www.siobhandavies.com","10009805291","E09000028","St George's","E05011114",51.49606,-0.105329064,531619.013,179159.0031,"Dance_rehearsal_studios"
"Soho Theatre","21 Dean Street","","","Westminster","http://www.sohotheatre.com","1.00E+11","E09000033","West End","E05013808",51.51450305,-0.132740339,529664.0119,181161.002,"Dance_rehearsal_studios"
"South London Dance Studios","130 Herne Hil","","","Lambeth","http://southlondondancestudios.co.uk","1.00E+11","E09000022","Herne Hill & Loughborough Junction","E05014104",51.45353404,-0.101490894,532008.012,174437.0023,"Dance_rehearsal_studios"
"St Barnabas","35 Shacklewell Row","","","Hackney","http://www.saintbarnabasdalston.org.uk","1.00E+11","E09000012","Shacklewell","E05009382",51.55282748,-0.07149557,533801.0123,185533.0023,"Dance_rehearsal_studios"
"Stanley Arts","12 South Norwood Hill","South Norwood","","Croydon","https://stanleyarts.org/venue-hire/","1.00E+11","E09000008","South Norwood","E05011485",51.400257,-0.075329996,533981.2138,168560.0568,"Dance_rehearsal_studios"
"Stockroom ","38 Mayton Street","Islington","","Islington","https://www.stockroom.co.uk/","10090266132","E09000019","Finsbury Park","E05013703",51.559213,-0.11597458,530699.1961,186162.618,"Dance_rehearsal_studios"
"Stone Nest","136 Shaftesbury Avenue","","","Westminster","http://welshchapel.com","10033599479","E09000033","St James's","E05013806",51.51294648,-0.129301863,529907.0117,180994.0021,"Dance_rehearsal_studios"
"Streatham Youth and Community Trust","Wellfield Centre","16 Wellfield Road","London","Lambeth","http://www.syct.org.uk","2.00E+11","E09000022","Streatham Wells","E05014116",51.42965878,-0.127238497,530287.0104,171735.9972,"Dance_rehearsal_studios"
"Studio 3 Arts ","Boundary Road","","","Barking and Dagenham","https://www.studio3arts.org.uk/ ","100053573","E09000002","Gascoigne","E05014061",51.530484,0.080289716,544394.1273,183336.8231,"Dance_rehearsal_studios"
"Studio 45","115A Brunswick Park Roa","","","Barnet","http://www.studio45.london","200219587","E09000003","Brunswick Park","E05013629",51.62293183,-0.147463783,528336.9507,193192.7025,"Dance_rehearsal_studios"
"Studio 68","68 Ewer St","","","Southwark","http://studio68london.net","10090749641","E09000028","Borough & Bankside","E05011095",51.50451752,-0.09864396,532058.5912,180111.5128,"Dance_rehearsal_studios"
"Studio 74 LTD","The Hall","St Augustines Avenue","Bromley","Bromley","http://www.studio74dance.co.uk","1.00E+11","E09000006","Bickley & Sundridge","E05013988",51.39012657,0.043384487,542270.012,167657.0018,"Dance_rehearsal_studios"
"Studio K, Richmond Fitness Club","Richmond Station Left","Kew Road","","Richmond upon Thames","http://www.studiokdance.co.uk","10024346023","E09000027","South Richmond","E05013786",51.46347521,-0.301706458,518072.0821,175201.0526,"Dance_rehearsal_studios"
"Studio Kew ","Arch 8 Kew Bridge","Kew ","","Richmond upon Thames","https://www.studiokew.co.uk/studio-hire","See notes ","E09000027","Kew","E05013782",51.48622,-0.2876,518992.8378,177753.119,"Dance_rehearsal_studios"
"Studio Wayne McGregor","14 East Bay lane","","","Hackney","http://waynemcgregor.com","10008348301","E09000012","Hackney Wick","E05009374",51.54744385,-0.024066959,537105.1115,185022.0728,"Dance_rehearsal_studios"
"Sunshine International Arts","209A Coldharbour Ln","","","Lambeth","https://www.sunshineiarts.co.uk/","No UPRN","E09000022","Herne Hill & Loughborough Junction","E05014104",51.46619534,-0.10204378,531933.1156,175843.9377,"Dance_rehearsal_studios"
"Sutton Dance Academy","Rose Hill Park","","","Sutton","https://www.better.org.uk","5870040509","E09000029","Sutton North","E05013766",51.37797068,-0.19562163,525675.0105,165869.0044,"Dance_rehearsal_studios"
"SW19 Rehearsal studios","62 Weir Road","","","Merton","http://www.sw-19.net","48071997","E09000024","Wimbledon Park","E05013828",51.43756211,-0.190039546,525899.8627,172505.1924,"Dance_rehearsal_studios"
"Sylvia Young Theatre Group","1 Nutford Place","","","Westminster","http://www.syts.co.uk/page/default.asp?title=Home&pid=1","1.00E+11","E09000033","Marylebone","E05013801",51.517151,-0.162612043,527584.0119,181403.0033,"Dance_rehearsal_studios"
"Tara Studio","356 Garratt Lane","","","Wandsworth","https://www.tara-arts.com","121011012","E09000032","Wandle","E05014026",51.44217585,-0.188430425,525999.012,173021.003,"Dance_rehearsal_studios"
"The Annex","7 Fountayne Road","","","Haringey","http://www.theannexspace.com/tohire/","10090478351","E09000014","South Tottenham","E05013599",51.58371267,-0.062495764,534334.0146,188984.0029,"Dance_rehearsal_studios"
"The Arts Educational London Schools Theatre","14 Bath Road","","","Hounslow","https://artsed.co.uk","2.00E+11","E09000018","Chiswick Homefields","E05013610",51.49596064,-0.252411694,521410.0122,178894.0023,"Dance_rehearsal_studios"
"The Artworks Classrooms"," 60a Weston St"," London Bridge","","Southwark","https://www.theartworks.london/classrooms/","10094084157","E09000028","London Bridge & West Bermondsey","E05011104",51.50256,-0.085402557,532983.2191,179917.7865,"Dance_rehearsal_studios"
"The Bridge ","73 ‚Äì 81 Southwark Bridge Road","","","Southwark","info@thebridge-uk.org","10090748590","E09000028","Borough & Bankside","E05011095",51.50452458,-0.095481917,532278.0113,180118.0025,"Dance_rehearsal_studios"
"The Factory","407-409 Hornsey Rd","","","Islington","www.factoryrehearsalstudios.com","5300050786","E09000019","Tollington","E05013712",51.56635036,-0.121756944,530278.0087,186945.9977,"Dance_rehearsal_studios"
"The Gate Theatre","11 Pembridge Road","","","Kensington and Chelsea","https://www.gatetheatre.co.uk/?spektrix_bounce=true","217065685","E09000020","Pembridge","E05009400",51.50952947,-0.197663819,525173.0127,180495.0028,"Dance_rehearsal_studios"
"The Granville","140 Carlton Vale"," South Kilburn","","Brent","https://thegranville.org/venue-hire/","202224307","E09000005","Kilburn","E05013503",51.532724,-0.19739206,525128.2979,183074.7493,"Dance_rehearsal_studios"
"The Hope Theatre","207 Upper Street","","","Islington","http://www.thehopetheatre.com","5300094879","E09000019","Laycock","E05013708",51.54325194,-0.103541677,531607.0115,184410.0004,"Dance_rehearsal_studios"
"The Meeting Rooms","14 Neal's Yard","","","Camden","http://www.meetingrooms.org.uk","5088433","E09000007","Holborn & Covent Garden","E05013662",51.51456285,-0.126338658,530108.0114,181179.0033,"Dance_rehearsal_studios"
"The Michaelis Building","Froebel College, University of Roehampton","Froebel Lane","","Wandsworth","","10033238647","E09000032","Roehampton","E05014017",51.45610039,-0.247269507,521873.0121,174470.0027,"Dance_rehearsal_studios"
"The O2 Centre","255 Finchley Road","","","Camden","https://o2centre.co.uk/your-visit/contact-us","5109050","E09000007","West Hampstead","E05013671",51.54794663,-0.181390376,526196.0101,184795.0024,"Dance_rehearsal_studios"
"The Old Church , Stoke Newington","207B Church Street","","","Hackney","http://theoldchurch.org.uk","1.00E+11","E09000012","Clissold","E05009369",51.56041201,-0.084880748,532851.0123,186352.0026,"Dance_rehearsal_studios"
"The Peel ","Three Corners Centre","Northampton Road","","Islington","http://www.peelinstitute.org.uk","10090264827","E09000019","Clerkenwell","E05013702",51.5253558,-0.106837354,531430.0121,182414.0019,"Dance_rehearsal_studios"
"The Pit, Barbican Centre","1C Silk St","","","City of London","http://www.barbican.org.uk/theatre","95512046","E09000001","Cripplegate","E05009302",51.51996227,-0.094104542,532328.8726,181837.1679,"Dance_rehearsal_studios"
"The Place Theatre","17 Dukes Road","","London","Camden","http://www.theplace.org.uk","5156460","E09000007","Bloomsbury","E05013653",51.52750935,-0.128401995,529928.0116,182615.0031,"Dance_rehearsal_studios"
"The Room","33 Holcombe Road","","","Haringey","http://the-room.org.uk/contact/","1.00E+11","E09000014","Tottenham Hale","E05013602",51.59279163,-0.065011594,534133.0139,189989.0008,"Dance_rehearsal_studios"
"The Saw Swee Hock Centre - Weston Studio","1 Portugal Street","","","Westminster","https://sawsweehockcentre.com","10033621876","E09000033","St James's","E05013806",51.51463833,-0.117572622,530716.0117,181203.0028,"Dance_rehearsal_studios"
"The Shala","Third Floor","537, Norwood Road","West Norwood","Lambeth","http://www.theshalalondon.com","1.00E+11","E09000022","West Dulwich","E05014119",51.43454753,-0.102997455,531958.0118,172323.0015,"Dance_rehearsal_studios"
"The Space","269 West Ferry Road","","","Tower Hamlets","http://www.space.org.uk","6060149","E09000030","Island Gardens","E05009324",51.49216667,-0.024198973,537262.0114,178874.9999,"Dance_rehearsal_studios"
"The Tabard Theatre","2 Bath Road","","","Hounslow","http://www.tabardtheatre.co.uk","2.00E+11","E09000018","Chiswick Homefields","E05013610",51.49569249,-0.254641421,521255.9523,178860.4923,"Dance_rehearsal_studios"
"The Tabernacle Trust","THE TABERNACLE 34-35","POWIS SQUARE","","Kensington and Chelsea","https://www.tabernaclew11.com","217070132","E09000020","Colville","E05009392",51.51696816,-0.201881407,524860.0126,181315.0026,"Dance_rehearsal_studios"
"The Tramshed","41 Woolwich New Road","","","Greenwich","https://www.tramshed.org/","1.00E+11","E09000011","Woolwich Arsenal","E05014092",51.489729,0.068609625,543712.1405,178781.9408,"Dance_rehearsal_studios"
"The Umbrella Rooms","241 Shaftesbury Avenue ","","","Camden","https://www.theumbrellarooms.com/rooms","5160269","E09000007","Holborn & Covent Garden","E05013662",51.516785,-0.12653236,530088.2425,181425.7645,"Dance_rehearsal_studios"
"The Warehouse Dance and Fitness Studio","1st Floor","173-177 Stafford Road","Wallington","Sutton","https://www.thewarehousedancestudios.co.uk/studio-hire-parties","5870090992","E09000029","Wallington South","E05013771",51.35934,-0.13878086,529683.2444,163896.0814,"Dance_rehearsal_studios"
"The Young Vic","66 The Cut","","","Lambeth","https://www.youngvic.org","1.00E+11","E09000022","Waterloo & South Bank","E05014118",51.50327691,-0.107291849,531462.0116,179958.0032,"Dance_rehearsal_studios"
"Theatre Deli","2 Finsbury Avenue","","","City of London","https://www.theatredeli.co.uk/","1.00E+11","E09000001","Bishopsgate","E05009292",51.519961,-0.08487465,532969.1944,181853.7575,"Dance_rehearsal_studios"
"Theatre Peckham","221 Havil Street","","","Southwark","https://www.theatrepeckham.co.uk","10093342877","E09000028","St Giles","E05011115",51.47449519,-0.082758591,533248.4511,176801.7832,"Dance_rehearsal_studios"
"Theatre Royal, Stratford East","Gerry Raffles Square","","","Newham","http://www.stratfordeast.com/whats-on/","10009003230","E09000025","Stratford","E05013924",51.54255806,0.001000881,538858.0112,184526.0017,"Dance_rehearsal_studios"
"Theatre Utopia","1 Matthews Yard","","","Croydon","http://www.matthewsyard.com/venue/theatre-utopia/","10090382144","E09000008","Fairfield","E05011468",51.37216106,-0.101094936,532270.012,165389.0016,"Dance_rehearsal_studios"
"Theatro Technis","26 Crowndale Road","","","Camden","http://www.theatrotechnis.com","5061419","E09000007","St Pancras & Somers Town","E05013669",51.53549592,-0.134678304,529470.0118,183492.0031,"Dance_rehearsal_studios"
"Trafalgar Studios (previously the Whitehall)","14 Whitehall","","","Westminster","http://trafalgarentertainment.com","1.00E+11","E09000033","St James's","E05013806",51.50663365,-0.127615185,530042.0124,180295.0018,"Dance_rehearsal_studios"
"Trinity Laban / Laban Theatre","Laban Building","30 Creekside","","Greenwich","https://www.trinitylaban.ac.uk/whats-on/dance-events","1.00E+11","E09000011","Greenwich Creekside","E05014080",51.48005383,-0.020503156,537555.0112,177535.0022,"Dance_rehearsal_studios"
"TripSpace Dance","ARCH 339","ACTON MEWS","","Hackney","http://www.tripspace.co.uk","1.00E+11","E09000012","Haggerston","E05009375",51.53679364,-0.075864571,533545.0092,183742.001,"Dance_rehearsal_studios"
"Twist Class Studios","95A Dartmouth Road","","","Lewisham","http://twiststudios.co.uk","207182000","E09000023","Forest Hill","E05013722",51.43614,-0.05497,535291.4836,172587.6556,"Dance_rehearsal_studios"
"Ugly Duck","49 Tanner Street","","","Southwark","http://uglyduck.org.uk","10093342879","E09000028","London Bridge & West Bermondsey","E05011104",51.50010756,-0.077915791,533509.9717,179658.7014,"Dance_rehearsal_studios"
"Unicorn Theatre","147 Tooley Street","","","Southwark","unicorn theatre","10009804074","E09000028","London Bridge & West Bermondsey","E05011104",51.50384193,-0.080639895,533310.012,180069.0001,"Dance_rehearsal_studios"
"Union Chapel","19 Compton Terrance","","","Islington","http://www.unionchapel.org.uk","5300023057","E09000019","Laycock","E05013708",51.54475878,-0.102743469,531658.0101,184579.0015,"Dance_rehearsal_studios"
"Union Theatre","204 Union Street","","","Southwark","https://www.unicorntheatre.com","2.00E+11","E09000028","Borough & Bankside","E05011095",51.50375651,-0.101911697,531834.0114,180021.003,"Dance_rehearsal_studios"
"Upstairs at the Gatehouse","1 North Road","","","Haringey","http://www.upstairsatthegatehouse.com","1.00E+11","E09000014","Highgate","E05013592",51.5717955,-0.150365124,528280.012,187501.0016,"Dance_rehearsal_studios"
"Urdang 2","259-263 Goswell Road","","","Islington","https://theurdang.london/about-us/our-facilities/","10090263567","E09000019","St Peter's & Canalside","E05013711",51.52995272,-0.103042176,531680.0123,182932.0026,"Dance_rehearsal_studios"
"Urdang Academy","Old Finsbury Town Hall","Roseberry Ave","","Islington","http://www.theurdangacademy.com","5300079780","E09000019","Clerkenwell","E05013702",51.5269418,-0.108155534,531334.0123,182588.0013,"Dance_rehearsal_studios"
"Ursuline School","11 Crescent Rd","","","Merton","http://www.ursulinehigh.merton.sch.uk","48130420","E09000024","Raynes Park","E05013823",51.41508498,-0.223383704,523643.0121,169949.0022,"Dance_rehearsal_studios"
"Uxbridge College","34 College Way","","","Hillingdon","https://www.uxbridge.ac.uk","10003002623","E09000017","Wood End","E05013582",51.5162788,-0.411430057,510323.017,180902.0003,"Dance_rehearsal_studios"
"Vatican Dance and Recording Studio","Railway Arch 190","Bancroft Road","","Tower Hamlets","https://www.thevatican.biz/dance-studio","6036377","E09000030","Bethnal Green","E05009317",51.525871,-0.047894289,535517.1309,182578.8076,"Dance_rehearsal_studios"
"Vaudeville Theatre","404 Strand","","","Westminster","https://www.nimaxtheatres.com/vaudeville-theatre/","10033544051","E09000033","St James's","E05013806",51.51034645,-0.122476552,530388.0119,180717.0027,"Dance_rehearsal_studios"
"Vinters Studios","1b Sunnyhill Road","","","Lambeth","http://www.vintersstudios.co.uk","1.00E+11","E09000022","Streatham Wells","E05014116",51.43094452,-0.128912273,530167.0102,171875.9979,"Dance_rehearsal_studios"
"Wallington High School for Girls","129 Woodcote Rd","","","Sutton","http://www.wallingtongirls.sutton.sch.uk","5870087159","E09000029","Wallington South","E05013771",51.34799637,-0.148836393,529015.0129,162617.0021,"Dance_rehearsal_studios"
"Watermans Arts Centre","40 High Stree","","","Hounslow","https://www.watermans.org.uk","1.00E+11","E09000018","Brentford East","E05013607",51.48576836,-0.298042371,518269.0142,177685.9997,"Dance_rehearsal_studios"
"West Dulwich Health and Wellbeing Centre","1 Park Hall Road","","","Lambeth","https://aspirewellbeing.org","1.00E+11","E09000022","West Dulwich","E05014119",51.4351669,-0.095720482,532462.0117,172405.0017,"Dance_rehearsal_studios"
"West London College","7 Gliddon Road","","","Hammersmith and Fulham","https://www.wlc.ac.uk/contact-us/hammersmith-fulham-college","34141735","E09000013","Avonmore","E05013734",51.49186609,-0.214005169,524087.0127,178503.0034,"Dance_rehearsal_studios"
"West London School of Dance","Village Hall Dance Studio","58 Bulwer Street","","Hammersmith and Fulham","https://www.westlondonschoolofdance.co.uk/studio-hire","34039610","E09000013","Shepherd's Bush Green","E05013748",51.50574272,-0.224139981,523346.0103,180029.0002,"Dance_rehearsal_studios"
"West London School of Dance","25 Bulwer Street","","","Hammersmith and Fulham","https://www.westlondonschoolofdance.co.uk","34039599","E09000013","Shepherd's Bush Green","E05013748",51.50548497,-0.223746535,523374.0105,180001.0004,"Dance_rehearsal_studios"
"West London University","St Mary's Rd","","","Ealing","http://www.uwl.ac.uk","12153715","E09000009","Ealing Common","E05013521",51.50656547,-0.304688388,517754.0126,179988.0032,"Dance_rehearsal_studios"
"Westminster Kingsway College Theatre","211 Gray's Inn Road","","","Camden","http://www.westking.ac.uk/subject/performing-arts/","5155126","E09000007","King's Cross","E05013666",51.52690563,-0.118767654,530598.0119,182565.0029,"Dance_rehearsal_studios"
"Westminster St Peter's Eaton Square Primary School","2 Lower Belgrave Stree","","","Westminster","http://www.stpeaton.org.uk","1.00E+11","E09000033","Knightsbridge & Belgravia","E05013797",51.49612109,-0.146861589,528736.0134,179092.0034,"Dance_rehearsal_studios"
"Wilton's Music Hall","1 Graces Alley","","","Tower Hamlets","http://www.wiltons.org.uk","6006845","E09000030","Whitechapel","E05009336",51.51061305,-0.066937948,534241.012,180847.0031,"Dance_rehearsal_studios"
"Wimbledon Dance Academy","71 Woodside","","","Merton","http://wimbledondanceacademy.co.uk","48105415","E09000024","Hillside","E05013816",51.42302561,-0.209209793,524607.0109,170856.004,"Dance_rehearsal_studios"
"Windmill Studio","106 - 106A Pembroke Road","","","Hillingdon","http://www.thewindmillstudio.com","1.00E+11","E09000017","Ruislip Manor","E05013578",51.57342523,-0.414128084,509998.0133,187253.0087,"Dance_rehearsal_studios"
"Woolwich Works ","The Fireworks Factory","11 No. 1 Street","Royal Arsenal","Greenwich","https://www.woolwich.works/venue-hire","10010229615","E09000011","Woolwich Arsenal","E05014092",51.494442,0.069067917,543729.1373,179306.9222,"Dance_rehearsal_studios"
"YMCA Club","112 Great Russell Street","","","Camden","https://www.ymcaclub.co.uk/facilities/hire","5040794","E09000007","Bloomsbury","E05013653",51.51728914,-0.130377827,529820.0115,181475.0029,"Dance_rehearsal_studios"
"Fashionworks London","7th Floor","45 Moorfields",NA,"City of London","http://www.fashionworkslondon.com/","95506390","E09000001","Coleman Street","E05009299",51.51878063,-0.089006032,532686.0119,181715.0003,"Fashion_and_design"
"Tower Garments London Ltd","Unit J","17 Queensway",NA,"Enfield","http://www.towergarmentslondon.co.uk/","207182707","E09000010","Ponders End","E05013689",51.64717971,-0.049324679,535058.0038,196065.9964,"Fashion_and_design"
"Angelina Studio Ltd","25-27  Passey Place","",NA,"Greenwich","http://www.angelinastudio.co.uk/","10010244019","E09000011","Eltham Town & Avery Hill","E05014079",51.45012476,0.054365767,542846.9208,174350.1121,"Fashion_and_design"
"Blackhorse Atelier","114b Blackhorse Lane","",NA,"Waltham Forest","https://blackhorselane.com","10091183452","E09000031","Higham Hill","E05013892",51.5913952,-0.039401366,535911.0134,189881.0026,"Fashion_and_design"
"Dolana of London Ltd","Unit 3","17¬† Argall Avenue",NA,"Waltham Forest","","1002442285","E09000031","Lea Bridge","E05013895",51.57062316,-0.04159311,535821.0114,187567.0027,"Fashion_and_design"
"Orhan London Tailoring","25a Pitfield Street","",NA,"Hackney","http://www.orhanlondontailoring.com/","10008300535","E09000012","Hoxton West","E05009378",51.52711372,-0.083856163,533019.012,182651.0019,"Fashion_and_design"
"Phil Garment Design","158 Old Kent Road","",NA,"Southwark","","2.00003E+11","E09000028","North Walworth","E05011107",51.49104806,-0.081912157,533259.0121,178644.0026,"Fashion_and_design"
"Fashion Cube Ltd","Unit 6","41 West Road",NA,"Haringey","http://www.fashioncubelondon.co.uk/","10022938315","E09000014","Northumberland Park","E05013596",51.60726319,-0.058648435,534531.0122,191610.0018,"Fashion_and_design"
"The Whitechapel Workhouse","2nd Floor","132 Whitechapel Road ",NA,"Tower Hamlets","http://www.thewhitechapelworkhouse.com/","6011677","E09000030","Whitechapel","E05009336",51.51805272,-0.063293591,534471.982,181680.9938,"Fashion_and_design"
"Forma Leather","Perseverance Works","38 Kingsland Road",NA,"Hackney","http://www.formaleather.co.uk/","10008243998","E09000012","Hoxton East & Shoreditch","E05009377",51.52812065,-0.077801903,533436.0124,182773.9995,"Fashion_and_design"
"Fashion Enter Ltd","Unit 14","167 Hermitage Road",NA,"Haringey","http://www.fashion-enter.com","1.00021E+11","E09000014","Hermitage & Gardens","E05013591",51.57703655,-0.091326582,532356.0124,188189.0021,"Fashion_and_design"
"Richmond Wear","10-12 Ratcliffe Cross Street (2nd floor)","",NA,"Tower Hamlets","http://www.richmondwear.co.uk/","6027696","E09000030","Shadwell","E05009332",51.51268258,-0.043156502,535885.0121,181121.0041,"Fashion_and_design"
"CMT London","Unit 10","100 The Highway",NA,"Tower Hamlets","http://www.cutmaketrimlondon.co.uk/","6010968","E09000030","St Katharine's & Wapping","E05009330",51.50914069,-0.061639357,534613.0118,180693.0038,"Fashion_and_design"
"Fabrications","7 Broadway Market","",NA,"Hackney","https://fabrications1.co.uk","1.00024E+11","E09000012","Haggerston","E05009375",51.53593188,-0.06231762,534487.0077,183671.0086,"Fashion_and_design"
"Crossbow Fashions Ltd","Unit 4 Maryland Industrial Estate","26 Maryland Road",NA,"Newham","http://www.crossbowfashions.co.uk/","46098281","E09000025","Maryland","E05013917",51.5484968,0.0033929,539005.791,185190.942,"Fashion_and_design"
"Rize Designs Ltd","Unit 6B","186 Bridport Road",NA,"Enfield","http://www.rizedesignslondon.com/","207014224","E09000010","Upper Edmonton","E05013694",51.61174999,-0.075529151,533349.0113,192078.0056,"Fashion_and_design"
"Loud Apparel Limited","7 Maun House","1 Dunn Street",NA,"Hackney","http://loud-apparel.com","10008311273","E09000012","Shacklewell","E05009382",51.55121535,-0.073298334,533680.7522,185350.4325,"Fashion_and_design"
"S.A.M Creations ","Knit Shop UK","326 Lee High Road",NA,"Lewisham","http://samcreationsyk.wixsite.com/tailor","10093391177","E09000023","Lee Green","E05013726",51.45855051,0.005513485,539427.0123,175193.0015,"Fashion_and_design"
"London Sewing Services","Unit 3 Neville Place","High Road",NA,"Haringey","http://londonsewingservices.com/","10003975775","E09000014","Woodside","E05013605",51.60133137,-0.112820362,530797.0124,190852.0002,"Fashion_and_design"
"London Pattern Bureau","12a Market Place","",NA,"Southwark","http://www.londonpatternbureau.co.uk","10009791234","E09000028","South Bermondsey","E05011116",51.49266822,-0.063404613,534539.0122,178858.0019,"Fashion_and_design"
"Ince Umbrellas","63 Vyner Street","",NA,"Tower Hamlets","http://www.jamesince.co.uk/","6041714","E09000030","St Peter's","E05009331",51.53498966,-0.054297217,535046.0092,183581.0098,"Fashion_and_design"
"Threads London Limited","130 Manor Way","",NA,"Hillingdon","http://www.threads-london.com/","1.00023E+11","E09000017","Ruislip","E05013577",51.57447039,-0.414279307,509985.0131,187369.008,"Fashion_and_design"
"Classic Cuts","Unit 2B","17 Plumbers Row",NA,"Tower Hamlets","http://theretailplace.co.uk/shopping/23910/classic-cuts","6356102","E09000030","Whitechapel","E05009336",51.51629256,-0.066135818,534279.972,181480.0431,"Fashion_and_design"
"Unlimited Fashion ","Unit A4 Bounds Green Industrial Estate"," Ring Way",NA,"Haringey","http://www.unlimitedfashion.co.uk/","No UPRN","E09000014","Bounds Green","E05013586",51.61020511,-0.136340625,529143.017,191797.0016,"Fashion_and_design"
"Rosamanda","Unit D3","15 Tariff Road",NA,"Haringey","https://www.rosamandapleaters.com","10003979472","E09000014","Northumberland Park","E05013596",51.60746347,-0.061513861,534332.0122,191627.0016,"Fashion_and_design"
"Blue I Studio","Thames Innovation Centre","2 Veridon Way",NA,"Bexley","https://www.blue-i-studio.co.uk/contact-us/","10011862856","E09000004","Thamesmead East","E05011232",51.49586325,0.14220427,548801.0101,179611.0048,"Fashion_and_design"
"CreateLab by Nosakhari","230 Morning Lane","",NA,"Hackney","http://createlab.nosakhari.com/","1.00021E+11","E09000012","Homerton","E05009376",51.54547888,-0.046407784,535562.01,184762.0022,"Fashion_and_design"
"Sharp Cut","196H Campden Hill Road","",NA,"Kensington and Chelsea","http://www.sharp-cut.com/","217011263","E09000020","Campden","E05009390",51.50841729,-0.199609937,525041.0126,180368.0026,"Fashion_and_design"
"The Albion Knitting Company","Unit 12 Crusader Industrial Estate","Hermitage Road",NA,"Haringey","http://www.albionknit.london/","1.00024E+11","E09000014","Hermitage & Gardens","E05013591",51.57733639,-0.09151608,532342.0124,188222.0024,"Fashion_and_design"
"Plus Samples Ltd","Unit B1 Summer Court","1 Maybury Gardens",NA,"Brent","http://www.plussamples.co.uk/","202207163","E09000005","Roundwood","E05013509",51.54699302,-0.233754222,522568.012,184600.0019,"Fashion_and_design"
"Tripl Stitched","Unit J","17 Queensway",NA,"Enfield","https://triplstitched.com","207182707","E09000010","Ponders End","E05013689",51.64717971,-0.049324679,535058.0038,196065.9964,"Fashion_and_design"
"Creative Fashion Services","Unit 12 Excelsior Works "," Rollins Street",NA,"Lewisham","http://www.cfscreativefashionservices.com/","1.00023E+11","E09000023","New Cross Gate","E05013728",51.4841063,-0.050343832,535471.0123,177930.0023,"Fashion_and_design"
"ApparelTasker","Studio 12","5 Empson Street",NA,"Tower Hamlets","http://appareltasker.com/","6196449","E09000030","Bromley South","E05009322",51.52215167,-0.01142769,538057.8878,182233.2821,"Fashion_and_design"
"Tanya Dimitrova Ltd","Units 9 & 10 Lancefield Studios","1A Beethoven Street",NA,"Westminster","http://www.tanyadimitrova.com/","10033524203","E09000033","Queen's Park","E05013804",51.53083071,-0.207491292,524433.0123,182847.0023,"Fashion_and_design"
"Guava London Ltd","Unit 58 Eurolink Business Centre","49 Effra Road",NA,"Lambeth","http://www.guavalondon.com/","1.00024E+11","E09000022","Brixton Rush Common","E05014097",51.45844156,-0.114141888,531115.0117,174960.0029,"Fashion_and_design"
"Eden Studio ","Unit 19 Windsor Park","50 Windsor Avenue",NA,"Merton","http://www.edenstudiolondon.com/","10094251753","E09000024","Abbey","E05013810",51.411675,-0.185120636,526313.0125,169635.004,"Fashion_and_design"
"Studio MasaChuka","9 Essex House","375 High Street ",NA,"Newham","http://www.masachuka.com/","46252102","E09000025","Stratford","E05013924",51.53885852,-0.000372685,538774.0118,184112.0018,"Fashion_and_design"
"New Planet Fashions Ltd","Paradise Arches","278-281 Lansdowne Road",NA,"Waltham Forest","http://www.newplanetfashions.com/","1.00024E+11","E09000031","Cann Hall","E05013882",51.56099996,0.012154549,539575.0117,186598.003,"Fashion_and_design"
"Sienna Couture ","Avro House","208 Havelock Terrace",NA,"Wandsworth","http://www.siennacouture.co.uk/","121035280","E09000032","Shaftesbury & Queenstown","E05014019",51.47747742,-0.143901732,528994.0119,177024.0026,"Fashion_and_design"
"Grade House","Sage Brent","45-47 Alperton Lane",NA,"Brent","https://www.gradehouseltd.com/about","202135826","E09000005","Alperton","E05013496",51.53536557,-0.298902991,518081.0122,183200.0019,"Fashion_and_design"
"Nylander Couture","Unit 2 The Ivories","6-18 Northampton Street",NA,"Islington","http://nylandercouture.com/","5300067838","E09000019","Canonbury","E05013701",51.54180622,-0.095352756,532179.0115,184263.9997,"Fashion_and_design"
"Clockwork Studios","38 Southwell Road","",NA,"Lambeth","http://www.clockworkstudios.co.uk/","10093379709","E09000022","Herne Hill & Loughborough Junction","E05014104",51.46662,-0.09846,532180.8098,175897.6194,"Fashion_and_design"
"Cockpit Bloomsbury","Cockpit Yard, Northington Street","",NA,"Camden","https://cockpitstudios.org","5129260","E09000007","Holborn & Covent Garden","E05013662",51.521494,-0.11620561,530791.2257,181967.7979,"Fashion_and_design"
"Cockpit Deptford","Cockpit Arts, 18-22 Creekside","",NA,"Lewisham","https://cockpitstudios.org","1.00023E+11","E09000023","Deptford","E05013719",51.478626,-0.020677597,537547.1945,177375.9015,"Fashion_and_design"
"Florentia Clothing Village","108 Vale Rd, Harringay Warehouse District, London ","",NA,"Haringey","https://clothingvillage.com/","1.00023E+11","E09000014","Hermitage & Gardens","E05013591",51.576636,-0.088453632,532556.2413,188149.6654,"Fashion_and_design"
"Park Royal Works","Park Royal Business Centre, 9-17 Park Royal Rd, Lo","",NA,"Ealing","https://parkroyalworks.com","See notes","E09000009","North Acton","E05013527",51.52559,-0.26586,520398.4298,182166.6888,"Fashion_and_design"
"The Truman Brewery","91 Brick Ln, London E1 6QR","",NA,"Tower Hamlets","https://www.trumanbrewery.com","See notes","E09000030","Spitalfields & Banglatown","E05009333",51.52084,-0.07209,533853.5427,181974.8152,"Fashion_and_design"
"Silver Building","60 Dock Rd, London E16 1YZ","",NA,"Newham","http://thesilverbuilding.com","10008985422","E09000025","Royal Victoria","E05013923",51.504762,0.017112899,540091.1371,180353.824,"Fashion_and_design"
"Stratford Workshops","Burford Rd, London E15 2SP","",NA,"Newham","https://www.newham.gov.uk/coronavirus-covid-19/support-businesses/7","10009017863","E09000025","Stratford","E05013924",51.537326,-0.000294467,538784.0945,183941.7319,"Fashion_and_design"
"Sample House","Sage Brent, Alperton Ln, London HA0 1DX","",NA,"Brent","https://www.sample-studio.co.uk","202135826","E09000005","Alperton","E05013496",51.535364,-0.29892612,518079.4122,183199.79,"Fashion_and_design"
"MAES London","2nd Floor, The Archives, Unit 10 High Cross Centre","",NA,"Haringey","http://www.maeslondon.com/","No UPRN","E09000014","South Tottenham","E05013599",51.58561,-0.06073,534450.7493,189198.24,"Fashion_and_design"
"Apollo Star","Studio 70, Millmead Business Centre, London N17 9Q","",NA,"Haringey","http://apollostar.co.uk","1.00023E+11","E09000014","Tottenham Hale","E05013602",51.591898,-0.056210287,534745.2731,189905.8187,"Fashion_and_design"
"Cock & Bull Menswear","Fashion Antidote, Unit F, 23 Heneage Street","",NA,"Tower Hamlets","https://www.cockandbullmenswear.co.uk","6187566","E09000030","Spitalfields & Banglatown","E05009333",51.519302,-0.070430589,533973.173,181806.8249,"Fashion_and_design"
"Fabrika","Studio 12, 5 Empson street E3 3LT","",NA,"Tower Hamlets","http://fabrika.london/","6196449","E09000030","Bromley South","E05009322",51.522148,-0.011468108,538055.0951,182232.7978,"Fashion_and_design"
"Tura London","Unit C9, Leyton Industrial Village, Argall Avenue ","",NA,"Waltham Forest","http://www.turalondon.com/","See notes","E09000031","Lea Bridge","E05013895",51.57054,-0.04372,535673.8779,187553.8136,"Fashion_and_design"
"Cross Spot Studio","Unit 3, Containerville, 1 Emma St, London E2 9FP","",NA,"Tower Hamlets","http://www.crossspotstudio.london/","6727360","E09000030","St Peter's","E05009331",51.532524,-0.059706637,534678.1353,183296.8413,"Fashion_and_design"
"De La Creme Ltd","Unit 7M - 7N, Nobel Road","",NA,"Enfield","https://delacremefashions.com","207179745","E09000010","Edmonton Green","E05013679",51.615189,-0.047025291,535312.2723,192512.8303,"Fashion_and_design"
"The Apparel Company","Unit 12, 8 Argall Avenue","",NA,"Waltham Forest","http://www.theapparelcompany.co.uk","10024421337","E09000031","Lea Bridge","E05013895",51.56964,-0.04179,535810.2929,187457.3085,"Fashion_and_design"
"Sophia Sampling & Production","Studio 18, Highcross Centre, Unit 15&16, Fountayne","",NA,"Haringey","https://www.ssamplelondon.com/","No UPRN","E09000014","South Tottenham","E05013599",51.58539,-0.06078,534447.9341,189173.6831,"Fashion_and_design"
"Cartal LTD","Unit 7 Astergrove Works 41 West Road London N17 0R","",NA,"Haringey","https://cartal.co.uk/","1.00023E+11","E09000014","Northumberland Park","E05013596",51.607279,-0.05865837,534530.2776,191611.7416,"Fashion_and_design"
"Daas Trading London Ltd","12B Commercial Road, Edmonton, London, N18 1TP","",NA,"Enfield","N/A","207194449","E09000010","Upper Edmonton","E05013694",51.609905,-0.072815843,533542.2781,191877.7931,"Fashion_and_design"
"Double Stitches","Double Stitches Unit 6A, Josh & Nicol House Bounds","",NA,"Haringey","https://www.doublestitches.co.uk/","No UPRN","E09000014","Bounds Green","E05013586",51.60994,-0.13591,529173.5848,191768.2804,"Fashion_and_design"
"ED Studio","Unit B, 26 Maryland Road,
Maryland Industrial Esta","",NA,"Newham","https://edstudio.biz/","No UPRN","E09000025","Maryland","E05013917",51.54822,0.00344,539009.8996,185160.2509,"Fashion_and_design"
"Eurotrim Design Limited T\A Julie Anna","1st Floor, 1 Fountayne Road, London, N15 4QL","",NA,"Haringey","https://julieanna.co.uk/","1.00023E+11","E09000014","South Tottenham","E05013599",51.584546,-0.06245674,534334.2637,189076.7444,"Fashion_and_design"
"Guney Dedsign","Unit 10, 14 Bull Lane, Shaftesbury Industrial Esta","",NA,"Enfield","N/A","207171612","E09000010","Upper Edmonton","E05013694",51.609861,-0.075648464,533346.2802,191867.7269,"Fashion_and_design"
"London Tradition","London Tradition Ltd 96B Wallis Road London E9 5LN","",NA,"Hackney","http://www.londontradition.com/","10008332472","E09000012","Hackney Wick","E05009374",51.544018,-0.022629235,537215.0923,184643.8053,"Fashion_and_design"
"Thames-Side Studios","Thames-Side Studios, TW-127, Harrington Way, Warsp","",NA,"Greenwich","https://www.thames-sidestudios.co.uk/","No UPRN","E09000011","Woolwich Dockyard","E05014094",51.49451,0.04495,542054.8539,179267.4284,"Fashion_and_design"
"The Sampling Unit Ltd","Unit 4, Tavistock Rd, Harringay Warehouse District","",NA,"Haringey","https://thesamplingunit.com/","1.00024E+11","E09000014","Hermitage & Gardens","E05013591",51.576519,-0.087881265,532596.2406,188137.6926,"Fashion_and_design"
"Intimate Apparel Samples","224-226 Oxgate House, Oxgate Lane, Brent Cross, Lo","",NA,"Brent","https://intimateapparelsamples.com","202231913","E09000005","Dollis Hill","E05013500",51.568037,-0.23169358,522654.2791,186943.5896,"Fashion_and_design"
"Pop Hub Leicester Square","41 Whitcomb St., London WC2H 7DT","",NA,"Westminster","https://www.interimspaces.co.uk/pophub","10033572140","E09000033","St James's","E05013806",51.509447,-0.13099816,529799.2563,180601.8493,"Fashion_and_design"
"IceHouse Court Studios","Ground Floor, Icehouse Court, Abbey Road, Barking,","",NA,"Barking and Dagenham","https://bowarts.org/studios/icehouse-court-studios","10090632554","E09000002","Gascoigne","E05014061",51.531913,0.076303286,544113.1282,183487.8753,"Fashion_and_design"
"Fashion clothing Factory","Fashion clothing Factory Unit 6, Fountayne House, ","",NA,"Haringey","https://fashionclothingfactory.co.uk","10003973837","E09000014","South Tottenham","E05013599",51.584693,-0.063186664,534283.2644,189091.7505,"Fashion_and_design"
"Craft Central","397-411 Westferry Road London E14 3AE","",NA,"Tower Hamlets","www.craftcentral.org.uk","6653025","E09000030","Island Gardens","E05009324",51.48879,-0.01918591,537620.1695,178508.9308,"Fashion_and_design"
"Poplar Works","Poplar Works, 384 Abbott Road, London, E14 0UX","",NA,"Tower Hamlets","https://poplarworks.co.uk","6723760","E09000030","Lansbury","E05009325",51.51678,-0.008876882,538251.1032,181640.772,"Fashion_and_design"
"Clothing Manufacturers UK","Unit 59, Mill Industrial Centre Mill Mead Road Lon","",NA,"Haringey","https://www.clothingmanufacturersuk.com/","1.00024E+11","E09000014","Tottenham Hale","E05013602",51.592171,-0.056458464,534727.2761,189935.72,"Fashion_and_design"
"Deptford Foundry","Casting House Moulding Lane Deptford SE14 6BN","",NA,"Lewisham","https://www.secondfloor.co.uk/studios/deptford-foundry","10093393480","E09000023","Deptford","E05013719",51.481674,-0.035063142,536539.1966,177687.9142,"Fashion_and_design"
"AForce London","Unit B, Alpha House, Alpha Place, London, Morden S","",NA,"Merton","https://www.aforce.co.uk/","See notes","E09000024","Lower Morden","E05013819",51.3844,-0.22369,523704.3909,166536.2604,"Fashion_and_design"
"Sew it in London","Londoneast - UK Business & Technical park, Dagenha","",NA,"Barking and Dagenham","https://www.sewitinlondon.co.uk","100102787","E09000002","Alibon","E05014054",51.546911,0.17031859,550584.0763,185344.8429,"Fashion_and_design"
"Carréducker London Limited","Unit 1.20 Oxo Tower Wharf bargehouse st se1 9ph","",NA,"Southwark","https://www.carreducker.com","No UPRN","E09000028","Borough & Bankside","E05011095",51.5084531,-0.108308382,531376.58,180531.7741,"Fashion_and_design"
"Tottex","Tottex unit 1a, Kingfisher place, Clarendon Road, ","",NA,"Haringey","https://tottex.co.uk","1.00024E+11","E09000014","Noel Park","E05013595",51.59426,-0.1139039,530742.2534,190063.6922,"Fashion_and_design"
"10 Greville Street","10 Greville Street","",NA,"Camden","","5086871","E09000007","Holborn & Covent Garden","E05013662",51.519333,-0.10767518,531389.222,181742.7592,"Jewellery_design"
"10 St. Cross Street","10 St. Cross Street","",NA,"Camden","","5194308","E09000007","Holborn & Covent Garden","E05013662",51.520577,-0.10786866,531372.2208,181880.7456,"Jewellery_design"
"11 Hatton Garden","11 Hatton Garden","",NA,"Camden","","5088573","E09000007","Holborn & Covent Garden","E05013662",51.518523,-0.10760788,531396.2213,181652.8075,"Jewellery_design"
"1-2 Kirby Street","1-2 Kirby Street","",NA,"Camden","","multiple UPRNs","E09000007","Holborn & Covent Garden","E05013662",51.5196,-0.10716,531424.1948,181773.3739,"Jewellery_design"
"12-13 Greville Street","12-13 Greville Street","",NA,"Camden","","5088195","E09000007","Holborn & Covent Garden","E05013662",51.519295,-0.10751823,531400.2199,181738.8151,"Jewellery_design"
"12-13 Hatton Garden","12-13 Hatton Garden","",NA,"Camden","","5088651","E09000007","Holborn & Covent Garden","E05013662",51.518632,-0.10767543,531391.2213,181664.8072,"Jewellery_design"
"14 St. Cross Street","14 St. Cross Street","",NA,"Camden","","5087823","E09000007","Holborn & Covent Garden","E05013662",51.520889,-0.10771157,531382.2212,181915.7219,"Jewellery_design"
"14-15 Hatton Garden","14-15 Hatton Garden","",NA,"Camden","","5088484","E09000007","Holborn & Covent Garden","E05013662",51.51874,-0.10769977,531389.2219,181676.7732,"Jewellery_design"
"16 Greville Street","16 Greville Street","",NA,"Camden","","5197855","E09000007","Holborn & Covent Garden","E05013662",51.519361,-0.10716954,531424.2207,181746.7799,"Jewellery_design"
"17 Greville Street","17 Greville Street","",NA,"Camden","","5055403","E09000007","Holborn & Covent Garden","E05013662",51.519377,-0.10708237,531430.2222,181748.7155,"Jewellery_design"
"18 Greville Street","18 Greville Street","",NA,"Camden","","5039107","E09000007","Holborn & Covent Garden","E05013662",51.519412,-0.10702326,531434.2222,181752.7135,"Jewellery_design"
"18 Hatton Garden","18 Hatton Garden","",NA,"Camden","","5088355","E09000007","Holborn & Covent Garden","E05013662",51.518875,-0.10769418,531389.2214,181691.7953,"Jewellery_design"
"18 St. Cross Street","18 St. Cross Street","",NA,"Camden","","5088439","E09000007","Holborn & Covent Garden","E05013662",51.520923,-0.10811379,531354.22,181918.7813,"Jewellery_design"
"20-24 Kirby Street","20-24 Kirby Street","",NA,"Camden","","5088632","E09000007","Holborn & Covent Garden","E05013662",51.520667,-0.10733158,531409.2212,181891.7169,"Jewellery_design"
"20-28 Hatton Wall","20-28 Hatton Wall","",NA,"Camden","","5088443","E09000007","Holborn & Covent Garden","E05013662",51.521479,-0.10969078,531243.2207,181977.7822,"Jewellery_design"
"22 Hatton Garden","22 Hatton Garden","",NA,"Camden","","multiple UPRNs","E09000007","Holborn & Covent Garden","E05013662",51.51916,-0.10778,531382.4477,181723.3335,"Jewellery_design"
"24 Hatton Garden","24 Hatton Garden","",NA,"Camden","","5148459","E09000007","Holborn & Covent Garden","E05013662",51.519264,-0.10786542,531376.2224,181734.7452,"Jewellery_design"
"24 St. Cross Street","24 St. Cross Street","",NA,"Camden","","5166230","E09000007","Holborn & Covent Garden","E05013662",51.520694,-0.10898814,531294.2215,181891.7489,"Jewellery_design"
"25 Hatton Garden","25 Hatton Garden","",NA,"Camden","","5018677","E09000007","Holborn & Covent Garden","E05013662",51.519309,-0.10786356,531376.222,181739.7525,"Jewellery_design"
"25A Hatton Garden","25A Hatton Garden","",NA,"Camden","","5088370","E09000007","Holborn & Covent Garden","E05013662",51.519489,-0.10787051,531375.2221,181759.7561,"Jewellery_design"
"26-27 Hatton Garden","26-27 Hatton Garden","",NA,"Camden","","5088684","E09000007","Holborn & Covent Garden","E05013662",51.51958,-0.10791,531372.2207,181769.8046,"Jewellery_design"
"28 Greville Street","28 Greville Street","",NA,"Camden","","5088567","E09000007","Holborn & Covent Garden","E05013662",51.519668,-0.10668115,531457.2196,181781.7947,"Jewellery_design"
"28 Hatton Garden","28 Hatton Garden","",NA,"Camden","","5087278","E09000007","Holborn & Covent Garden","E05013662",51.519652,-0.10795024,531369.2219,181777.7388,"Jewellery_design"
"31 Hatton Garden","31 Hatton Garden","",NA,"Camden","","5088581","E09000007","Holborn & Covent Garden","E05013662",51.519841,-0.10797122,531367.2228,181798.7181,"Jewellery_design"
"31-35 Kirby Street","31-35 Kirby Street","",NA,"Camden","","5197860","E09000007","Holborn & Covent Garden","E05013662",51.520276,-0.10762167,531390.2214,181847.7172,"Jewellery_design"
"31a Hatton Wall","31a Hatton Wall","",NA,"Camden","","5088452","E09000007","Holborn & Covent Garden","E05013662",51.521297,-0.10955417,531253.2208,181957.7885,"Jewellery_design"
"32-33 Greville Street","32-33 Greville Street","",NA,"Camden","","many UPRNs","E09000007","Holborn & Covent Garden","E05013662",51.51929,-0.10868,531319.6353,181736.1758,"Jewellery_design"
"32-33 Hatton Garden","32-33 Hatton Garden","",NA,"Camden","","5088673","E09000007","Holborn & Covent Garden","E05013662",51.519957,-0.10789436,531372.2213,181811.7552,"Jewellery_design"
"34 Greville Street","34 Greville Street","",NA,"Camden","","5048579","E09000007","Holborn & Covent Garden","E05013662",51.519582,-0.1075063,531400.2218,181770.751,"Jewellery_design"
"34-35 Hatton Garden","34-35 Hatton Garden","",NA,"Camden","","5088679","E09000007","Holborn & Covent Garden","E05013662",51.520068,-0.10810596,531357.2223,181823.719,"Jewellery_design"
"35 Greville Street","35 Greville Street","",NA,"Camden","","5088141","E09000007","Holborn & Covent Garden","E05013662",51.519629,-0.10760527,531393.2205,181775.7999,"Jewellery_design"
"36-38 Hatton Garden","36-38 Hatton Garden","",NA,"Camden","","5088683","E09000007","Holborn & Covent Garden","E05013662",51.520239,-0.10809888,531357.2216,181842.747,"Jewellery_design"
"36-43 Kirby Street","36-43 Kirby Street","",NA,"Camden","","many UPRNs","E09000007","Holborn & Covent Garden","E05013662",51.52006,-0.10762,531390.9587,181823.7009,"Jewellery_design"
"39 Greville Street","39 Greville Street","",NA,"Camden","","5088384","E09000007","Holborn & Covent Garden","E05013662",51.519388,-0.10882605,531309.2211,181746.8116,"Jewellery_design"
"40 Greville Street","40 Greville Street","",NA,"Camden","","5088014","E09000007","Holborn & Covent Garden","E05013662",51.51938,-0.10891285,531303.2223,181745.7664,"Jewellery_design"
"45 Hatton Garden","45 Hatton Garden","",NA,"Camden","","5088386","E09000007","Holborn & Covent Garden","E05013662",51.520881,-0.10830292,531341.2201,181913.7718,"Jewellery_design"
"45 Kirby Street","45 Kirby Street","",NA,"Camden","","5008380","E09000007","Holborn & Covent Garden","E05013662",51.519635,-0.10744645,531404.2215,181776.752,"Jewellery_design"
"5 Hatton Garden","5 Hatton Garden","",NA,"Camden","","5088042","E09000007","Holborn & Covent Garden","E05013662",51.518144,-0.1075371,531402.2221,181610.7895,"Jewellery_design"
"5 Hatton Place","5 Hatton Place","",NA,"Camden","","5088043","E09000007","Holborn & Covent Garden","E05013662",51.521322,-0.10779453,531375.2203,181963.723,"Jewellery_design"
"5-13 Hatton Wall","5-13 Hatton Wall","",NA,"Camden","","5109859","E09000007","Holborn & Covent Garden","E05013662",51.521664,-0.10834254,531336.2197,182000.7709,"Jewellery_design"
"55 Hatton Garden","55 Hatton Garden","",NA,"Camden","","5068548","E09000007","Holborn & Covent Garden","E05013662",51.521469,-0.10855241,531322.2213,181978.7105,"Jewellery_design"
"56 Hatton Garden","56 Hatton Garden","",NA,"Camden","","5088060","E09000007","Holborn & Covent Garden","E05013662",51.521574,-0.10834627,531336.2198,181990.7561,"Jewellery_design"
"57a Hatton Garden","57a Hatton Garden","",NA,"Camden","","5088599","E09000007","Holborn & Covent Garden","E05013662",51.521779,-0.10879904,531304.2206,182012.7405,"Jewellery_design"
"58 Hatton Garden","58 Hatton Garden","",NA,"Camden","","5044932","E09000007","Holborn & Covent Garden","E05013662",51.521433,-0.10905845,531287.2194,181973.8001,"Jewellery_design"
"59-61 Hatton Garden","59-61 Hatton Garden","",NA,"Camden","","5088666","E09000007","Holborn & Covent Garden","E05013662",51.521324,-0.1090341,531289.222,181961.7229,"Jewellery_design"
"63-66 Hatton Garden","63-66 Hatton Garden","",NA,"Camden","","many UPRNs","E09000007","Holborn & Covent Garden","E05013662",51.52102,-0.10892,531298.0114,181928.1224,"Jewellery_design"
"7 Hatton Garden","7 Hatton Garden","",NA,"Camden","","5088667","E09000007","Holborn & Covent Garden","E05013662",51.518261,-0.10753226,531402.2213,181623.8087,"Jewellery_design"
"70 Hatton Garden","70 Hatton Garden","",NA,"Camden","","5088094","E09000007","Holborn & Covent Garden","E05013662",51.520736,-0.10878461,531308.2204,181896.7842,"Jewellery_design"
"88-90 Hatton Garden","88-90 Hatton Garden","",NA,"Camden","","5126235","E09000007","Holborn & Covent Garden","E05013662",51.519419,-0.10855087,531328.2229,181750.7522,"Jewellery_design"
"99-108 Hatton Garden","99-108 Hatton Garden","",NA,"Camden","","many UPRNs","E09000007","Holborn & Covent Garden","E05013662",51.51891,-0.10814,531358.1912,181694.8878,"Jewellery_design"
"A Weathered Penny Limited","37 Warren Street","",NA,"Camden","http://www.aweatheredpenny.co.uk","5139770","E09000007","Bloomsbury","E05013653",51.52320036,-0.140715802,529086.0609,182114.0665,"Jewellery_design"
"Albion Buildings","Back Hill, London EC1R 5HT","",NA,"Camden","","5087876","E09000007","Holborn & Covent Garden","E05013662",51.522198,-0.10970423,531240.2214,182057.7113,"Jewellery_design"
"Alex Monroe Limited","37 Snowsfields, London, England, SE1 3SU","",NA,"Southwark","https://www.alexmonroe.com/","2.00E+11","E09000028","London Bridge & West Bermondsey","E05011104",51.502292,-0.084952718,533015.2186,179888.8015,"Jewellery_design"
"Amulette Ltd","Suite D, 8 The Causeway","Teddington",NA,"Richmond upon Thames","http://www.amulette.co.uk/","10070710083","E09000027","Teddington","E05013788",51.42530264,-0.334314129,515903.6296,170904.0365,"Jewellery_design"
"Andrew Chappell Limited","47 Lexington Street, London, England, W1F 9AW","",NA,"Westminster","http://chappelljewellery.com/","1.00E+11","E09000033","West End","E05013808",51.51305,-0.13650017,529407.2588,180992.7723,"Jewellery_design"
"Art Hub Studios CIC - Deptford","5-9 Creekside, London SE8 4SA","",NA,"Lewisham","https://www.arthub.org.uk/","10093391623","E09000023","Deptford","E05013719",51.47689,-0.02132,537507.8085,177181.654,"Jewellery_design"
"Ayyappaa Jewellery Workshop Ltd","128 Loampit Vale","",NA,"Lewisham","","1.00E+11","E09000023","Lewisham Central","E05013727",51.46516984,-0.017000084,537843.1094,175886.5038,"Jewellery_design"
"B.E.S.T. Designs Limited","2nd 34-36 Maddox Street","",NA,"Westminster","https://www.bestdesignsltd.com/","10033537743","E09000033","West End","E05013808",51.51235772,-0.140941173,529101.0738,180907.9537,"Jewellery_design"
"Clerkenwell  Workshops","27-31 Clerkenwell Close, London EC1R 0AT","",NA,"Islington","https://www.workspace.co.uk/workspaces/clerkenwell-workshops","5300020910","E09000019","Clerkenwell","E05013702",51.5241,-0.10659823,531450.2144,182274.7851,"Jewellery_design"
"Cockpit Bloomsbury","Cockpit Yard","",NA,"Camden","https://cockpitstudios.org","5151188","E09000007","Holborn & Covent Garden","E05013662",51.521886,-0.1165642,530765.2269,182010.7483,"Jewellery_design"
"Cockpit Deptford","18 - 22 Creekside","",NA,"Lewisham","https://cockpitstudios.org","1.00E+11","E09000023","Deptford","E05013719",51.478626,-0.020677597,537547.1945,177375.9015,"Jewellery_design"
"Completed Works Limited","69a Lisson Street London NW1 5DA","",NA,"Westminster","https://completedworks.com/","1.00E+11","E09000033","Church Street","E05013794",51.521176,-0.16828401,527179.2838,181840.726,"Jewellery_design"
"Craft Central","397-411 Westferry Road","",NA,"Tower Hamlets","https://www.craftcentral.org.uk","6653025","E09000030","Island Gardens","E05009324",51.48879,-0.01918591,537620.1695,178508.9308,"Jewellery_design"
"Delta House Studios","Riverside Road, London SW17 0BA","",NA,"Wandsworth","https://www.deltahousestudios.co.uk/artists","1.00E+11","E09000032","Wandsworth Common","E05014027",51.43338,-0.18894695,525987.2923,172042.0174,"Jewellery_design"
"Expressway","1 Dock Road","",NA,"Newham","https://expressway.london","10009000443","E09000025","Royal Victoria","E05013923",51.505982,0.015768968,539994.1294,180486.9157,"Jewellery_design"
"Flux Studios","2F Vanguard Court, 36-38 Peckham Road Camberwell L","",NA,"Southwark","https://www.fluxstudios.org/","no UPRN","E09000028","St Giles","E05011115",51.47246,-0.08136,533351.5056,176578.0162,"Jewellery_design"
"Foreman & Beatty (Diamond Mounters) Limited","18 Royal Parade","Chislehurst",NA,"Bromley","","1.00E+11","E09000006","Chislehurst","E05013993",51.41064938,0.077975985,544611.967,170006.791,"Jewellery_design"
"Forma Studios Forest Hill","First Floor, 127 Stanstead Road","",NA,"Lewisham","https://forma.org.uk/projects/stanstead-road","10094268470","E09000023","Crofton Park","E05013718",51.442538,-0.04691716,535832.2141,173314.0027,"Jewellery_design"
"Freeform Jewellery","44 Wentworth St, London E1 7TF","",NA,"Tower Hamlets","https://freeformjewellery.com/","6120305","E09000030","Spitalfields & Banglatown","E05009333",51.516745,-0.074632017,533689.1836,181514.7982,"Jewellery_design"
"Geoffrey Turk Limited","15 Bateman Street","",NA,"Westminster","http://turkjewels.com/","1.00E+11","E09000033","West End","E05013808",51.51345343,-0.130662675,529811.1501,181047.963,"Jewellery_design"
"Georgina Skan Ltd","50a Station Rd, London SW13 0LP","",NA,"Richmond upon Thames","https://www.georginaskan.com/","1.00E+11","E09000027","Mortlake & Barnes Common","E05013783",51.47197,-0.24702,521848.1257,176235.143,"Jewellery_design"
"Goldie Jewellery","4, 8 Arcola St, London E8 2DJ","",NA,"Hackney","https://goldiejewellery.com/","1.00E+11","E09000012","Shacklewell","E05009382",51.551913,-0.074546577,533592.1736,185425.7306,"Jewellery_design"
"Graff Diamonds Limited","28-29 Albemarle Street","",NA,"Westminster","http://www.graffdiamonds.com","1.00E+11","E09000033","West End","E05013808",51.50892189,-0.14092252,529112.0784,180525.9181,"Jewellery_design"
"Grant Macdonald (Silversmiths) Limited","64 Great Suffolk St, London SE1 0BL","",NA,"Southwark","https://grantmacdonald.com/","2.00E+11","E09000028","Borough & Bankside","E05011095",51.50304,-0.10166449,531853.2348,179941.7719,"Jewellery_design"
"Great Western Studios","65 Alfred Road","",NA,"Westminster","https://www.greatwesternstudios.com/","1.00E+11","E09000033","Westbourne","E05013809",51.523732,-0.20153838,524865.316,182067.7413,"Jewellery_design"
"Griffin of London Limited","42 South Molton Street London W1K 5RR","",NA,"Westminster","https://www.griffinoflondon.com/","1.00E+11","E09000033","West End","E05013808",51.51408,-0.14835,528582.151,181086.442,"Jewellery_design"
"Grosvenor Works","Grosvenor Works, Mount Pleasant Hill","",NA,"Hackney","https://www.cellprojects.org/studios/cell-studios-grosvenor-way","1.00E+11","E09000012","Lea Bridge","E05009380",51.564271,-0.052843814,535060.193,186839.8283,"Jewellery_design"
"Hackney Downs Studios","Amhurst Terrace","",NA,"Hackney","https://eatworkart.com/hackney-downs-studios","1.00E+11","E09000012","Shacklewell","E05009382",51.554341,-0.066322695,534155.1789,185710.7881,"Jewellery_design"
"Hirji Lakha & Bros. (U.K.) Limited"," 7-9 Ealing Rd, Wembley HA0 4AA","",NA,"Brent","","202102549","E09000005","Wembley Central","E05013514",51.55153,-0.29871,518052.574,184997.8694,"Jewellery_design"
"Hone","16 Pixley St, London E14 7DF, UK","",NA,"Tower Hamlets","https://hone.london/jewellery/","6722960","E09000030","Mile End","E05009327",51.514779,-0.029358194,536836.1288,181379.8096,"Jewellery_design"
"Huckletree West Mediaworks","191 Wood Ln, London W12 7FP","",NA,"Hammersmith and Fulham","https://www.huckletree.com/hubs/west","34160930","E09000013","College Park & Old Oak","E05013736",51.513369,-0.22788804,523065.3578,180870.7566,"Jewellery_design"
"Jewellery Cave Limited","48b Hendon Lane London N3 1TT United Kingdom","",NA,"Barnet","http://www.jewellerycave.co.uk","200058885","E09000003","Finchley Church End","E05013639",51.59871,-0.19912,524827.696,190409.6552,"Jewellery_design"
"Kingsgate Workshops","110-116 Kingsgate Rd, London NW6 2JG","",NA,"Camden","https://www.kingsgateworkshops.org.uk","5184848","E09000007","Kilburn","E05013665",51.544343,-0.19686082,525133.2787,184367.7178,"Jewellery_design"
"Krystal London Limited","Unit 7","Phoenix Industrial Estate",NA,"Harrow","http://www.krystallondon.com","1.00E+11","E09000015","Greenhill","E05013546",51.58815008,-0.327699962,515949.6313,189023.911,"Jewellery_design"
"Laney Building","Portpool Ln","",NA,"Camden","","5105318","E09000007","Holborn & Covent Garden","E05013662",51.520708,-0.10988124,531232.2234,181891.7054,"Jewellery_design"
"Lombard Road Studios","21c Lombard Rd","",NA,"Merton","https://www.acava.org/building/lombard-road-studios/","48130102","E09000024","Abbey","E05013810",51.409665,-0.18945276,526017.2793,169404.0406,"Jewellery_design"
"London Jewellery Workshop","Unit 18, Sunbury Workshops, Swansfield Street, Lon","",NA,"Tower Hamlets","https://londonjewelleryworkshop.co.uk/","6005198","E09000030","Weavers","E05009335",51.526855,-0.074205557,533689.1673,182639.8233,"Jewellery_design"
"Made By Ore","UNIT 2, CITY STUDIOS, 30A Borwick Ave, London E17 ","",NA,"Waltham Forest","https://www.madebyore.com","1.00E+11","E09000031","William Morris","E05013902",51.588603,-0.028547021,536671.1769,189590.7056,"Jewellery_design"
"Malcolm Betts Limited","5 Campden St, London W8 7EP","",NA,"Kensington and Chelsea","https://www.malcolmbetts.com/","217011358","E09000020","Campden","E05009390",51.50703,-0.19515,525354.3079,180221.3551,"Jewellery_design"
"Maya Magal Jewellery Limited","193 Upper Street","",NA,"Islington","http://www.mayamagal.co.uk","5300094850","E09000019","St Mary's & St James'","E05013710",51.54202864,-0.101713032,531737.3399,184277.2583,"Jewellery_design"
"Mounir's Design Limited","30 Lower Richmond Road","Putney",NA,"Wandsworth","http://www.mounir.co.uk","1.00E+11","E09000032","Thamesfield","E05014022",51.4668012,-0.217107557,523939.5053,175710.4967,"Jewellery_design"
"Oxo Tower Wharf","Barge House St, London SE1 9PH","",NA,"Southwark","https://coinstreet.org/oxo-tower-wharf","2.00E+11","E09000028","Borough & Bankside","E05011095",51.508346,-0.10836102,531373.2352,180519.7701,"Jewellery_design"
"Pall Mall Deposit","124-128 Barlby Road, Kensington and Chelsea London","",NA,"Kensington and Chelsea","https://www.workspace.co.uk/workspaces/pall-mall-deposit","217116767","E09000020","Dalgarno","E05009394",51.523177,-0.21875742,523672.3321,181976.8084,"Jewellery_design"
"Peckham Levels","95A Rye Ln, London SE15 4ST","",NA,"Southwark","https://peckhamlevels.org","2.00E+11","E09000028","Rye Lane","E05011113",51.470741,-0.068232581,534268.2198,176410.8463,"Jewellery_design"
"Perseverance Works","25 Hackney Road London E2 7NX","",NA,"Hackney","http://www.perseveranceworks.co.uk/","no UPRN","E09000012","Hoxton East & Shoreditch","E05009377",51.52777,-0.07675,533509.9996,182736.9259,"Jewellery_design"
"Rathy Jewellers Limited","28 Ealing Road","Wembley",NA,"Brent","https://www.rathyjewellers.com/","202102528","E09000005","Wembley Central","E05013514",51.5505984,-0.29735619,518148.8407,184896.456,"Jewellery_design"
"Regent Studios","8 Andrews Rd, London, England, E8 4QN, United King","",NA,"Hackney","","1.00E+11","E09000012","London Fields","E05009381",51.5355,-0.060243345,534632.1325,183626.798,"Jewellery_design"
"Rowan Davis Jewellery Ltd","1a Duke Street","",NA,"Westminster","http://www.rowandavis.com","1.00E+11","E09000033","West End","E05013808",51.51587561,-0.150700793,528413.9947,181281.9925,"Jewellery_design"
"Sharad's","4 St. Stephens Parade","Green Street",NA,"Newham","","10012838696","E09000025","Green Street East","E05013913",51.53744669,0.0358235,541288.4814,184024.3094,"Jewellery_design"
"Shimell and Madden","Unit 7, culford house, 1-7 Orsman Rd, Whitmore Est","",NA,"Hackney","https://shimellandmadden.com","1.00E+11","E09000012","Hoxton East & Shoreditch","E05009377",51.536113,-0.077808952,533412.1597,183662.7592,"Jewellery_design"
"Soho Works Shoreditch","The Tea Building, 56 Shoreditch High Street, E1 6J","",NA,"Hackney","https://www.sohohouse.com/soho-works/shoreditch","1.00E+11","E09000012","Hoxton East & Shoreditch","E05009377",51.524072,-0.076715943,533523.1766,182325.765,"Jewellery_design"
"Solange Azagury Limited","27 Chilworth Street, London, W2 3HA","",NA,"Westminster","https://solange.co.uk/","1.00E+11","E09000033","Lancaster Gate","E05013798",51.51468,-0.18074,526333.1351,181096.8039,"Jewellery_design"
"Stratford Workshops","Burford Rd, London E15 2SP","",NA,"Newham","","10009017863","E09000025","Stratford","E05013924",51.537326,-0.000294467,538784.0945,183941.7319,"Jewellery_design"
"Tarra Rosenbaum Limited","77 Tower Bridge Rd, London SE1 4TW","",NA,"Southwark","https://tarrarosenbaum.com/","2.00E+11","E09000028","Chaucer","E05011098",51.49609,-0.08294,533172.9748,179202.7978,"Jewellery_design"
"The Forge Space","59 Leather Lane","",NA,"Camden","https://theforgespace.com","5143026","E09000007","Holborn & Covent Garden","E05013662",51.520708,-0.10988124,531232.2234,181891.7054,"Jewellery_design"
"The Goldsmiths' Centre","42 Britton St, London EC1M 5AD","",NA,"Islington","https://www.goldsmiths-centre.org","10090267211","E09000019","Clerkenwell","E05013702",51.520973,-0.10289363,531716.2167,181933.715,"Jewellery_design"
"The Jewellery Display Co Ltd","Unit 25","Riverwalk Business Park",NA,"Enfield","https://www.tjdc.co.uk/","207203504","E09000010","Brimsdown","E05013674",51.65010906,-0.022513492,536904.0449,196441.7421,"Jewellery_design"
"The Jewellery Workshop","10 Broadway Parade, Hornchurch RM12 4RS","",NA,"Havering","","no UPRN","E09000016","Elm Park","E05013969",51.55073,0.19853,552527.2825,185827.9098,"Jewellery_design"
"The Piano Works","117 Farringdon Rd","",NA,"Islington","","5300032953","E09000019","Clerkenwell","E05013702",51.522865,-0.10809096,531350.218,182134.774,"Jewellery_design"
"The Record Hall","16-16A Baldwin's Gardens, London EC1N 7RJ","",NA,"Camden","https://www.workspace.co.uk/workspaces/the-record-hall","5191576","E09000007","Holborn & Covent Garden","E05013662",51.520093,-0.10966166,531249.2239,181823.7105,"Jewellery_design"
"Theresa Treasures Limited","Unit 1c The Show House","Watermill Way",NA,"Merton","https://theresatreasures.co.uk/","48129844","E09000024","Colliers Wood","E05013812",51.41312585,-0.181874995,526534.7105,169801.9311,"Jewellery_design"
"Upminster Jewellery Workshop Ltd","201 St. Marys Ln, Upminster RM14 3BU","",NA,"Havering","","1.00E+11","E09000016","Upminster","E05013986",51.556587,0.25236086,556239.0956,186592.7578,"Jewellery_design"
"Vanleles Diamonds Ltd","76 Brook Street London W1K 5EE","",NA,"Westminster","https://www.vanleles.com/","1.00E+11","E09000033","West End","E05013808",51.512676,-0.14921228,528526.2729,180928.802,"Jewellery_design"
"Vox Studios","1-45 Durham St, London SE11 5JH","",NA,"Lambeth","https://www.workspace.co.uk/workspaces/vox-studios","1.00E+11","E09000022","Oval","E05014108",51.485981,-0.11838976,530741.266,178014.8265,"Jewellery_design"
"W&W JEWELLERY","19 Webbs Road, London SW11 6RU","",NA,"Wandsworth","https://wandwjewellery.com","1.00E+11","E09000032","Northcote","E05014016",51.459059,-0.16389119,527657.2636,174940.843,"Jewellery_design"
"William Cheshire Bespoke Jewellery","14 Broadway Market, London E8 4QJ","",NA,"Hackney","https://www.williamcheshire.com","1.00E+11","E09000012","London Fields","E05009381",51.536031,-0.061864606,534518.1319,183682.8644,"Jewellery_design"
"WorkShop","102 St. Pancras Way, London NW1 9ND","",NA,"Camden","https://w-shop.co/","5020346","E09000007","Kentish Town South","E05013664",51.543539,-0.13844203,529186.2232,184379.7562,"Jewellery_design"
"Admiral Duncan","54 Old Compton Street","","W1D 4UD","Westminster","http://www.admiral-duncan.co.uk","10033630960","E09000033","West End","E05013808",51.51288458,-0.132298646,529699.2536,180981.8084,"Lgbt_venues"
"Arch Clapham","Arch 642, Voltaire Rd, London ","","SW4 6DH","Lambeth","",NA,"E09000022","Clapham Town","E05014102",51.46499,-0.13086,529935.0433,175658.4163,"Lgbt_venues"
"Buker Bar (formerly East Bloc)","217 City Road","Hoxton","EC1V 1JN","Hackney","http://eastbloc.co.uk",NA,"E09000012","Hoxton West","E05009378",51.52835545,-0.091197444,532506.1916,182775.7623,"Lgbt_venues"
"Central Station (King's Cross)","37 Wharfdale Road","","N1 9SD","Islington","","5300097072","E09000019","Caledonian","E05013700",51.53342314,-0.120456823,530462.2181,183286.7446,"Lgbt_venues"
"Circa","62 Frith Street","Soho","W1D 3JN","Westminster","http://www.circasoho.com/biography/",NA,"E09000033","West End","E05013808",51.51432291,-0.132268639,529697.2515,181141.8053,"Lgbt_venues"
"Circa the Club ","Hungerford House","Victoria Embankment
","WC2N 6PA","Westminster","",NA,"E09000033","West End","E05013808",51.51483395,-0.133849342,529586.1267,181195.8359,"Lgbt_venues"
"CMYK","105-109 Broadway ","","SW19 1QG","Merton","","48112845","E09000024","Abbey","E05013810",51.4193181,-0.201184227,525175.0903,170457.39,"Lgbt_venues"
"Comptons of Soho","51-53 Old Compton Street","","W1D 6HN","Westminster","http://www.faucetinn.com/comptons/about/",NA,"E09000033","West End","E05013808",51.51256542,-0.132585525,529680.2544,180945.8095,"Lgbt_venues"
"Dalston Superstore","117 Kingsland High Street","","E8 2PB","Hackney","http://dalstonsuperstore.com/",NA,"E09000012","Dalston","E05009370",51.54946642,-0.075573014,533528.1648,185151.7912,"Lgbt_venues"
"Dome London","2A Dartmouth Park Hill","","NW5 1HL","Islington","",NA,"E09000019","Junction","E05013707",51.56000894,-0.13847,529137.6593,186211.195,"Lgbt_venues"
"Duke of Wellington","77 Wardour Street","","W1D 6QA","Westminster","",NA,"E09000033","West End","E05013808",51.51230637,-0.133259059,529634.2556,180915.8107,"Lgbt_venues"
"Eagle London","349 Kennington Lane","","SE11 5QY","Lambeth","",NA,"E09000022","Vauxhall","E05014117",51.48620351,-0.119345654,530674.2661,178037.8648,"Lgbt_venues"
"Fire (including Lightbox and Protocol)","39 (34-41) Parry Street; South Lambeth Road","Vauxhall; Vauxhall","SW8 1RT","Lambeth","http://firelondon.seetickets.com/promoter/circuit-clubbing/12825",NA,"E09000022","Vauxhall","E05014117",51.48471939,-0.123814056,530368.2705,177864.87,"Lgbt_venues"
"Freedom","60-66 Wardour Street","Soho","W1F 0TA","Westminster","http://freedombarsoho.com/",NA,"E09000033","West End","E05013808",51.51332916,-0.134985562,529511.5593,181026.4921,"Lgbt_venues"
"G-A-Y Bar","30 Old Compton Street","","W1D 4UR","Westminster","",NA,"E09000033","West End","E05013808",51.51352179,-0.131090787,529781.2514,181054.8061,"Lgbt_venues"
"G-A-Y Late","5 Goslett Yard","","WC2H 0EA","Westminster","http://www.g-a-y.co.uk","10033624704","E09000033","West End","E05013808",51.51514631,-0.130894581,529790.2488,181235.8021,"Lgbt_venues"
"Gays the Word","66 Marchmont Street","","WC1N 1AB","Camden","http://www.gaystheword.co.uk","5069460","E09000007","Bloomsbury","E05013653",51.52608614,-0.126710655,530049.3826,182459.7427,"Lgbt_venues"
"Glory, The ","281 Kingsland Road","","E2 8AS","Hackney","http://www.theglory.co",NA,"E09000012","Hoxton East & Shoreditch","E05009377",51.53584125,-0.077128283,533460.1583,183633.7828,"Lgbt_venues"
"Halfway to Heaven","7 Duncannon Street","","WC2N 4JF","Westminster","",NA,"E09000033","St James's","E05013806",51.50847428,-0.126412169,530120.2535,180501.8178,"Lgbt_venues"
"Heaven","11 The Arches","Villiers Street","WC2N 6NG","Westminster","","10033544602","E09000033","St James's","E05013806",51.50808696,-0.124122388,530280.2516,180462.8171,"Lgbt_venues"
"Karaoke Hole ","95 Kingsland High St","","E8 2PB","Hackney","",NA,"E09000012","Dalston","E05009370",51.54937787,-0.075470621,533535.5226,185142.1313,"Lgbt_venues"
"King WIlliam IV","77 Hampstead High Street","","NW3 1RE","Camden","","5162725","E09000007","Hampstead Town","E05013659",51.55547212,-0.176254168,526531.2544,185640.7254,"Lgbt_venues"
"Ku Bar  (including Klub and Lounge)","30 Lisle Street","","WC2H 7BA","Westminster","http://www.ku-bar.co.uk","10033629186","E09000033","St James's","E05013806",51.51177592,-0.129879608,529870.2525,180862.8102,"Lgbt_venues"
"Little Ku","25 Frith Street","Soho","WC1D 5LB","Westminster","http://www.ku-bar.co.uk",NA,"E09000033","West End","E05013808",51.513083,-0.131034,529786.4383,181006.1129,"Lgbt_venues"
"New Bloomsbury Set","76 Marchmont Street","","WC1N 1AG","Camden","http://www.newbloomsburyset.net","5087665","E09000007","Bloomsbury","E05013653",51.52602239,-0.125518919,530132.2301,182454.7703,"Lgbt_venues"
"Queen Adelaide of Cambridge Heath ","483 Hackney Road","Bethnal Green","E2 9ED","Tower Hamlets","https://www.thequeenadelaide.com","6352542","E09000030","St Peter's","E05009331",51.53256251,-0.058782222,534742.1343,183302.827,"Lgbt_venues"
"Retro Bar","2 George Court","","WC2N 6HH","Westminster","http://www.retrobarlondon.co.uk",NA,"E09000033","St James's","E05013806",51.50913079,-0.123603957,530313.2495,180579.8141,"Lgbt_venues"
"Rose and Crown ","1 Crooms Hill","Greenwich","SE10 8ER","Greenwich","","10010200404","E09000011","Greenwich Park","E05014081",51.47871233,-0.007712625,538447.2001,177409.922,"Lgbt_venues"
"Royal Vauxhall Tavern","372 Kennington Lane","Lambeth","SE11 5HY","Lambeth","",NA,"E09000022","Vauxhall","E05014117",51.48652405,-0.11970696,530648.2665,178072.8649,"Lgbt_venues"
"Rupert Street","50 Rupert Street","(Winnett St)","W1D 6DR","Westminster","http://www.rupert-street.com",NA,"E09000033","West End","E05013808",51.51217569,-0.133523812,529616.256,180900.8104,"Lgbt_venues"
"She Soho","23a Old Compton Street","Soho","W1D 5JL","Westminster","http://she-soho.com","10033622688","E09000033","West End","E05013808",51.51320405,-0.130902024,529795.2516,181019.8076,"Lgbt_venues"
"Taco Queer","26 Loampit Hill","","SE13 7SW","Lewisham","",NA,"E09000023","Ladywell","E05013725",51.46627677,-0.01968,537653.635,176004.5558,"Lgbt_venues"
"Ted's Place","305a North End Road","Fulham","W14 9NS","Hammersmith and Fulham","http://www.tedsplaceuk.co.uk","34117591","E09000013","West Kensington","E05013751",51.48589015,-0.202566804,524897.3676,177857.8991,"Lgbt_venues"
"The Apple Tree ","45 Mount Pleasant","","WC1X 0AE","Camden","","5037589","E09000007","Holborn & Covent Garden","E05013662",51.5234881,-0.112032362,531075.0121,182197.0022,"Lgbt_venues"
"The Bridge Bar","8 Voltaire Road","Clapham","SW4 6DH","Lambeth","http://www.bridgewinebar.com/#menu",NA,"E09000022","Clapham Town","E05014102",51.46579362,-0.13361743,529741.2404,175742.8955,"Lgbt_venues"
"The Chateau","29-33 Camberwell Church St",""," SE5 8TR","Southwark","",NA,"E09000028","St Giles","E05011115",51.47401131,-0.090172219,532735.0168,176734.5162,"Lgbt_venues"
"The City of Quebec","12 Old Quebec Street","Marylebone","W1H 7AF","Westminster","","10033584576","E09000033","West End","E05013808",51.51404376,-0.157256541,527964.2793,181066.8153,"Lgbt_venues"
"The Cock Tavern ","340 Kennington Road","","SE11 4LD","Lambeth","",NA,"E09000022","Kennington","E05014105",51.48640229,-0.11163793,531208.8131,178073.7423,"Lgbt_venues"
"The George & Dragon","2 Blackheath Hill","","SE10 8DE","Greenwich","http://www.georgedragon.com/","10010199835","E09000011","Greenwich Park","E05014081",51.47284598,-0.014952004,537962.2081,176743.9374,"Lgbt_venues"
"The King's Arms","23 Poland Street","","W1F 8QL","Westminster","",NA,"E09000033","West End","E05013808",51.51521074,-0.137204693,529352.2557,181231.8048,"Lgbt_venues"
"The Two Brewers","114 Clapam High Street","","SW4 7UJ","Lambeth","www.the2brewers.com    http://london.gaycities.com/bars/2019-the-two-brewers",NA,"E09000022","Clapham Town","E05014102",51.46317837,-0.134847041,529663.2364,175449.9,"Lgbt_venues"
"The Underground Club","37 Wharfdale Road","","N1 9SD","Islington","http://www.unskinnybop.co.uk/about","5300097072","E09000019","Caledonian","E05013700",51.53342314,-0.120456823,530462.2181,183286.7446,"Lgbt_venues"
"The White Swan","556 Commercial Road","","E14 7JD","Tower Hamlets","","6047411","E09000030","Shadwell","E05009332",51.5126047,-0.040203411,536090.1451,181117.8268,"Lgbt_venues"
"The Yard","57 Rupert Street","","W1D 7PL","Westminster","http://yardbar.co.uk/about/","10033587131","E09000033","West End","E05013808",51.51199339,-0.13393479,529588.2567,180879.8113,"Lgbt_venues"
"Union","66 Albert Embankment","","SE1 7TW","Lambeth","http://www.clubunion.co.uk",NA,"E09000022","Vauxhall","E05014117",51.48795551,-0.123738831,530364.2713,178224.8641,"Lgbt_venues"
"Vault 139","139-143 Whitfield Street","","W1T 5EN","Camden","",NA,"E09000007","Bloomsbury","E05013653",51.52381744,-0.138753672,529220.4281,182186.1464,"Lgbt_venues"
"VFD (Vogue Fabrics Dalston)","66 Stoke Newington Road","","N16 7XB","Hackney","http://vfdalston.com",NA,"E09000012","Shacklewell","E05009382",51.55264331,-0.074631157,533584.1741,185506.7878,"Lgbt_venues"
"Village","81 Wardour Street","","W1D 6QD","Westminster","http://www.village-soho.co.uk/venue-details/","10033570802","E09000033","West End","E05013808",51.51241627,-0.133384273,529625.2555,180927.8101,"Lgbt_venues"
"West 5 ","Popes Lane","South Ealing","W5 4NB","Ealing","http://www.west5ealing.co.uk/contact.html","12142998","E09000009","Northfield","E05013530",51.49878875,-0.302982363,517892.4647,179125.9453,"Lgbt_venues"
"Zodiac Bar","119 Hampstead Road","","NW1 3EE","Camden","",NA,"E09000007","Regent's Park","E05013668",51.52823244,-0.13876,529207.4949,182677.0885,"Lgbt_venues"
"Wembley Library","","",NA,"Brent",NA,NA,"E09000005","Wembley Park","E05013516",51.55840914,-0.27988313,519339.8475,185793.3494,"Libraries"
"Kilburn","","",NA,"Brent",NA,"202046410","E09000005","Queens Park","E05013507",51.53460692,-0.203802273,524678.5649,183273.2007,"Libraries"
"Bradmore Green","","",NA,"Croydon",NA,"2e+11","E09000008","Old Coulsdon","E05011474",51.30703271,-0.12240494,530972.108,158108.6541,"Libraries"
"Biggin Hill Memorial Library and Pool","","",NA,"Bromley",NA,"10070007971","E09000006","Biggin Hill","E05013989",51.31170065,0.036318182,542020.3836,158922.5458,"Libraries"
"Coulsdon","","",NA,"Croydon",NA,"1e+11","E09000008","Coulsdon Town","E05011466",51.31947203,-0.13709679,529913.0368,159465.8282,"Libraries"
"Purley","","",NA,"Croydon",NA,"2e+11","E09000008","Purley & Woodcote","E05011476",51.33861472,-0.117094012,531252.2061,161629.9606,"Libraries"
"Sanderstead","","",NA,"Croydon",NA,"2e+11","E09000008","Sanderstead","E05011478",51.34028969,-0.083955297,533555.4595,161875.9689,"Libraries"
"New Addington","","",NA,"Croydon",NA,"1e+11","E09000008","New Addington South","E05011471",51.34039632,-0.014765878,538374.0064,162015.8852,"Libraries"
"Selsdon","","",NA,"Croydon",NA,"10014054952","E09000008","Selsdon Vale & Forestdale","E05011481",51.34193161,-0.060767012,535165.6722,162100.9893,"Libraries"
"Library @ the Phoenix Centre","","",NA,"Sutton",NA,"5870113095","E09000029","South Beddington & Roundshaw","E05013763",51.35268985,-0.131684671,530196.1143,163169.1442,"Libraries"
"Wallington Library","","",NA,"Sutton",NA,"5870076858","E09000029","Wallington South","E05013771",51.35732129,-0.149222392,528961.9692,163653.2348,"Libraries"
"Cheam Library","","",NA,"Sutton",NA,"5870018019","E09000029","Cheam","E05013758",51.35957626,-0.215126355,524367.4118,163790.2777,"Libraries"
"Sutton Central Library","","",NA,"Sutton",NA,"5870113864","E09000029","Sutton Central","E05013765",51.36154844,-0.193586833,525861.5924,164046.3156,"Libraries"
"Hook and Chessington Library","","",NA,"Kingston upon Thames",NA,"10091803267","E09000021","Hook & Chessington North","E05013935",51.36739709,-0.30447708,518126.7495,164512.4416,"Libraries"
"Library @ Westcroft Centre","","",NA,"Sutton",NA,"5870122731","E09000029","Wallington North","E05013770",51.36742881,-0.156544791,528423.9084,164764.3509,"Libraries"
"Croydon central library","","",NA,"Croydon",NA,"1e+11","E09000008","Fairfield","E05011468",51.37138431,-0.097931813,532492.4014,165308.3352,"Libraries"
"Worcester Park Library","","",NA,"Sutton",NA,"5870109125","E09000029","Worcester Park North","E05013772",51.37753233,-0.239807077,522601.2576,165745.5303,"Libraries"
"Shirley","","",NA,"Croydon",NA,"1e+11","E09000008","Shirley South","E05011483",51.37465273,-0.043548174,536267.8069,165771.4392,"Libraries"
"West Wickham Library","","",NA,"Bromley",NA,"1e+11","E09000006","West Wickham","E05014008",51.37533193,-0.012306129,538440.0224,165905.3481,"Libraries"
"Library @ The Life Centre","","",NA,"Sutton",NA,"5870120544","E09000029","Sutton North","E05013766",51.37837931,-0.200253584,525351.5527,165906.5242,"Libraries"
"Tolworth Community Library","","",NA,"Kingston upon Thames",NA,"128002519","E09000021","Alexandra","E05013928",51.3805588,-0.28069395,519747.9629,166014.573,"Libraries"
"Hayes Library","","",NA,"Bromley",NA,"1e+11","E09000006","Hayes & Coney Hall","E05013998",51.37686239,0.019678625,540661.3202,166136.3177,"Libraries"
"Orpington Library","","",NA,"Bromley",NA,"10070009943","E09000006","Orpington","E05014001",51.375607,0.102773528,546448.1007,166159.2581,"Libraries"
"Old Malden Library","","",NA,"Kingston upon Thames",NA,"128004320","E09000021","Old Malden","E05013942",51.38323859,-0.253314099,521646.1724,166357.5922,"Libraries"
"Ashburton","","",NA,"Croydon",NA,"10014052814","E09000008","Addiscombe East","E05011462",51.38255158,-0.061536706,534992.6739,166616.5242,"Libraries"
"The Circle Library","","",NA,"Sutton",NA,"5870120398","E09000029","St Helier East","E05013761",51.38506086,-0.172897523,527236.7644,166696.599,"Libraries"
"Broad Green","","",NA,"Croydon",NA,"10000104509","E09000008","Broad Green","E05011465",51.38485402,-0.115555759,531227.2638,166774.523,"Libraries"
"Surbiton Library","","",NA,"Kingston upon Thames",NA,"128006816","E09000021","Surbiton Hill","E05013944",51.39228094,-0.296326317,518629.8755,167292.6945,"Libraries"
"Southborough Library","","",NA,"Bromley",NA,"1e+11","E09000006","Bromley Common & Holwood","E05013990",51.38938336,0.044998489,542384.6044,167577.4841,"Libraries"
"Petts Wood Library","","",NA,"Bromley",NA,"1e+11","E09000006","Petts Wood & Knoll","E05014003",51.38948409,0.072531624,544299.8675,167642.4634,"Libraries"
"West Barnes Library","","",NA,"Merton",NA,"48085264","E09000024","West Barnes","E05013827",51.39463987,-0.237525903,522714.3057,167651.716,"Libraries"
"New Malden Library","","",NA,"Kingston upon Thames",NA,"128010803","E09000021","New Malden Village","E05013940",51.3987777,-0.259235194,521193.1577,168075.7613,"Libraries"
"Thornton Heath","","",NA,"Croydon",NA,"2e+11","E09000008","Bensham Manor","E05011464",51.3963774,-0.103997406,531998.337,168076.6336,"Libraries"
"South Norwood","","",NA,"Croydon",NA,"2e+11","E09000008","South Norwood","E05011485",51.39677584,-0.077124186,533866.5769,168169.6617,"Libraries"
"Pollards Hill Library","","",NA,"Merton",NA,"48065103","E09000024","Pollards Hill","E05013821",51.3995746,-0.13027904,530161.0005,168385.2342,"Libraries"
"Morden Library","","",NA,"Merton",NA,"48083350","E09000024","St Helier","E05013824",51.40100796,-0.194447903,525693.6152,168432.7952,"Libraries"
"Shortlands Library","","",NA,"Bromley",NA,"1e+11","E09000006","Shortlands & Park Langley","E05014005",51.39924941,-0.005589835,538835.1715,168577.7252,"Libraries"
"Norbury","","",NA,"Croydon",NA,"1e+11","E09000008","Norbury & Pollards Hill","E05011472",51.40507418,-0.119052849,530926.1783,169016.7576,"Libraries"
"Bromley Central Library","","",NA,"Bromley",NA,"1e+11","E09000006","Bromley Town","E05013991",51.40324078,0.016066784,540329.3874,169062.757,"Libraries"
"Kingston Library","","",NA,"Kingston upon Thames",NA,"128019808","E09000021","Kingston Town","E05013938",51.40882739,-0.298688099,518422.915,169128.8386,"Libraries"
"Raynes Park Library","","",NA,"Merton",NA,"48128562","E09000024","Raynes Park","E05013823",51.40858096,-0.226221534,523463.1978,169220.9564,"Libraries"
"Mitcham Library","","",NA,"Merton",NA,"48083196","E09000024","Figge's Marsh","E05013814",51.40810347,-0.160877126,528008.8531,169279.8846,"Libraries"
"St Pauls Cray Library","","",NA,"Bromley",NA,"1e+11","E09000006","St Paul's Cray","E05014007",51.40401746,0.104867667,546503.1308,169322.7341,"Libraries"
"Beckenham Library","","",NA,"Bromley",NA,"10003628986","E09000006","Clock House","E05013994",51.40810746,-0.03534684,536738.8963,169506.8684,"Libraries"
"Hampton","","",NA,"Richmond upon Thames",NA,"1e+11","E09000027","Hampton","E05013778",51.41335784,-0.368733087,513540.3371,169521.8615,"Libraries"
"Hampton Wick","","",NA,"Richmond upon Thames",NA,"10002251905","E09000027","Hampton Wick & South Teddington","E05013780",51.41327031,-0.311754655,517502.814,169601.8922,"Libraries"
"Penge Library","","",NA,"Bromley",NA,"10070007380","E09000006","Penge & Cator","E05014002",51.41339872,-0.049516924,535737.7837,170068.9349,"Libraries"
"Colliers Wood Library","","",NA,"Merton",NA,"48121555","E09000024","Colliers Wood","E05013812",51.41810235,-0.175888599,526937.2148,170365.6536,"Libraries"
"Upper Norwood","","",NA,"Croydon",NA,"10091838065","E09000008","Crystal Palace & Upper Norwood","E05011467",51.4195192,-0.079751385,533617.5346,170693.9771,"Libraries"
"Wimbledon Library","","",NA,"Merton",NA,"48127190","E09000024","Hillside","E05013816",51.42192157,-0.206383148,524806.5328,170738.0387,"Libraries"
"Burnt Ash Library","","",NA,"Bromley",NA,"1e+11","E09000006","Plaistow","E05014004",51.4192948,0.021290019,540643.3959,170857.949,"Libraries"
"Hampton Hill","","",NA,"Richmond upon Thames",NA,"10024344272","E09000027","Fulwell & Hampton Hill","E05013776",51.4259997,-0.354371646,514507.4558,170950.0281,"Libraries"
"Chislehurst Library","","",NA,"Bromley",NA,"1e+11","E09000006","Chislehurst","E05013993",51.41951611,0.066352567,543775.8361,170969.9055,"Libraries"
"Tudor Drive Library","","",NA,"Kingston upon Thames",NA,"128039997","E09000021","Tudor","E05013946",51.42580323,-0.295942865,518569.8976,171021.0724,"Libraries"
"Teddington","","",NA,"Richmond upon Thames",NA,"10002264575","E09000027","Teddington","E05013788",51.42722399,-0.332819999,516002.6432,171120.0657,"Libraries"
"Tooting Library","","",NA,"Wandsworth",NA,"121014131","E09000032","Tooting Broadway","E05014024",51.42603474,-0.164185342,527728.8392,171268.043,"Libraries"
"Sydenham community library service","","",NA,"Lewisham",NA,"1e+11","E09000023","Bellingham","E05013714",51.42640821,-0.039007332,536429.8866,171535.0772,"Libraries"
"Downham Library","","",NA,"Lewisham",NA,"1e+11","E09000023","Downham","E05013720",51.42655123,0.011453184,539937.3062,171646.0254,"Libraries"
"Sidcup Library","","",NA,"Bexley",NA,"1e+11","E09000004","Sidcup","E05011230",51.42531937,0.106637863,546558.1523,171694.9975,"Libraries"
"Kingswood Library","","",NA,"Southwark",NA,"2e+11","E09000028","Dulwich Wood","E05011101",51.42992202,-0.080120892,533561.5367,171850.0868,"Libraries"
"Streatham","","",NA,"Lambeth",NA,"1e+11","E09000022","Streatham Wells","E05014116",51.43105845,-0.127568076,530260.1238,171891.0558,"Libraries"
"Coldharbour Library","","",NA,"Greenwich",NA,"10010224659","E09000011","Mottingham, Coldharbour & New Eltham","E05014086",51.42980097,0.058915383,543226.5737,172099.0195,"Libraries"
"Ham","","",NA,"Richmond upon Thames",NA,"1e+11","E09000027","Ham, Petersham & Richmond Riverside","E05013777",51.43737166,-0.311671896,517446.7741,172282.2225,"Libraries"
"Hanworth Library","","",NA,"Hounslow",NA,"1e+11","E09000018","Hanworth Village","E05013616",51.43983125,-0.387346368,512181.1756,172437.1899,"Libraries"
"Forest Hill Library","","",NA,"Lewisham",NA,"1e+11","E09000023","Forest Hill","E05013722",51.43537399,-0.054595642,535319.7639,172503.1674,"Libraries"
"Grove Park community library service","","",NA,"Lewisham",NA,"1e+11","E09000023","Grove Park","E05013723",51.43543627,0.02508199,540857.4281,172660.1085,"Libraries"
"Mottingham Library","","",NA,"Greenwich",NA,"1e+11","E09000011","Mottingham, Coldharbour & New Eltham","E05014086",51.43693949,0.045208326,542251.5993,172866.1064,"Libraries"
"Heathfield Library Access Point","","",NA,"Richmond upon Thames",NA,"1e+11","E09000027","West Twickenham","E05013790",51.4434674,-0.362896718,513871.3891,172879.2645,"Libraries"
"New Eltham Library","","",NA,"Greenwich",NA,"10010197970","E09000011","Mottingham, Coldharbour & New Eltham","E05014086",51.43700853,0.072897864,544175.8233,172927.8955,"Libraries"
"Earlsfield Library","","",NA,"Wandsworth",NA,"1e+11","E09000032","Wandsworth Common","E05014027",51.44192022,-0.185149645,526227.707,172998.2166,"Libraries"
"Feltham Library","","",NA,"Hounslow",NA,"1e+11","E09000018","Hanworth Park","E05013615",51.44585041,-0.409519872,510625.5967,173072.9007,"Libraries"
"Southfields Library","","",NA,"Wandsworth",NA,"1e+11","E09000032","West Hill","E05014029",51.44303209,-0.207139118,524696.5538,173084.2505,"Libraries"
"Torridon Road Library","","",NA,"Lewisham",NA,"1e+11","E09000023","Hither Green","E05013724",51.44182955,2.12e-05,539096.228,173323.2133,"Libraries"
"Twickenham","","",NA,"Richmond upon Thames",NA,"1e+11","E09000027","Twickenham Riverside","E05013789",51.44697104,-0.326329333,516403.6649,173326.3447,"Libraries"
"Balham Library","","",NA,"Wandsworth",NA,"1e+11","E09000032","Balham","E05014009",51.44496215,-0.150761033,528608.9439,173396.2058,"Libraries"
"Catford library","","",NA,"Lewisham",NA,"2e+11","E09000023","Rushey Green","E05013730",51.4440966,-0.019079052,537762.0728,173539.2643,"Libraries"
"Bexley Community Library","","",NA,"Bexley",NA,"1e+11","E09000004","St Mary's & St James","E05011229",51.44224098,0.152449184,549687.5446,173669.18,"Libraries"
"Bedfont Library","","",NA,"Hounslow",NA,"1e+11","E09000018","Bedfont","E05013606",51.45154014,-0.432661866,509003.9087,173670.9998,"Libraries"
"Roehampton Library","","",NA,"Wandsworth",NA,"1e+11","E09000032","Roehampton","E05014017",51.44929376,-0.240517105,522360.298,173724.3405,"Libraries"
"Whitton","","",NA,"Richmond upon Thames",NA,"1e+11","E09000027","Whitton","E05013791",51.45223366,-0.357588317,514218.4377,173862.3926,"Libraries"
"Dulwich Library","","",NA,"Southwark",NA,"2e+11","E09000028","Dulwich Hill","E05011099",51.44828683,-0.072974201,534004.6061,173905.28,"Libraries"
"Blackfen Community Library","","",NA,"Bexley",NA,"10023305013","E09000004","Blendon & Penhill","E05011221",51.44966601,0.106032019,546438.1518,174401.072,"Libraries"
"Eltham Centre Library","","",NA,"Greenwich",NA,"1e+11","E09000011","Eltham Town & Avery Hill","E05014079",51.45051273,0.05950408,543202.7192,174403.2846,"Libraries"
"Northcote Library","","",NA,"Wandsworth",NA,"1e+11","E09000032","Northcote","E05014016",51.45463918,-0.162764313,527747.869,174451.3184,"Libraries"
"Wandsworth Town Library","","",NA,"Wandsworth",NA,"121008322","E09000032","Wandsworth Town","E05014028",51.45567007,-0.190880754,525791.6774,174517.3574,"Libraries"
"Crayford Library","","",NA,"Bexley",NA,"10090792770","E09000004","Crayford","E05011222",51.44939192,0.181716274,551697.6452,174524.5142,"Libraries"
"Richmond Information and Reference Library. Richmond ","","",NA,"Richmond upon Thames",NA,"10002264550","E09000027","South Richmond","E05013786",51.4583449,-0.304851588,517866.81,174625.4868,"Libraries"
"Crofton Park community library service","","",NA,"Lewisham",NA,"1e+11","E09000023","Crofton Park","E05013718",51.45492733,-0.034704482,536643.952,174714.3907,"Libraries"
"Manor House Library","","",NA,"Lewisham",NA,"1e+11","E09000023","Lee Green","E05013726",51.45679923,0.006103015,539473.2979,174999.381,"Libraries"
"Richmond Lending Library","","",NA,"Richmond upon Thames",NA,"10002249444","E09000027","South Richmond","E05013786",51.46178601,-0.302132551,518046.8365,175012.5227,"Libraries"
"Putney Library","","",NA,"Wandsworth",NA,"1e+11","E09000032","Thamesfield","E05014022",51.46127262,-0.214314012,524148.5215,175100.4388,"Libraries"
"Central Library","","",NA,"Bexley",NA,"1e+11","E09000004","Bexleyheath","E05011219",51.45547478,0.145384246,549153.4525,175126.3566,"Libraries"
"Lewisham Library","","",NA,"Lewisham",NA,"1e+11","E09000023","Lewisham Central","E05013727",51.45875667,-0.010065265,538344.1649,175186.4233,"Libraries"
"Carnegie library (Herne Hill)","","",NA,"Lambeth",NA,"10091838239","E09000022","Herne Hill & Loughborough Junction","E05014104",51.46026675,-0.09500123,532439.4207,175197.3873,"Libraries"
"Brixton","","",NA,"Lambeth",NA,"2e+11","E09000022","Brixton Windrush","E05014098",51.46058716,-0.113142886,531178.2654,175200.381,"Libraries"
"Grove Vale Library","","",NA,"Southwark",NA,"2e+11","E09000028","Goose Green","E05011103",51.46109982,-0.077718332,533637.57,175321.4077,"Libraries"
"Clapham","","",NA,"Lambeth",NA,"10090197569","E09000022","Clapham East","E05014100",51.46259073,-0.132070789,529857.7442,175389.4684,"Libraries"
"East Sheen","","",NA,"Richmond upon Thames",NA,"1e+11","E09000027","East Sheen","E05013775",51.46489979,-0.266021105,520547.1188,175417.5236,"Libraries"
"Battersea Library","","",NA,"Wandsworth",NA,"1e+11","E09000032","Lavender","E05014014",51.46351276,-0.162566274,527736.8867,175438.4173,"Libraries"
"Isleworth Library","","",NA,"Hounslow",NA,"1e+11","E09000018","Isleworth","E05013625",51.46639803,-0.328555858,516199.6496,175483.1799,"Libraries"
"Hounslow Library","","",NA,"Hounslow",NA,"1e+11","E09000018","Hounslow Central","E05013620",51.4676225,-0.361468633,513910.5498,175567.6844,"Libraries"
"Beavers Library","","",NA,"Hounslow",NA,"10093260482","E09000018","Cranford","E05013612",51.46972705,-0.394852683,511586.6547,175750.3478,"Libraries"
"York Gardens Library","","",NA,"Wandsworth",NA,"10091844398","E09000032","Falconbrook","E05014012",51.46671069,-0.176145747,526784.7928,175770.4591,"Libraries"
"Welling Library","","",NA,"Bexley",NA,"1e+11","E09000004","Falconwood & Welling","E05011226",51.46201211,0.107780415,546520.0938,175777.4293,"Libraries"
"Hurlingham and Chelsea School and Community Library ","","",NA,"Hammersmith and Fulham",NA,"34063756","E09000013","Palace & Hurlingham","E05013744",51.46730717,-0.194927408,525478.6583,175804.4775,"Libraries"
"Nunhead Library","","",NA,"Southwark",NA,"2e+11","E09000028","Nunhead & Queen's Road","E05011108",51.46527339,-0.058104468,534987.7458,175821.4703,"Libraries"
"Blackheath Village community library service","","",NA,"Greenwich",NA,"1e+11","E09000011","Blackheath Westcombe","E05014073",51.46567918,0.011172244,539798.3536,175996.4802,"Libraries"
"Minet","","",NA,"Lambeth",NA,"1e+11","E09000022","Myatt's Fields","E05014107",51.47077924,-0.103808424,531797.3517,176350.4918,"Libraries"
"Battersea Park Library","","",NA,"Wandsworth",NA,"1e+11","E09000032","Battersea Park","E05014010",51.47387352,-0.152846626,528382.9835,176607.5352,"Libraries"
"Cranford Library","","",NA,"Hounslow",NA,"1e+11","E09000018","Cranford","E05013612",51.47764106,-0.404892845,510870.1656,176615.1801,"Libraries"
"Kew","","",NA,"Richmond upon Thames",NA,"1e+11","E09000027","Kew","E05013782",51.47599683,-0.283069715,519334.0082,176623.6606,"Libraries"
"Peckham Library","","",NA,"Southwark",NA,"2e+11","E09000028","Rye Lane","E05011113",51.47386908,-0.067762882,534291.6626,176759.5477,"Libraries"
"Fulham","","",NA,"Hammersmith and Fulham",NA,"34044300","E09000013","Walham Green","E05013749",51.47675544,-0.201107392,525023.6285,176844.5832,"Libraries"
"Camberwell Library","","",NA,"Southwark",NA,"10090749181","E09000028","St Giles","E05011115",51.47531156,-0.091033138,532671.4606,176877.544,"Libraries"
"New Cross community library service","","",NA,"Lewisham",NA,"1e+11","E09000023","Brockley","E05013716",51.47500522,-0.03708193,536418.9216,176942.5922,"Libraries"
"North Heath Community Library","","",NA,"Bexley",NA,"10011846473","E09000004","Northumberland Heath","E05011228",51.47278049,0.162930989,550315.5663,177086.5627,"Libraries"
"Castelnau","","",NA,"Richmond upon Thames",NA,"1e+11","E09000027","Barnes","E05013774",51.47975012,-0.23601797,522591.3756,177118.6427,"Libraries"
"Slade Green Community Library","","",NA,"Bexley",NA,"10090794390","E09000004","Slade Green & Northend","E05011231",51.47260377,0.192596225,552376.2848,177128.1937,"Libraries"
"Osterley Library","","",NA,"Hounslow",NA,"1e+11","E09000018","Osterley & Spring Grove","E05013626",51.48182162,-0.344332814,515065.0504,177173.4449,"Libraries"
"Tate South Lambeth","","",NA,"Lambeth",NA,"1e+11","E09000022","Oval","E05014108",51.47868673,-0.122377153,530485.2231,177196.5853,"Libraries"
"The Library at Deptford Lounge","","",NA,"Lewisham",NA,"10023235598","E09000023","Deptford","E05013719",51.4771916,-0.022686192,537412.0328,177212.6275,"Libraries"
"Blackheath Library","","",NA,"Greenwich",NA,"1e+11","E09000011","Blackheath Westcombe","E05014073",51.47646341,0.02315429,540597.4634,177218.5941,"Libraries"
"West Greenwich Library","","",NA,"Greenwich",NA,"10010200468","E09000011","Greenwich Park","E05014081",51.47748419,-0.009682215,538314.1494,177269.6357,"Libraries"
"Bostall Community Library","","",NA,"Bexley",NA,"1e+11","E09000004","West Heath","E05011233",51.47518169,0.131517747,548126.2646,177289.5869,"Libraries"
"Heston Library","","",NA,"Hounslow",NA,"1e+11","E09000018","Heston Central","E05013617",51.4853629,-0.373872389,513005.214,177521.2757,"Libraries"
"Brandon Library","","",NA,"Southwark",NA,"2e+11","E09000028","Newington","E05011105",51.4822063,-0.101346625,531935.3891,177625.6205,"Libraries"
"Charlton Library","","",NA,"Greenwich",NA,"1e+11","E09000011","Charlton Village & Riverside","E05014075",51.47996113,0.038778646,541671.5753,177637.6376,"Libraries"
"Brentford Library ","","",NA,"Hounslow",NA,"1e+11","E09000018","Brentford West","E05013608",51.48610093,-0.306007544,517715.1487,177710.1617,"Libraries"
"Erith Library","","",NA,"Bexley",NA,"10023303354","E09000004","Slade Green & Northend","E05011231",51.47860538,0.182997078,551689.767,177775.648,"Libraries"
"Chelsea Library","","",NA,"Kensington and Chelsea",NA,"217105143","E09000020","Royal Hospital","E05009403",51.48695911,-0.166593622,527391.9073,178038.6927,"Libraries"
"Greenwich Centre Library","","",NA,"Greenwich",NA,"10010254284","E09000011","East Greenwich","E05014076",51.48507784,0.009978276,539656.1873,178151.3233,"Libraries"
"Pimlico Library","","",NA,"Westminster",NA,"10033620911","E09000033","Pimlico South","E05013803",51.48766566,-0.135592046,529542.1996,178171.6115,"Libraries"
"Upper Belvedere Community Library","","",NA,"Bexley",NA,"1e+11","E09000004","Belvedere","E05011218",51.4834101,0.14685388,549164.3806,178235.686,"Libraries"
"Durning","","",NA,"Lambeth",NA,"1e+11","E09000022","Kennington","E05014105",51.48827569,-0.108499154,531421.3427,178287.691,"Libraries"
"Brompton Library","","",NA,"Kensington and Chelsea",NA,"217060921","E09000020","Redcliffe","E05009402",51.48956716,-0.186830684,525979.754,178293.7259,"Libraries"
"Chiswick Library","","",NA,"Hounslow",NA,"2e+11","E09000018","Chiswick Gunnersbury","E05013609",51.49118486,-0.259517611,520929.403,178351.176,"Libraries"
"Plumstead Library","","",NA,"Greenwich",NA,"1e+11","E09000011","Plumstead & Glyndon","E05014087",51.48585252,0.097888361,545756.9976,178408.722,"Libraries"
"Avonmore Library and Neighbourhood Centre","","",NA,"Hammersmith and Fulham",NA,"34058302","E09000013","Avonmore","E05013734",51.49206749,-0.205547084,524673.6104,178539.7561,"Libraries"
"Pepys community library service","","",NA,"Lewisham",NA,"1e+11","E09000023","Evelyn","E05013721",51.48930584,-0.029077129,536931.9573,178547.7436,"Libraries"
"East Street Library","","",NA,"Southwark",NA,"2e+11","E09000028","South Bermondsey","E05011116",51.49038632,-0.080102591,533386.5599,178573.7109,"Libraries"
"Woolwich Library","","",NA,"Greenwich",NA,"10010239328","E09000011","Woolwich Arsenal","E05014092",51.48875521,0.067021338,543604.9412,178670.5409,"Libraries"
"Victoria Library","","",NA,"Westminster",NA,"10033616882","E09000033","Pimlico North","E05013802",51.49239532,-0.146262996,528788.0578,178678.7453,"Libraries"
"Harlington Library","","",NA,"Hillingdon",NA,"10003001185","E09000017","Pinkwell","E05013576",51.49708916,-0.434933798,508737.8681,178732.8378,"Libraries"
"Hammersmith","","",NA,"Hammersmith and Fulham",NA,"34027231","E09000013","Brook Green","E05013735",51.4940733,-0.222094745,523519.4818,178734.7818,"Libraries"
"Blue Anchor Library","","",NA,"Southwark",NA,"2e+11","E09000028","South Bermondsey","E05011116",51.49237424,-0.062081863,534631.6981,178827.7425,"Libraries"
"Newington Temporary Library","","",NA,"Southwark",NA,"10093341252","E09000028","North Walworth","E05011107",51.49344456,-0.096953397,532207.9415,178883.245,"Libraries"
"Northfields Library","","",NA,"Ealing",NA,"12004049","E09000009","Northfield","E05013530",51.49852209,-0.312582853,517226.7871,179080.8963,"Libraries"
"Express Library","","",NA,"Westminster",NA,"1e+11","E09000033","St James's","E05013806",51.49704271,-0.128567805,530003.1881,179226.7901,"Libraries"
"Abbey Wood Library","","",NA,"Greenwich",NA,"10010232562","E09000011","Abbey Wood","E05014072",51.49324188,0.111800593,546699.1318,179258.1857,"Libraries"
"Cubitt Town library","","",NA,"Tower Hamlets",NA,"6081796","E09000030","Blackwall & Cubitt Town","E05009318",51.49546216,-0.010181399,538225.0984,179267.8324,"Libraries"
"Waterloo","","",NA,"Lambeth",NA,"1e+11","E09000022","Waterloo & South Bank","E05014118",51.49766755,-0.110329276,531267.3254,179328.7928,"Libraries"
"Canada Water Library","","",NA,"Southwark",NA,"10090284129","E09000028","Rotherhithe","E05011112",51.49729578,-0.047564977,535624.8009,179401.8073,"Libraries"
"Southall Library (Dominion Centre and Library)","","",NA,"Ealing",NA,"12020455","E09000009","Southall Green","E05013538",51.50287467,-0.377570641,512705.29,179462.9579,"Libraries"
"Kensington Central Library","","",NA,"Kensington and Chelsea",NA,"217125485","E09000020","Queen's Gate","E05009401",51.50090763,-0.19283156,525532.0152,179544.506,"Libraries"
"West Drayton Library","","",NA,"Hillingdon",NA,"1e+11","E09000017","West Drayton","E05013581",51.50520608,-0.468693946,506375.5487,179585.9132,"Libraries"
"Askew Road","","",NA,"Hammersmith and Fulham",NA,"34011906","E09000013","Coningham","E05013737",51.50317005,-0.24146864,522150.3296,179713.8908,"Libraries"
"John Harvard Library","","",NA,"Southwark",NA,"2e+11","E09000028","Chaucer","E05011098",51.50125566,-0.09032367,532645.4736,179763.8235,"Libraries"
"Botwell Green Library","","",NA,"Hillingdon",NA,"10022805611","E09000017","Hayes Town","E05013569",51.50797249,-0.416286829,510006.0272,179970.9804,"Libraries"
"Acton Town Hall Library","","",NA,"Ealing",NA,"12180771","E09000009","South Acton","E05013536",51.50589642,-0.26632407,520418.1379,179975.9369,"Libraries"
"North Woolwich Library","","",NA,"Newham",NA,"10008995497","E09000025","Royal Albert","E05013922",51.50055166,0.064267038,543376.7295,179976.9019,"Libraries"
"Thamesmead Library","","",NA,"Bexley",NA,"1e+11","E09000004","Thamesmead East","E05011232",51.49981378,0.124208362,547539.1717,180013.906,"Libraries"
"Idea Store Canary Wharf","","",NA,"Tower Hamlets",NA,"6145802","E09000030","Blackwall & Cubitt Town","E05009318",51.50390566,-0.013173491,537991.9047,180201.0897,"Libraries"
"West Ealing Library","","",NA,"Ealing",NA,"12002863","E09000009","Walpole","E05013541",51.50898637,-0.322962116,516479.6899,180228.0201,"Libraries"
"Hanwell Library","","",NA,"Ealing",NA,"12001465","E09000009","Hanwell Broadway","E05013525",51.50942108,-0.334533647,515675.5997,180258.0305,"Libraries"
"Mayfair Library","","",NA,"Westminster",NA,"1e+11","E09000033","West End","E05013808",51.50886039,-0.14954367,528514.0129,180503.9197,"Libraries"
"Ealing Central Library","","",NA,"Ealing",NA,"12148296","E09000009","Ealing Broadway","E05013520",51.51182412,-0.300805858,518009.8669,180579.0286,"Libraries"
"Yiewsley Library","","",NA,"Hillingdon",NA,"1e+11","E09000017","Yiewsley","E05013584",51.51464462,-0.472499744,506089.5023,180630.0276,"Libraries"
"Notting Hill Gate Library","","",NA,"Kensington and Chelsea",NA,"217105238","E09000020","Pembridge","E05009400",51.51076859,-0.195818555,525297.6597,180635.9499,"Libraries"
"Charring Cross Library","","",NA,"Westminster",NA,"10033531833","E09000033","St James's","E05013806",51.50976289,-0.126518762,530109.1866,180644.9232,"Libraries"
"Thamesmere Library","","",NA,"Greenwich",NA,"10010224992","E09000011","Thamesmead Moorings","E05014090",51.50721776,0.110795098,546584.5001,180810.2891,"Libraries"
"Idea Store Chrisp Street","","",NA,"Tower Hamlets",NA,"6173963","E09000030","Poplar","E05009328",51.51105004,-0.012858142,537992.2018,180996.1119,"Libraries"
"North Kensington Library","","",NA,"Kensington and Chelsea",NA,"217048255","E09000020","Colville","E05009392",51.51615689,-0.207627437,524463.5619,181215.0087,"Libraries"
"Idea Store Watney Market","","",NA,"Tower Hamlets",NA,"6196250","E09000030","Shadwell","E05009332",51.51382558,-0.055650795,535014.7129,181224.9996,"Libraries"
"Shoe Lane","","",NA,"City of London",NA,"2e+11","E09000001","Farringdon Within","E05009304",51.51492977,-0.104973389,531589.3461,181257.9678,"Libraries"
"Paddington Library","","",NA,"Westminster",NA,"1e+11","E09000033","Bayswater","E05013793",51.5169107,-0.187042195,525889.7181,181334.0118,"Libraries"
"Artizan Street","","",NA,"City of London",NA,"95511788","E09000001","Portsoken","E05009308",51.51514611,-0.075183973,533655.5685,181335.9912,"Libraries"
"Guildhall Library and City Business Library","","",NA,"City of London",NA,"1e+11","E09000001","Bassishaw","E05009290",51.51556142,-0.091238833,532540.4503,181352.976,"Libraries"
"Yeading Library","","",NA,"Hillingdon",NA,"1e+11","E09000017","Belmore","E05013564",51.52036818,-0.402580015,510927.1176,181370.1437,"Libraries"
"Jubilee Gardens Library","","",NA,"Ealing",NA,"12000640","E09000009","Lady Margaret","E05013526",51.52072747,-0.367926306,513330.3418,181463.1623,"Libraries"
"Custom House Library","","",NA,"Newham",NA,"10008990024","E09000025","Custom House","E05013908",51.51466945,0.033005735,541163.4387,181486.0534,"Libraries"
"Beckton Library","","",NA,"Newham",NA,"10008997116","E09000025","Beckton","E05013904",51.51452083,0.056999433,542828.6522,181516.0573,"Libraries"
"Canning Town Library","","",NA,"Newham",NA,"10008988046","E09000025","Canning Town North","E05013906",51.5168551,0.012662185,539745.2476,181690.0309,"Libraries"
"Marylebone Library","","",NA,"Westminster",NA,"1e+11","E09000033","Marylebone","E05013801",51.52012163,-0.149058338,528516.0016,181757.0368,"Libraries"
"Barbican","","",NA,"City of London",NA,"2e+11","E09000001","Cripplegate","E05009302",51.51944948,-0.092517837,532440.4365,181783.0158,"Libraries"
"Idea Store Whitechapel","","",NA,"Tower Hamlets",NA,"6000711","E09000030","Whitechapel","E05009336",51.51927063,-0.056427971,534944.699,181829.0652,"Libraries"
"Holborn Library","","",NA,"Camden",NA,"5082117","E09000007","Holborn & Covent Garden","E05013662",51.52067122,-0.11412,530938.2693,181880.0302,"Libraries"
"Hayes End Library","","",NA,"Hillingdon",NA,"1e+11","E09000017","Charville","E05013565",51.52547573,-0.434551689,508696.8816,181890.1992,"Libraries"
"Little Venice Sports Centre Library","","",NA,"Westminster",NA,"10033612553","E09000033","Little Venice","E05013799",51.52203057,-0.175608347,526668.7982,181923.0635,"Libraries"
"Church Street Library","","",NA,"Westminster",NA,"10033532267","E09000033","Church Street","E05013794",51.52252362,-0.168582114,527154.8507,181990.0662,"Libraries"
"Kensal Library","","",NA,"Kensington and Chelsea",NA,"217035223","E09000020","Golborne","E05009396",51.52333382,-0.205283983,524606.5699,182017.0836,"Libraries"
"Rainham Library","","",NA,"Havering",NA,"10024389958","E09000016","Rainham & Wennington","E05013979",51.51675181,0.192670878,552234.2364,182037.3937,"Libraries"
"Pitshanger Library","","",NA,"Ealing",NA,"12132976","E09000009","Pitshanger","E05013535",51.52539097,-0.31235373,517173.751,182069.1958,"Libraries"
"Maida Vale Library","","",NA,"Westminster",NA,"1e+11","E09000033","Westbourne","E05013809",51.52416055,-0.188859128,525743.6947,182137.089,"Libraries"
"Local History Library","","",NA,"Tower Hamlets",NA,"6033654","E09000030","Bethnal Green","E05009317",51.52330884,-0.040757515,536019.8087,182307.1136,"Libraries"
"Queen's Park library","","",NA,"Kensington and Chelsea",NA,"1e+11","E09000020","Golborne","E05009396",51.52651654,-0.209340014,524316.5339,182364.1167,"Libraries"
"Greenford Library","","",NA,"Ealing",NA,"12001186","E09000009","Greenford Broadway","E05013523",51.52930578,-0.353676795,514297.4318,182439.2575,"Libraries"
"Finsbury Library","","",NA,"Islington",NA,"5300084848","E09000019","Clerkenwell","E05013702",51.52597704,-0.102943118,531698.3506,182490.0806,"Libraries"
"Bethnal Green library","","",NA,"Tower Hamlets",NA,"6036905","E09000030","Bethnal Green","E05009317",51.52592691,-0.052150698,535221.7186,182577.1598,"Libraries"
"Charville Library","","",NA,"Hillingdon",NA,"1e+11","E09000017","Charville","E05013565",51.53458782,-0.425961931,509270.9384,182916.3177,"Libraries"
"Shoreditch Library","","",NA,"Hackney",NA,"1e+11","E09000012","Hoxton East & Shoreditch","E05009377",51.52992914,-0.078323828,533394.526,182974.1553,"Libraries"
"Thames View","","",NA,"Barking and Dagenham",NA,"10091588559","E09000002","Thames View","E05014068",51.52735487,0.106154673,546198.0775,183040.1829,"Libraries"
"Plaistow Library","","",NA,"Newham",NA,"46096940","E09000025","Plaistow North","E05013918",51.52918631,0.027235955,540718.3916,183089.1965,"Libraries"
"St John's Wood Library","","",NA,"Westminster",NA,"10033532542","E09000033","Regent's Park","E05013805",51.53323428,-0.17084876,526967.8195,183177.1796,"Libraries"
"Pancras Square Library","","",NA,"Camden",NA,"5172479","E09000007","King's Cross","E05013666",51.53331656,-0.124801847,530161.1742,183267.1621,"Libraries"
"Camden Town Library","","",NA,"Camden",NA,"5021816","E09000007","Regent's Park","E05013668",51.53374045,-0.136162072,529372.085,183294.1711,"Libraries"
"Idea Store Bow","","",NA,"Tower Hamlets",NA,"6053810","E09000030","Bow East","E05009319",51.53204897,-0.028312673,536856.8925,183302.2085,"Libraries"
"East Ham Library","","",NA,"Newham",NA,"46253323","E09000025","East Ham","E05013909",51.5317699,0.057056061,542778.6666,183434.262,"Libraries"
"Kilburn Library Centre","","",NA,"Camden",NA,"5134480","E09000007","Kilburn","E05013665",51.53588068,-0.189547539,525663.6729,183439.2116,"Libraries"
"South Hornchurch Library","","",NA,"Havering",NA,"1e+11","E09000016","South Hornchurch","E05013984",51.52970163,0.18917753,551948.8202,183470.1819,"Libraries"
"Northolt Library","","",NA,"Ealing",NA,"12140961","E09000009","Northolt West End","E05013532",51.53913239,-0.383852769,512180.2474,183485.3896,"Libraries"
"Harlesden","","",NA,"Brent",NA,"202110706","E09000005","Harlesden & Kensal Green","E05013501",51.53817576,-0.248902211,521541.2282,183594.261,"Libraries"
"Oak Farm Library","","",NA,"Hillingdon",NA,"1e+11","E09000017","Hillingdon East","E05013571",51.54105794,-0.448540066,507689.7325,183602.3739,"Libraries"
"Lewis Carroll Children's Library","","",NA,"Islington",NA,"10012791189","E09000019","Barnsbury","E05013698",51.53656146,-0.115712865,530782.2418,183644.1894,"Libraries"
"Perivale Library","","",NA,"Ealing",NA,"12003797","E09000009","Perivale","E05013534",51.54009645,-0.32248201,516433.6455,183688.3709,"Libraries"
"Green Street Library","","",NA,"Newham",NA,"10009001054","E09000025","Green Street East","E05013913",51.53588095,0.036907327,541368.4902,183852.2939,"Libraries"
"South Library","","",NA,"Islington",NA,"5300031416","E09000019","St Mary's & St James'","E05013710",51.53852804,-0.097142753,532064.3786,183896.2221,"Libraries"
"Barking","","",NA,"Barking and Dagenham",NA,"100053358","E09000002","Abbey","E05014053",51.5358099,0.081422904,544455.8779,183931.2966,"Libraries"
"Uxbridge Library","","",NA,"Hillingdon",NA,"1e+11","E09000017","Uxbridge","E05013580",51.54468289,-0.47672958,505726.4508,183964.381,"Libraries"
"Chalk Farm (now Primrose Hill Community Library)","","",NA,"Camden",NA,"5154072","E09000007","Primrose Hill","E05013667",51.54063196,-0.15509123,528039.9309,184027.2499,"Libraries"
"West Library","","",NA,"Islington",NA,"5300011807","E09000019","Barnsbury","E05013698",51.54023085,-0.114594977,530849.2467,184054.2263,"Libraries"
"Swiss Cottage Library","","",NA,"Camden",NA,"5061473","E09000007","Primrose Hill","E05013667",51.54178129,-0.171630986,526889.8021,184126.2687,"Libraries"
"Stratford Library","","",NA,"Newham",NA,"46101428","E09000025","Stratford","E05013924",51.54226038,0.005951316,539202.1904,184502.3071,"Libraries"
"Willesden Green","","",NA,"Brent",NA,"202216288","E09000005","Brondesbury Park","E05013498",51.54614396,-0.22734961,523014.3652,184516.3249,"Libraries"
"Dagenham","","",NA,"Barking and Dagenham",NA,"10023599312","E09000002","Village","E05014070",51.53986885,0.150073004,549203.432,184520.334,"Libraries"
"Northolt Leisure Centre Library","","",NA,"Ealing",NA,"12173354","E09000009","Northolt Mandeville","E05013531",51.54839666,-0.366920507,513331.4551,184541.7107,"Libraries"
"Hackney Central Library","","",NA,"Hackney",NA,"10008243137","E09000012","Homerton","E05009376",51.54397082,-0.054481199,535006.6997,184579.3952,"Libraries"
"Dalston CLR James Library","","",NA,"Hackney",NA,"10008322989","E09000012","Dalston","E05009370",51.54553907,-0.072345591,533763.4253,184720.9605,"Libraries"
"Ealing Road","","",NA,"Brent",NA,"202102174","E09000005","Wembley Central","E05013514",51.54902978,-0.295856874,518256.8551,184724.4367,"Libraries"
"Belsize Community Library","","",NA,"Camden",NA,"5045720","E09000007","Belsize","E05013652",51.5473928,-0.160674101,527633.8814,184769.3204,"Libraries"
"Mildmay Library","","",NA,"Islington",NA,"5300062563","E09000019","Mildmay","E05013709",51.54709791,-0.082721131,533039.4787,184875.3742,"Libraries"
"West Hampstead Library","","",NA,"Camden",NA,"5037144","E09000007","West Hampstead","E05013671",51.54981004,-0.19003314,525591.6517,184987.3571,"Libraries"
"Barham Park","","",NA,"Brent",NA,"202209694","E09000005","Wembley Central","E05013514",51.55167842,-0.309851801,517279.7498,184996.4752,"Libraries"
"Wood End Library","","",NA,"Ealing",NA,"12001293","E09000009","North Greenford","E05013528",51.55227084,-0.348289165,514613.4898,185001.5288,"Libraries"
"Islington Central Library","","",NA,"Islington",NA,"5300033298","E09000019","Highbury","E05013704",51.54872784,-0.105545308,531452.3047,185015.33,"Libraries"
"Kentish Town Library","","",NA,"Camden",NA,"5085726","E09000007","Kentish Town South","E05013664",51.54950403,-0.138864449,529140.0496,185042.3307,"Libraries"
"Queens Crescent Library","","",NA,"Camden",NA,"5055133","E09000007","Haverstock","E05013660",51.54997951,-0.149592003,528394.9661,185076.3412,"Libraries"
"The Gate Library ","","",NA,"Newham",NA,"10008993577","E09000025","Forest Gate South","E05013912",51.54719385,0.02711327,540654.4039,185091.4031,"Libraries"
"Homerton Library","","",NA,"Hackney",NA,"1e+11","E09000012","Hackney Wick","E05009374",51.54845395,-0.040153269,535986.7987,185104.4226,"Libraries"
"John Barnes Library","","",NA,"Islington",NA,"10093108781","E09000019","Holloway","E05013706",51.55043083,-0.124213467,530153.1623,185171.3318,"Libraries"
"South Ruislip Library","","",NA,"Hillingdon",NA,"10003002133","E09000017","South Ruislip","E05013579",51.55683414,-0.393563692,511463.5941,185439.1039,"Libraries"
"Manor Park Library","","",NA,"Newham",NA,"10008990819","E09000025","Manor Park","E05013916",51.55021122,0.048597724,542134.615,185468.485,"Libraries"
"Keats Community Library","","",NA,"Camden",NA,"5085918","E09000007","Hampstead Town","E05013659",51.55497759,-0.166629413,527199.8332,185602.4092,"Libraries"
"Cricklewood","","",NA,"Brent",NA,"202217896","E09000005","Cricklewood & Mapesbury","E05013499",51.556355,-0.225798393,523094.3822,185654.4218,"Libraries"
"Elm Park Library","","",NA,"Havering",NA,"1e+11","E09000016","Elm Park","E05013969",51.55199482,0.200125381,552633.6598,185971.8797,"Libraries"
"Ickenham Library","","",NA,"Hillingdon",NA,"1e+11","E09000017","Ickenham & South Harefield","E05013573",51.56302186,-0.441948781,508094.7598,186054.6195,"Libraries"
"Roxeth","","",NA,"Harrow",NA,"2e+11","E09000015","Roxeth","E05013559",51.56211325,-0.354959407,514126.4735,186085.6363,"Libraries"
"Harrow Green Community Library","","",NA,"Waltham Forest",NA,"1e+11","E09000031","Cann Hall","E05013882",51.5576213,0.008070079,539302.2171,186214.5019,"Libraries"
"North Library","","",NA,"Islington",NA,"5300060053","E09000019","Tollington","E05013712",51.55990827,-0.120173008,530406.1918,186232.4388,"Libraries"
"Leyton Library","","",NA,"Waltham Forest",NA,"10009148520","E09000031","Grove Green","E05013888",51.55822906,-0.005941923,538329.0767,186255.4881,"Libraries"
"Childs Hill ","","",NA,"Barnet",NA,"200219960","E09000003","Childs Hill","E05013631",51.56166852,-0.199092218,524931.1315,186290.5449,"Libraries"
"Redbridge Central Library","","",NA,"Redbridge",NA,"1e+11","E09000026","Clementswood","E05011240",51.55755549,0.076933039,544075.866,186340.5691,"Libraries"
"Upminster Library","","",NA,"Havering",NA,"1e+11","E09000016","Upminster","E05013986",51.55463794,0.249745369,556064.4671,186370.4491,"Libraries"
"Stoke Newington Library","","",NA,"Hackney",NA,"1e+11","E09000012","Clissold","E05009369",51.56111212,-0.081208186,533103.5324,186436.538,"Libraries"
"Valence","","",NA,"Barking and Dagenham",NA,"100002559","E09000002","Valence","E05014069",51.55806921,0.135478474,548132.3554,186514.5713,"Libraries"
"Goodmayes Library","","",NA,"Redbridge",NA,"1e+11","E09000026","Goodmayes","E05011244",51.55889344,0.110599992,546405.2585,186556.1876,"Libraries"
"Highgate Library","","",NA,"Camden",NA,"5090720","E09000007","Highgate","E05013661",51.56326752,-0.142487036,528850.0193,186566.4862,"Libraries"
"Clapton Library","","",NA,"Hackney",NA,"1e+11","E09000012","Hackney Downs","E05009373",51.56216084,-0.058336644,534685.7258,186595.0453,"Libraries"
"N4 Library","","",NA,"Hackney",NA,"10001298318","E09000012","Brownswood","E05009367",51.56332898,-0.101937018,531660.3578,186645.514,"Libraries"
"Archway Library","","",NA,"Islington",NA,"10012791132","E09000019","Junction","E05013707",51.56517477,-0.134025306,529431.0852,186793.5035,"Libraries"
"Aldersbrook Library","","",NA,"Redbridge",NA,"1e+11","E09000026","Wanstead Park","E05011254",51.56285706,0.034606393,541125.4864,186847.6068,"Libraries"
"Preston","","",NA,"Brent",NA,"202120286","E09000005","Preston","E05013506",51.56968996,-0.294175125,518319.9106,187024.6449,"Libraries"
"Ruislip Manor Library","","",NA,"Hillingdon",NA,"10022800920","E09000017","Ruislip Manor","E05013578",51.57182885,-0.409969652,510290.0403,187081.7381,"Libraries"
"Seven Kings Library","","",NA,"Redbridge",NA,"10034922466","E09000026","Goodmayes","E05011244",51.5642506,0.10146687,545755.0901,187133.6705,"Libraries"
"Leytonstone Library","","",NA,"Waltham Forest",NA,"1e+11","E09000031","Leytonstone","E05013897",51.56766325,0.011976135,539542.2606,187338.6337,"Libraries"
"Woodberry Down Library","","",NA,"Hackney",NA,"10008328988","E09000012","Woodberry Down","E05009387",51.56958151,-0.089760986,532486.1324,187362.814,"Libraries"
"Hornchurch Library","","",NA,"Havering",NA,"1e+11","E09000016","St Andrew's","E05013982",51.56438705,0.222200226,554122.1686,187396.1548,"Libraries"
"Stamford Hill Library","","",NA,"Hackney",NA,"1e+11","E09000012","Cazenove","E05009368",51.56986343,-0.070823934,533797.6503,187428.6616,"Libraries"
"Lea Bridge Library","","",NA,"Waltham Forest",NA,"2e+11","E09000031","Lea Bridge","E05013895",51.57019993,-0.021899496,537186.941,187556.6395,"Libraries"
"Manor Farm Library","","",NA,"Hillingdon",NA,"1e+11","E09000017","Ruislip","E05013577",51.57749759,-0.426875733,509104.8929,187686.7961,"Libraries"
"Golders Green ","","",NA,"Barnet",NA,"200049056","E09000003","Childs Hill","E05013631",51.57425403,-0.200179203,524821.3455,187688.2469,"Libraries"
"Eastcote Library","","",NA,"Hillingdon",NA,"1e+11","E09000017","Eastcote","E05013567",51.57987055,-0.399015966,511029.5308,187992.5484,"Libraries"
"Robert Jeyes Community Library","","",NA,"Barking and Dagenham",NA,"100101901","E09000002","Whalebone","E05014071",51.57212135,0.144638198,548721.4527,188095.717,"Libraries"
"Stroud Green and Harringay Library","","",NA,"Haringey",NA,"1e+11","E09000014","Harringay","E05013590",51.57704541,-0.104800835,531422.3615,188165.6765,"Libraries"
"Hornsey Library","","",NA,"Haringey",NA,"10022939468","E09000014","Crouch End","E05013588",51.5777629,-0.120331171,530344.2181,188217.6635,"Libraries"
"Wanstead Library","","",NA,"Redbridge",NA,"1e+11","E09000026","Wanstead Village","E05011255",51.57538383,0.026895284,540552.4265,188225.7671,"Libraries"
"Gayton","","",NA,"Harrow",NA,"10070263324","E09000015","Greenhill","E05013546",51.58118267,-0.330201874,515794.0245,188245.1406,"Libraries"
"Keith Axon Library","","",NA,"Redbridge",NA,"10090503264","E09000026","Chadwell","E05011237",51.57387616,0.122929149,547211.494,188247.0122,"Libraries"
"Gants Hill Library","","",NA,"Redbridge",NA,"10034912233","E09000026","Barkingside","E05011235",51.57712887,0.071676366,543649.8357,188506.8144,"Libraries"
"St Ann's Library","","",NA,"Haringey",NA,"1e+11","E09000014","St Ann's","E05013597",51.58041502,-0.081376662,533035.5839,188582.7631,"Libraries"
"Kingsbury","","",NA,"Brent",NA,"202078174","E09000005","Queensbury","E05013508",51.58552355,-0.274858006,519616.9955,188816.8294,"Libraries"
"Garden Suburb Community Library ","","",NA,"Barnet",NA,"200207760","E09000003","Garden Suburb","E05013641",51.58580095,-0.181741357,526067.0323,189003.9408,"Libraries"
"Gidea Park Library","","",NA,"Havering",NA,"1e+11","E09000016","Squirrels Heath","E05013985",51.57949079,0.20753372,553055.011,189044.851,"Libraries"
"Romford Central Library","","",NA,"Havering",NA,"1e+11","E09000016","St Edward's","E05013983",51.58027,0.185138066,551500.7624,189084.8512,"Libraries"
"Walthamstow Library","","",NA,"Waltham Forest",NA,"1e+11","E09000031","High Street","E05013891",51.5839726,-0.019438984,537316.001,189092.8276,"Libraries"
"Hendon","","",NA,"Barnet",NA,"200222812","E09000003","Hendon","E05013643",51.58809113,-0.227360361,522900.4698,189180.9416,"Libraries"
"Pinner","","",NA,"Harrow",NA,"1e+11","E09000015","Pinner South","E05013556",51.59090052,-0.378912076,512395.2353,189249.8231,"Libraries"
"Marcus Garvey Library","","",NA,"Haringey",NA,"1e+11","E09000014","Tottenham Central","E05013601",51.58767917,-0.072436947,533633.6794,189406.8717,"Libraries"
"Kenton","","",NA,"Harrow",NA,"2e+11","E09000015","Kenton East","E05013551",51.59214569,-0.309678337,517187.7604,189496.9501,"Libraries"
"Marks Gate","","",NA,"Barking and Dagenham",NA,"10002167212","E09000002","Chadwell Heath","E05014058",51.58490561,0.137516448,548186.4005,189502.8722,"Libraries"
"Muswell Hill Library","","",NA,"Haringey",NA,"1e+11","E09000014","Muswell Hill","E05013594",51.59062359,-0.141789878,528821.0447,189609.8289,"Libraries"
"Wealdstone","","",NA,"Harrow",NA,"2e+11","E09000015","Wealdstone South","E05013562",51.59364474,-0.333374798,515542.5837,189625.9531,"Libraries"
"Clayhall Library","","",NA,"Redbridge",NA,"1e+11","E09000026","Clayhall","E05011239",51.58979452,0.051056985,542181.6596,189874.9672,"Libraries"
"East Finchley","","",NA,"Barnet",NA,"200061457","E09000003","East Finchley","E05013636",51.59342094,-0.165973843,527138.0717,189878.6134,"Libraries"
"Wood Street Library","","",NA,"Waltham Forest",NA,"2e+11","E09000031","Wood Street","E05013903",51.59105708,-0.002843915,538444.1696,189911.9584,"Libraries"
"Wood Green Central Library and Customer Services","","",NA,"Haringey",NA,"1e+11","E09000014","Noel Park","E05013595",51.59502191,-0.108052332,531145.362,190158.9015,"Libraries"
"Fullwell Cross Library","","",NA,"Redbridge",NA,"10013585783","E09000026","Fairlop","E05011242",51.59269709,0.08689642,544654.9607,190267.9948,"Libraries"
"Higham Hill Library","","",NA,"Waltham Forest",NA,"1e+11","E09000031","William Morris","E05013902",51.59527813,-0.025878336,536836.0096,190338.0126,"Libraries"
"Northwood Hills Library","","",NA,"Hillingdon",NA,"1e+11","E09000017","Northwood Hills","E05013575",51.60229864,-0.406724744,510441.0395,190474.9673,"Libraries"
"Alexandra Park Library","","",NA,"Haringey",NA,"1e+11","E09000014","Alexandra Park","E05013585",51.59833448,-0.135207795,529255.1144,190478.9261,"Libraries"
"Church End ","","",NA,"Barnet",NA,"200218220","E09000003","Finchley Church End","E05013639",51.59932321,-0.195695662,525063.1742,190483.7003,"Libraries"
"Harefield Library","","",NA,"Hillingdon",NA,"1e+11","E09000017","Harefield Village","E05013568",51.60389981,-0.481377327,505267.4121,190543.0419,"Libraries"
"South Woodford Library and Gym","","",NA,"Redbridge",NA,"10034922615","E09000026","Churchfields","E05011238",51.59663025,0.023571198,540256.7388,190582.0692,"Libraries"
"Colindale","","",NA,"Barnet",NA,"200222825","E09000003","Colindale North","E05013632",51.60129207,-0.243478885,521748.6625,190622.0369,"Libraries"
"South Friern ","","",NA,"Barnet",NA,"200147125","E09000003","Friern Barnet","E05013640",51.59993455,-0.146935286,528438.3924,190636.2092,"Libraries"
"Harold Wood Library","","",NA,"Havering",NA,"1e+11","E09000016","Harold Wood","E05013973",51.59401788,0.237108698,555054.6563,190722.5522,"Libraries"
"Burnt Oak ","","",NA,"Barnet",NA,"200155264","E09000003","Burnt Oak","E05013630",51.60276504,-0.261638438,520487.2066,190755.8344,"Libraries"
"Collier Row Library","","",NA,"Havering",NA,"1e+11","E09000016","Mawneys","E05013978",51.59796672,0.162482974,549872.9445,191006.0451,"Libraries"
"Coombes Croft Library","","",NA,"Haringey",NA,"1e+11","E09000014","Northumberland Park","E05013596",51.60315254,-0.066697867,533985.7399,191138.0895,"Libraries"
"Northwood Library","","",NA,"Hillingdon",NA,"1e+11","E09000017","Northwood","E05013574",51.61183903,-0.423276417,509271.9024,191511.0677,"Libraries"
"Woodford Green Library","","",NA,"Redbridge",NA,"2e+11","E09000026","Monkhams","E05011249",51.6070902,0.033954993,540943.5237,191765.1895,"Libraries"
"Hale End Library","","",NA,"Waltham Forest",NA,"1e+11","E09000031","Hatch Lane & Highams Park North","E05013890",51.60870578,0.002769562,538779.2702,191885.2284,"Libraries"
"Hainault Library","","",NA,"Redbridge",NA,"10034923013","E09000026","Hainault","E05011245",51.60753869,0.105766669,545914.4075,191955.8419,"Libraries"
"Friern Barnet Community Library ","","",NA,"Barnet",NA,"200044867","E09000003","Friern Barnet","E05013640",51.61303719,-0.151842928,528061.6744,192084.6865,"Libraries"
"Fore Street","","",NA,"Enfield",NA,"207015248","E09000010","Upper Edmonton","E05013694",51.61166506,-0.063707118,534167.7696,192090.2023,"Libraries"
"Mill Hill ","","",NA,"Barnet",NA,"200057669","E09000003","Mill Hill","E05013645",51.61488958,-0.241490103,521850.0482,192137.4923,"Libraries"
"Harold Hill Library","","",NA,"Havering",NA,"1e+11","E09000016","Heaton","E05013975",51.60723241,0.220053539,553828.756,192155.9324,"Libraries"
"Edgware ","","",NA,"Barnet",NA,"200220766","E09000003","Edgware","E05013637",51.61577734,-0.272427097,519705.9612,192185.2188,"Libraries"
"Angel Raynham","","",NA,"Enfield",NA,"207017246","E09000010","Upper Edmonton","E05013694",51.61259183,-0.059377369,534464.8082,192201.2198,"Libraries"
"Bowes Road","","",NA,"Enfield",NA,"207045509","E09000010","New Southgate","E05013686",51.61492809,-0.129038125,529635.185,192335.1415,"Libraries"
"Stanmore","","",NA,"Harrow",NA,"1e+11","E09000015","Stanmore","E05013560",51.61793485,-0.310063717,517094.7209,192364.1795,"Libraries"
"Palmers Green","","",NA,"Enfield",NA,"207015887","E09000010","Palmers Green","E05013688",51.61508369,-0.109010668,531021.289,192388.1465,"Libraries"
"Millfield House","","",NA,"Enfield",NA,"207180891","E09000010","Haselbury","E05013682",51.61589454,-0.079736045,533045.6374,192531.2191,"Libraries"
"North Finchley ","","",NA,"Barnet",NA,"200097082","E09000003","Woodhouse","E05013651",51.61807536,-0.174310929,526492.1183,192605.8502,"Libraries"
"South Chingford Community Library","","",NA,"Waltham Forest",NA,"1e+11","E09000031","Larkswood","E05013894",51.61609652,-0.016176907,537445.089,192671.3141,"Libraries"
"Edmonton Green","","",NA,"Enfield",NA,"207189578","E09000010","Lower Edmonton","E05013685",51.62339871,-0.056459901,534634.8345,193408.3408,"Libraries"
"Winchmore Hill","","",NA,"Enfield",NA,"207036897","E09000010","Highfield","E05013683",51.62790941,-0.096829091,531827.4519,193836.3376,"Libraries"
"Osidge","","",NA,"Barnet",NA,"200140830","E09000003","Brunswick Park","E05013629",51.62982049,-0.147457177,528317.9741,193958.7725,"Libraries"
"Southgate Circus","","",NA,"Enfield",NA,"207180633","E09000010","Southgate","E05013692",51.62989232,-0.126731632,529752.155,194003.3382,"Libraries"
"North Chingford Library","","",NA,"Waltham Forest",NA,"1e+11","E09000031","Chingford Green","E05013885",51.63115177,0.0044664,538828.2798,194384.5181,"Libraries"
"Ridge Avenue","","",NA,"Enfield",NA,"207111058","E09000010","Bush Hill Park","E05013676",51.63568138,-0.080359974,532944.5667,194730.4496,"Libraries"
"East Barnet ","","",NA,"Barnet",NA,"200016111","E09000003","East Barnet","E05013635",51.64389091,-0.159901578,527417.296,195501.7159,"Libraries"
"John Jackson","","",NA,"Enfield",NA,"207040251","E09000010","Southbury","E05013691",51.64493374,-0.064906253,533986.6629,195787.5378,"Libraries"
"Ponders End","","",NA,"Enfield",NA,"207000261","E09000010","Ponders End","E05013689",51.64472766,-0.045949157,535298.8302,195799.5825,"Libraries"
"Oakwood","","",NA,"Enfield",NA,"207148238","E09000010","Oakwood","E05013687",51.64834202,-0.127561284,529642.1267,196053.568,"Libraries"
"Enfield Town","","",NA,"Enfield",NA,"207011262","E09000010","Town","E05013693",51.65119271,-0.084620218,532604.4765,196447.6148,"Libraries"
"Chipping Barnet ","","",NA,"Barnet",NA,"200107378","E09000003","High Barnet","E05013644",51.65565921,-0.203165618,524391.8092,196735.8892,"Libraries"
"Enfield Highway","","",NA,"Enfield",NA,"207035798","E09000010","Brimsdown","E05013674",51.65843232,-0.045865671,535263.8263,197323.72,"Libraries"
"Enfield Island Village","","",NA,"Enfield",NA,"207193973","E09000010","Enfield Lock","E05013680",51.66794853,-0.014837634,537381.1144,198439.8912,"Libraries"
"Ordnance Unity Centre","","",NA,"Enfield",NA,"207144176","E09000010","Enfield Lock","E05013680",51.67157982,-0.037720477,535787.9117,198800.8953,"Libraries"
"Bullsmoor","","",NA,"Enfield",NA,"207178047","E09000010","Bullsmoor","E05013675",51.67592229,-0.047890153,535071.8166,199264.9464,"Libraries"
"West Norwood Library and Picturehouse","","",NA,"Lambeth",NA,"10000446790","E09000022","Knight's Hill","E05014106",51.43228329,-0.102510989,531998.3445,172072.0957,"Libraries"
"Slade Centre Library ","","",NA,"Greenwich",NA,NA,"E09000011","Plumstead Common","E05014088",51.4788,0.08513,544893.5957,177599.1833,"Libraries"
"Highgate Library ","1 Shepherds Hill","",NA,"Haringey",NA,NA,"E09000014","Highgate","E05013592",51.57714,-0.14374,528724.0233,188106.9608,"Libraries"
"Cat and Mouse Library","","",NA,"Islington",NA,NA,"E09000019","Tufnell Park","E05013713",51.55279,-0.12496,530094.6783,185432.347,"Libraries"
"Shepherds Bush Library ","6 Wood Lane","",NA,"Hammersmith and Fulham",NA,NA,"E09000013","Shepherd's Bush Green","E05013748",51.5059,-0.22427,523336.5627,180046.2712,"Libraries"
"Greenhill","Perceval Square, College Road","",NA,"Harrow",NA,"10094044460","E09000015","Greenhill","E05013546",51.57948,-0.33585,515407.014,188046.8774,"Libraries"
"Uphall School Library","Uphall Road","Ilford",NA,"Redbridge",NA,"1e+11","E09000026","","",51.54746664,0.073761534,543775.0001,185266.0001,"Libraries"
"Artichoke","Artichoke Print Workshop","Unit S1","245a Coldharbour L","Lambeth","www.facebook.com/artichokeprintmaking/","2.00E+11","E09000022","Herne Hill & Loughborough Junction","E05014104",51.46471787,-0.102955985,531874.0118,175678.0013,"Makerspaces"
"Bainbridge Print","","1 Sydenham Place","Lansdowne Hille","Lambeth","www.bainbridgeprint.com","10008789269","E09000022","Knight's Hill","E05014106",51.43439246,-0.104528928,531852.0119,172303.0014,"Makerspaces"
"Bainbridge Print","Bainbridge Print","Units 7-9 Taplow House","Thurlow St","Southwark","www.bainbridgeprint.com","10090286107","E09000028","Faraday","E05011102",51.4879437,-0.086002326,532984.102,178291.3628,"Makerspaces"
"Black And White Basement","Black And White Basement","16 Blenheim Terrace"," St Johns Wood","Westminster","http://www.bwbasement.com","1.00E+11","E09000033","Abbey Road","E05013792",51.53521621,-0.182172022,526177.0122,183378.0035,"Makerspaces"
"Blackhorse Workshop","Blackhorse Workshop","1‚Äì2 Sutherland Rd Path","","Waltham Forest","www.blackhorseworkshop.co.uk/","10091186505","E09000031","Higham Hill","E05013892",51.59204955,-0.038737955,535955.0131,189955.0031,"Makerspaces"
"Building Bloqs","Building Bloqs Meridian Works","Meridian Works","Silver St","Enfield","buildingbloqs.wordpress.com/","207188012","E09000010","Town","E05013693",51.65451498,-0.079701642,532935.0112,196826.002,"Makerspaces"
"Camden Town Shed","Camden Town Shed","Maiden Lane Community Centre","156 St Paul‚Äôs Cr","Camden","www.camdentownshed.org/","5022268","E09000007","Camden Square","E05013654",51.54133776,-0.128815104,529860.0122,184152.0028,"Makerspaces"
"Ceramics Studio Co-Op","Ceramics Studio Co-Op","Unit 14 And 17, Block C","Juno Way","Lewisham","ceramicsstudio.coop","10095994920","E09000023","New Cross Gate","E05013728",51.48308312,-0.045605733,535803.0124,177825.0018,"Makerspaces"
"North Street Potters","4a Rectory Grove","Clapham","","Lambeth","www.northstreetpotters.com/","1.00E+11","E09000022","Clapham Town","E05014102",51.46819321,-0.139123731,529352.0117,176000.0018,"Makerspaces"
"Craft Central","The Forge","397-411 Westferry Road","","Tower Hamlets","www.craftcentral.org.uk","6653025","E09000030","Island Gardens","E05009324",51.48879392,-0.019150991,537622.5819,178509.4323,"Makerspaces"
"Create London - Old Manor Park Library","Old Manor Park Library","835 Romford Road","","Newham","www.createlondon.org","10008995499","E09000025","Manor Park","E05013916",51.55312932,0.053754443,542483.0121,185803.0022,"Makerspaces"
"Create Space London","Create Space London","80 Daws Lane","Mill Hill","Barnet","www.createspacelondon.org/","200160294","E09000003","Mill Hill","E05013645",51.61526637,-0.238795818,522035.5563,192183.8757,"Makerspaces"
"Create Space London","Create Space London","Former Willesden Green Police Station","","Brent","www.createspacelondon.org/","202086681","E09000005","Willesden Green","E05013517",51.54717167,-0.230689673,522780.0118,184625.0029,"Makerspaces"
"Creative Nature","Creative Nature","Tw08 Thames-Side Studios","Harrington Way","Greenwich","https://www.creativenature.info/","10010245468","E09000011","Charlton Village & Riverside","E05014075",51.49485065,0.044292164,542008.1329,179304.0328,"Makerspaces"
"East London Printmakers","East London Printmakers","129 Mare Street","","Hackney","www.eastlondonprintmakers.co.uk","1.00E+11","E09000012","London Fields","E05009381",51.53844286,-0.057553178,534810.0043,183959.0119,"Makerspaces"
"Fashion Workspace","Fashion Workspace","Kilburn Bridge House","69-71 Kilburn High","Brent","http://www.fashionworkspace.co.uk/our-space/","202191878","E09000005","Kilburn","E05013503",51.53741803,-0.193144235,525410.0122,183604.0025,"Makerspaces"
"Flux Studios","Flux Jewellery Centre Of Excellence","2f Vanguard Court","","Southwark","http://www.fluxstudios.org/membership.html","2.00E+11","E09000028","St Giles","E05011115",51.47249356,-0.081434253,533346.2511,176581.6129,"Makerspaces"
"Photofusion","17a Electric Lane","London","","Lambeth","www.photofusion.org","1.00E+11","E09000022","Brixton Windrush","E05014098",51.46187314,-0.113914086,531121.0107,175342.0013,"Makerspaces"
"Gipsy Hill Workshops","Gipsy Hill Workshops","14 Paddock Gardens","","Croydon","http://www.gipsyhillworkshops.co.uk/Creatives-in-Crystal-Palace.aspx","No UPRN","E09000008","Crystal Palace & Upper Norwood","E05011467",51.41938463,-0.081950703,533465.0118,170675.0054,"Makerspaces"
"Goldfinger Factory","Goldfinger Factory","Trellick Tower","13-15 Golborne Roa","Kensington and Chelsea","www.goldfingerfactory.com","217034922","E09000020","Golborne","E05009396",51.52366817,-0.205437435,524595.0125,182054.0031,"Makerspaces"
"Hired Woodwork Space (Hwws)","Unit 4 & 39 Drca Business Centre","Charlotte Despard Avenu","","Wandsworth","http://www.hirewoodworkspace.co.uk/index.cfm?sid=941&pid=13799","1.00E+11","E09000032","Battersea Park","E05014010",51.47405065,-0.152407067,528413.0121,176628.0024,"Makerspaces"
"Imperial College London","The Invention Rooms","68 Wood Lane","White City","Hammersmith and Fulham","https://www.imperial.ac.uk/white-city-campus/community/the-invention-rooms/","34126299","E09000013","College Park & Old Oak","E05013736",51.51352783,-0.225162991,523254.0091,180893.0002,"Makerspaces"
"Institute Of Making","Institute Of Making","Ucl","Malet Place","Camden","www.instituteofmaking.org.uk/","5148596","E09000007","Bloomsbury","E05013653",51.52357126,-0.132398065,529662.0113,182170.0028,"Makerspaces"
"Light Factory Workshops","Light Factory Workshops","6 Scrubs Lane","","Hammersmith and Fulham","http://www.lightfactoryworkshops.co.uk","34119028","E09000013","College Park & Old Oak","E05013736",51.53189092,-0.238304181,522293.0097,182912.9994,"Makerspaces"
"Lime Wharf","Lime Wharf","Lime Wharf","Vinter Street","Tower Hamlets","limewharf.org/","6021881","E09000030","St Peter's","E05009331",51.53470733,-0.056152615,534918.1698,183546.1889,"Makerspaces"
"London Art Workshop","London Art Workshop","Unit 19 Roxwell Trading Park","Argall Avenue","Waltham Forest","www.londonartworkshop.com/","2.00E+11","E09000031","Lea Bridge","E05013895",51.57091376,-0.037453264,536107.0112,187607.002,"Makerspaces"
"London Centre For Book Arts","London Centre For Book Arts","Unit 18, Ground Floor Britannia Works","Dace Road","Tower Hamlets","http://londonbookarts.tumblr.com/","6180045","E09000030","Bow East","E05009319",51.53778211,-0.022754214,537225.1719,183950.1336,"Makerspaces"
"London Fashion Studios","London Fashion Studios","1st Floor, Kilburn Bridge House","69-71 Kilburn High","Brent","http://www.londonfashionstudios.co.uk/","202079338","E09000005","Kilburn","E05013503",51.53740904,-0.193144591,525410.0122,183603.0022,"Makerspaces"
"London Sculpture Workshop","London Sculpture Workshop","Unit Zero","Harrington Way","Greenwich","http://londonsculptureworkshop.org/","10010245033","E09000011","Charlton Village & Riverside","E05014075",51.49434564,0.042593181,541891.7729,179244.5821,"Makerspaces"
"London Southwest Workshops Ltd","London Sculpture Workshop","Culvert Court","105 Culvert Road","Wandsworth","http://londonsouthwestworkshops.co.uk/","121031051","E09000032","Battersea Park","E05014010",51.47114226,-0.15616742,528160.0122,176298.0018,"Makerspaces"
"Made By Ore","Made By Ore","City Studios Unit 2","30a Borwick Avenue","Waltham Forest","http://madebyore.com/","10024418496","E09000031","William Morris","E05013902",51.58860521,-0.028520497,536673.0075,189591.0009,"Makerspaces"
"Main Yard Studios","Main Yard Studios","5 Argall Avenue","Walthamstow","Waltham Forest","https://mainyardstudios.co.uk/wimbledon/","10024423021","E09000031","Lea Bridge","E05013895",51.57032453,-0.040942099,535867.0113,187535.0018,"Makerspaces"
"Makerversity","Makerversity","Somerset House","Victoria Embankmen","Westminster","www.makerversity.co.uk/","1.00E+11","E09000033","St James's","E05013806",51.51102034,-0.117952415,530700.0119,180800.0022,"Makerspaces"
"Maze Hill Pottery","Maze Hill Pottery","The Old Ticket Office","Woodlands Park Roa","Greenwich","http://www.mazehillpottery.co.uk/","10010237788","E09000011","East Greenwich","E05014076",51.48289728,0.005857177,539376.7128,177901.0015,"Makerspaces"
"North London Darkroom","North London Darkroom","Unit 3d","Milmead Industrial","Haringey","http://www.londondarkroom.com","10003976077","E09000014","Tottenham Hale","E05013602",51.5915214,-0.05780374,534636.0133,189861.0017,"Makerspaces"
"Pangea Sculptors' Centre","Pangea Sculptors' Centre","133 Copeland Road","","Southwark","http://www.pangaeasculptorscentre.com/","10094745706","E09000028","Rye Lane","E05011113",51.4700081,-0.06573931,534443.5318,176333.9225,"Makerspaces"
"Parade Mews Pottery","Parade Mews Pottery","7 Parade Mews","Tulse Hill","Lambeth","www.parademewspottery.co.uk/","2.00E+11","E09000022","St Martin's","E05014109",51.43981813,-0.106937521,531669.0118,172902.0027,"Makerspaces"
"Photochats","Photochats","42-44 Brooksby's Walk","","Hackney","http://www.chatspalace.com","1.00E+11","E09000012","King's Park","E05009379",51.55026393,-0.042683326,535806.0078,185301.0029,"Makerspaces"
"Print Club London","Print Club London","Unit 3","10-28 Millers Aven","Hackney","http://printclublondon.com","1.00E+11","E09000012","Shacklewell","E05009382",51.55244302,-0.074462503,533596.452,185484.8234,"Makerspaces"
"Rapid Eye","Rapid Eye","79 Leonard Street","","Hackney","http://www.rapideye.uk.com","10008245856","E09000012","Hoxton East & Shoreditch","E05009377",51.52481964,-0.082698323,533106.0117,182398.0024,"Makerspaces"
"Rara","Rara","2 Grosvenor Way","","Hackney","www.r-a-r-a.com/","1.00E+11","E09000012","Lea Bridge","E05009380",51.56536464,-0.052539993,535078.0144,186962.004,"Makerspaces"
"Sonsoles Print Stuido","Sonsoles Print Stuido","Unit 11, Print Village","Chadwick Road","Southwark","http://sonsolesprintstudio.co.uk/studio-facilities/","10094746493","E09000028","Rye Lane","E05011113",51.46813197,-0.074090545,533869.0108,176110.0016,"Makerspaces"
"South London Makerspace","South London Maker Space","Bath Factory Estate","Norwood Road","Southwark","www.southlondonmakerspace.org/","2.00E+11","E09000028","Dulwich Village","E05011100",51.45159069,-0.100880656,532056.012,174222.0023,"Makerspaces"
"Sugarhouse Studios","Sugarhouse Studios","19 Collett Road","","Southwark","www.sugarhousestudios.co.uk/","10094085505","E09000028","North Bermondsey","E05011106",51.49619495,-0.06349997,534522.0119,179250.0019,"Makerspaces"
"Sustainable Workspaces","Sustainable Workspaces","29 Shand Street","","Southwark","https://www.sustainableworkspaces.co.uk/bridges/","10091908827","E09000028","London Bridge & West Bermondsey","E05011104",51.5028172,-0.081216113,533273.012,179953.9994,"Makerspaces"
"Thames Barrier Print Studio","Thames Barrier Print Studio","Thames Barrier Print Studio, Second F","Unit 4 Harrington ","Greenwich","http://www.thamesbarrier-printstudio.co.uk/","10010229620","E09000011","Charlton Village & Riverside","E05014075",51.49493929,0.043457944,541949.9529,179312.2721,"Makerspaces"
"The Camera Club","The Camera Club","16 Bowden Street","","Lambeth","www.thecameraclub.co.uk","1.00E+11","E09000022","Kennington","E05014105",51.48766563,-0.110646583,531274.0126,178216.0024,"Makerspaces"
"The Carpentry Club","The Carpentry Club","Oxford House","Derbyshire Street","Tower Hamlets","https://www.oxfordhouse.org.uk/the-carpentry-club-at-oxford-house/","6089004","E09000030","St Peter's","E05009331",51.52636805,-0.061484047,534573.0115,182609.0039,"Makerspaces"
"The Fashion Box","The Fashion Box","Unit 4","718-722 Seven Sist","Haringey","https://www.thefashionbox.co.uk/contact","1.00E+11","E09000014","Seven Sisters","E05013598",51.5804164,-0.078036318,533267.0128,188589.0017,"Makerspaces"
"The Remakery","4-20 Paulet Road","Loughborough Junction","","Lambeth","www.remakery.org/","10001110677","E09000022","Herne Hill & Loughborough Junction","E05014104",51.47054969,-0.099776622,532078.0228,176332.2254,"Makerspaces"
"The School Of Stuff","The School Of Stuff","73-75 Shacklewell Lane","","Hackney","www.theschoolofstuff.co.uk/","10008320329","E09000012","Shacklewell","E05009382",51.55274138,-0.071181865,533823.0123,185524.0021,"Makerspaces"
"Turning Earth Ceramics","Railway Arches 361-362","Whiston Road","","Hackney","http://turningearthceramics.co.uk","10008243885","E09000012","Haggerston","E05009375",51.53440706,-0.075648017,533567.0119,183477.0001,"Makerspaces"
"Turning Earth Ceramics","Top Floor","11 Argall Avenue","","Waltham Forest","http://turningearthceramics.co.uk","10093560472","E09000031","Lea Bridge","E05013895",51.57054799,-0.039244046,535984.0112,187563.0018,"Makerspaces"
"FabPub","22 Gossamer Gardens","","","Tower Hamlets","https://fab.pub/","6716703","E09000030","St Peter's","E05009331",51.532807,-0.058915983,534732.1356,183329.7689,"Makerspaces"
"WorkshopEast","SugarHouse Studios","19 Collett Road","","Southwark","https://www.workshopeast.co.uk/about","10094085505","E09000028","North Bermondsey","E05011106",51.496172,-0.063310937,534535.2004,179247.7971,"Makerspaces"
"Dome View Yard","269 Tunnel Avenue ","","","Greenwich","https://assemblestudio.co.uk/workspace/sugarhouse-studios","10010266827","E09000011","Greenwich Peninsula","E05014082",51.49845,0.000308581,538944.1521,179619.9221,"Makerspaces"
"London Hackspace","Ujima House","388 High Road","","Brent","https://london.hackspace.org.uk/ ","10091987448","E09000005","Wembley Hill","E05013515",51.553902,-0.28996936,518652.3961,185275.7588,"Makerspaces"
"E5 Process ","178a Glyn Road","","","Hackney","https://e5process.co.uk/","1.00E+11","E09000012","King's Park","E05009379",51.553213,-0.041141499,535904.1157,185631.8025,"Makerspaces"
"Peckham Levels","Level 1 To 6 Peckham Town Centre Car Park","95a Rye Lane","","Southwark","https://www.peckhamlevels.org/about","2.00E+11","E09000028","Rye Lane","E05011113",51.470741,-0.068232581,534268.2198,176410.8463,"Makerspaces"
"Glass Academy London","46B Stoneleigh Street","London","","Kensington and Chelsea","https://glassacademy.london/","217083545","E09000020","Notting Dale","E05009399",51.511278,-0.21625285,523878.3477,180657.8444,"Makerspaces"
"Masbro Centre","87 Masbro Rd","Hammersmith","","Hammersmith and Fulham","https://www.upg.org.uk/","34034846","E09000013","Brook Green","E05013735",51.500206,-0.21609445,523919.3648,179426.8821,"Makerspaces"
"Kingsgate Workshops","110 -116 Kingsgate Road","London","","Camden","https://www.kingsgateworkshops.org.uk/","5184848","E09000007","Kilburn","E05013665",51.544343,-0.19686082,525133.2787,184367.7178,"Makerspaces"
"The Goodlife Centre","49/55 Great Guildford Street","London","","Southwark","https://www.thegoodlifecentre.co.uk/","2.00E+11","E09000028","Borough & Bankside","E05011095",51.503057,-0.096606263,532204.2293,179952.778,"Makerspaces"
"SLAUGHTERHAUS","23 Alphabet Mews","London","","Lambeth","https://vincentsyard.co.uk/join-us/slaughterhaus-print-studio/","10090201031","E09000022","Stockwell East","E05014110",51.473872,-0.11416498,531069.2365,176675.8339,"Makerspaces"
"Jealous Studio","2A LUKE STREET","London","","Hackney","https://jealousgallery.com/pages/studio","1.00E+11","E09000012","Hoxton East & Shoreditch","E05009377",51.524194,-0.080848097,533236.1817,182331.7982,"Makerspaces"
"Richard Quinn Studio","Unit 6, Astbury Business Park Station Passage","Queens Road Peckham","","Southwark","www.richardquinnstudio.co.uk","2.00E+11","E09000028","Old Kent Road","E05011109",51.482424,-0.0541718,535210.2146,177735.8573,"Makerspaces"
"Richmond Makerlabs ","Little House","Ham Close","Ham","Richmond upon Thames","https://richmondmakerlabs.uk/","10094588041","E09000027","Ham, Petersham & Richmond Riverside","E05013777",51.437447,-0.3170403,517073.4742,172282.0121,"Makerspaces"
"3rd Rail Print Space","Unit 107, Peckham Levels","95a Rye Lane","London","Southwark","https://www.3rdrailprintspace.co.uk/","2.00E+11","E09000028","Rye Lane","E05011113",51.470741,-0.068232581,534268.2198,176410.8463,"Makerspaces"
"Oxford House","87 Derbyshire Street","","","Tower Hamlets","https://www.oxfordhouse.org.uk/","6089004","E09000030","St Peter's","E05009331",51.526367,-0.061510951,534571.1484,182608.8377,"Makerspaces"
"not/nowhere","Warton House, 150 High St","Stratford","","Newham","https://not-nowhere.org/","10093475501","E09000025","Stratford","E05013924",51.5346,-0.00683,538339.1189,183626.2247,"Makerspaces"
"Turning Earth Haringey","38 Crawley Rd","","","Haringey","https://www.turningearth.org/n22","10090478261","E09000014","West Green","E05013603",51.594909,-0.091786908,532272.2692,190175.6589,"Makerspaces"
"Batch Space ","Hackney Depot","5 Sheep Lane","","Hackney","https://www.batch.space/index.html","10008353302","E09000012","London Fields","E05009381",51.535491,-0.059133464,534709.1298,183627.8411,"Makerspaces"
"Out of Order Spaces","Unit 2—5, Burgess Business Park","Parkhouse Street","","Southwark","https://www.ooos.co.uk/available","2.00E+11","E09000028","St Giles","E05011115",51.480338,-0.086405387,532978.2224,177444.8752,"Makerspaces"
"Kindred Studios","13 Market Lane","Sheperds Bush","","Hammersmith and Fulham","https://www.kindredstudios.co.uk/studios","34164567","E09000013","Shepherd's Bush Green","E05013748",51.503473,-0.22637003,523197.3699,179772.8501,"Makerspaces"
"The Forge Space","59 Leather Lane","","","Camden","https://theforgespace.com","5143026","E09000007","Holborn & Covent Garden","E05013662",51.520708,-0.10988124,531232.2234,181891.7054,"Makerspaces"
"Limehouse Labs ","Limehouse Town Hall","646 Commercial Road","London","Tower Hamlets","https://www.limehouselabs.org/","10091898716","E09000030","Limehouse","E05009326",51.512107,-0.031433524,536700.1361,181078.8104,"Makerspaces"
"Everyone’s Warehouse ","47 Thames Road","","","Barking and Dagenham","https://www.everyoneswarehouse.co","100091530","E09000002","Barking Riverside","E05014055",51.525217,0.11382699,546737.1093,182817.8096,"Makerspaces"
"The Kiln Rooms","Unit 3, Copeland Park","133 Rye Lane","London","Southwark","http://www.thekilnrooms.com/","2.00E+11","E09000028","Rye Lane","E05011113",51.469999,-0.065772976,534441.2204,176332.8487,"Makerspaces"
"The Kiln Rooms","Railway Arch 198","Bellenden Road (rear of 85 Bellenden ","London","Southwark","http://www.thekilnrooms.com/","2.00E+11","E09000028","Rye Lane","E05011113",51.469239,-0.072543551,533973.2164,176235.9308,"Makerspaces"
"The Kiln Rooms","Unit 202, Level 2, Peckham Town Centre Carpark","95A Rye Lane","London","Southwark","http://www.thekilnrooms.com/","2.00E+11","E09000028","Rye Lane","E05011113",51.470741,-0.068232581,534268.2198,176410.8463,"Makerspaces"
"Make Town","2a Chatham Place","London","","Hackney","www.make.town","10008342934","E09000012","Homerton","E05009376",51.546937,-0.050901328,535246.1357,184915.8447,"Makerspaces"
"John Hinds Framing","Studio 10","3-5 Latona Road","","Southwark","http://www.johnhindsframing.com","10091666155","E09000028","Old Kent Road","E05011109",51.48143469,-0.069517234,534147.6495,177597.6235,"Making_and_manufacturing"
"Paye Stonework and Restoration Ltd","Stationmasters House","Mottingham Station Approach ","","Greenwich","https://paye.net/portfolio/","10010196896","E09000011","Mottingham, Coldharbour & New Eltham","E05014086",51.43933094,0.051949385,542712.6581,173145.1384,"Making_and_manufacturing"
"Matter SFX","20B Rigg Approach","","","Waltham Forest","http://www.mattersfx.com/","1.00023E+11","E09000031","Lea Bridge","E05013895",51.56686882,-0.037759488,536097.8498,187156.629,"Making_and_manufacturing"
"AB Fine Art Foundry","1 Fawe Street","","","Tower Hamlets","https://www.abfineart.com","6068859","E09000030","Lansbury","E05009325",51.51712858,-0.013976255,537896.261,181669.9197,"Making_and_manufacturing"
"J.D. McDougall Ltd","4 McGrath Road","","","Newham","http://www.mcdougall.co.uk/","46255499","E09000025","Forest Gate South","E05013912",51.54601463,0.014122057,539757.2738,184935.3662,"Making_and_manufacturing"
"Capital Models Limited","Studio 8, The Hangar","Perseverance Works,","38 Kingsland Road","Tower Hamlets","https://www.capitalmodels.co.uk","10008244014","E09000030","Weavers","E05009335",51.5276102,-0.076215457,533547.5442,182720.1316,"Making_and_manufacturing"
"Studio Meno Ltd","Napier Works","Napier Road","","Newham","https://www.studiomeno.com","10008994852","E09000025","Wall End","E05013926",51.53024383,0.063548175,543233.7199,183277.2401,"Making_and_manufacturing"
"Kemp London ","32 Shackwell Lane","","","Hackney","http://www.kemplondon.com/","1.00023E+11","E09000012","Dalston","E05009370",51.55035077,-0.071029366,533840.5886,185258.4414,"Making_and_manufacturing"
"James Hoyle and Son","48-50 Andrews Road","Cambridge Heath","","Tower Hamlets","http://www.jameshoyleandson.co.uk","10008299117","E09000030","St Peter's","E05009331",51.53382424,-0.056543454,534893.6745,183447.2646,"Making_and_manufacturing"
"The Holmes Wood Consultancy Limited","1 Monkwell Square","","","City of London","http://www.holmes-wood.com","2E+11","E09000001","Bassishaw","E05009290",51.51767422,-0.092970856,532414.155,181584.786,"Making_and_manufacturing"
"DeGross Design & Innovation","Office 17","11th Floor, Wembley Point","1 Harrow Road","Brent","https://www.degross.co.uk","202206446","E09000005","Stonebridge","E05013510",51.54410801,-0.272328803,519901.0563,184215.3507,"Making_and_manufacturing"
"Maison Henry Bertrand","13-15 Station Road","","","Barnet","https://www.maisonhenrybertrand.com","10093298811","E09000003","Finchley Church End","E05013639",51.59999267,-0.191458643,525354.7724,190565.4045,"Making_and_manufacturing"
"Furnells","Unit 5 Crusader Industrial Estate","167 Hermitage Road","","Haringey","https://www.furnells.com","10003976593","E09000014","Hermitage & Gardens","E05013591",51.57622742,-0.089852527,532460.498,188101.6938,"Making_and_manufacturing"
"Machine Shop Special Effects","180 Acton Lane","","","Ealing","http://www.machineshop.co.uk/contact/","202136775","E09000009","North Acton","E05013527",51.5335341,-0.259707946,520804.1635,183060.2269,"Making_and_manufacturing"
"PSB Vision ","4-6 Canfield Place","","","Camden","http://www.psbvision.com/lighting","5083630","E09000007","South Hampstead","E05013670",51.54644504,-0.179478325,526332.7363,184631.319,"Making_and_manufacturing"
"London Stone Carving","52 Ossory Road","","","Southwark","https://www.londonstonecarving.com","2.00003E+11","E09000028","Old Kent Road","E05011109",51.4830924,-0.069692091,534130.6488,177781.6398,"Making_and_manufacturing"
"Axion Furniture Makers","Unit 12 Elizabeth Trading Estate","Juno Way","","Lewisham","http://www.axionfurniture.co.uk","10093391211","E09000023","New Cross Gate","E05013728",51.48219844,-0.042894815,535993.8641,177731.6573,"Making_and_manufacturing"
"Purpose Powder Coatings","18 Manor Grove","","","Southwark","http://www.purposepowdercoatings.com/index.php","2.00003E+11","E09000028","Old Kent Road","E05011109",51.48157375,-0.053450904,535262.7824,177642.6416,"Making_and_manufacturing"
"Flux Metal","25 Hatcham Road","","","Southwark","http://fluxmetal.co.uk","10013524422","E09000028","Old Kent Road","E05011109",51.48186015,-0.053366686,535267.7828,177674.6446,"Making_and_manufacturing"
"Weber Industries","Studio 11G","90  Haymerle Road","","Southwark","https://weberindustries.com/","2.00003E+11","E09000028","Old Kent Road","E05011109",51.48198003,-0.068226639,534235.6605,177660.6301,"Making_and_manufacturing"
"Steeldeck","Unit 58 Marchant Estate","42-72 Verney Road","","Southwark","https://www.steeldeck.co.uk/","10000813686","E09000028","Old Kent Road","E05011109",51.48491421,-0.058019081,534935.7423,178005.6699,"Making_and_manufacturing"
"Jamm Print and Production Ltd","Commonwealth Buildings","1a Woolwich Church Street","","Greenwich","https://www.jamm.co.uk/index.shtml","10010244186","E09000011","Woolwich Dockyard","E05014094",51.49247685,0.049290201,542362.4509,179049.7702,"Making_and_manufacturing"
"Helix 3D Ltd","The Old Turbine Factory","138-140  Nathan Way","","Greenwich","https://helix3d.co.uk/","1.00023E+11","E09000011","Plumstead & Glyndon","E05014087",51.49446801,0.101439427,545976.0114,179373.8346,"Making_and_manufacturing"
"South London Foundry (Wrightson & Platt Ltd)","36-37 Brockley Cross Business Centre","96 Endwell Road","","Lewisham","https://www.southlondonfoundry.co.uk","10094267184","E09000023","Telegraph Hill","E05013732",51.46477466,-0.038413787,536356.9208,175802.4878,"Making_and_manufacturing"
"London Bronze Casting","Parkside Business Estate","Rolt Street","","Lewisham","http://www.londonbronzecasting.com","No UPRN","E09000023","Deptford","E05013719",51.48263867,-0.035875438,536479.9172,177793.67,"Making_and_manufacturing"
"Arch Bronze Ltd","Arch 23-24  Winthrope Road","","","Wandsworth","http://www.archbronze.com","121005781","E09000032","Thamesfield","E05014022",51.46185738,-0.208431397,524555.5624,175175.4382,"Making_and_manufacturing"
"Creatives Inc. (UK) Limited","11A Streatham Common South ","","","Lambeth","https://www.creativesinc.com","1.00022E+11","E09000022","Streatham Common & Vale","E05014112",51.41993954,-0.123462715,530577.1489,170661.9306,"Making_and_manufacturing"
"FBFX Limited","Unit 4 Vector Park","Forest Road","","Hounslow","https://www.fbfx.co.uk","10091689757","E09000018","Hanworth Park","E05013615",51.44030077,-0.400484116,511266.9641,172469.3866,"Making_and_manufacturing"
"Mistral Models","Long Lane Farm","Long Lane","","Hillingdon","http://mistralmodels.com","No UPRN","E09000017","Ickenham & South Harefield","E05013573",51.55559322,-0.4412505,508160.7657,185229.537,"Making_and_manufacturing"
"James Mansfield Timber","Unit F Uxbridge Depot","Eskdale Road Ind. Estate","","Hillingdon","http://www.jamesmansfieldtimber.co.uk","No UPRN","E09000017","Uxbridge","E05013580",51.53785474,-0.492561154,504644.3215,183182.2941,"Making_and_manufacturing"
"Adam Dawe Design Limited","33 St Charles Square","","","Kensington and Chelsea","http://www.adamdawedesign.co.uk","217080087","E09000020","St. Helen's","E05009404",51.51942594,-0.212631056,524107.5188,181570.0444,"Making_and_manufacturing"
"The Whitewall Company","The Old Cannon Factory","10A Europa Estate Fraser Road","","Bexley","http://thewhitewall.co.uk","1.00024E+11","E09000004","Erith","E05011225",51.48254702,0.172223312,550928.6596,178191.6915,"Making_and_manufacturing"
"The Mill","11-14 Windmill Street","","","Camden","www.themill.com","5110528","E09000007","Bloomsbury","E05013653",51.51813729,-0.132243965,529688.132,181566.0124,"Making_and_manufacturing"
"Fox Umbrellas Limited","240A Wickham Road","","","Croydon","https://www.foxumbrellas.com","1.00023E+11","E09000008","Shirley South","E05011483",51.37404183,-0.045744127,536116.7956,165699.4411,"Making_and_manufacturing"
"Othe Fabrications Ltd.","Studio 5","19 Warburton Road","","Hackney","https://otherfabrications.com/","10008343892","E09000012","London Fields","E05009381",51.539198,-0.057663472,534800.1282,184042.7813,"Making_and_manufacturing"
"Framework Framing","Art Hub Studios, First Floor","Building 28","Westminster Indust","Greenwich","http://www.frameworkframing.com/","1.00023E+11","E09000011","Charlton Village & Riverside","E05014075",51.494566,0.039885959,541703.1746,179263.8439,"Making_and_manufacturing"
"TDC Cordless Lighting (c/o The Classic Prop Hire Co L","International Trading Estate","Unit 8 Trident Way","London","Ealing","https://www.tdccordlesslighting.com/","12021676","E09000009","Southall Green","E05013538",51.49992,-0.40147296,511053.5843,179097.868,"Making_and_manufacturing"
"Store Street Framing ","31 Store Street","","","Camden","https://www.storestreetframing.co.uk/","5164279","E09000007","Bloomsbury","E05013653",51.519802,-0.13132377,529747.2434,181752.7597,"Making_and_manufacturing"
"SE1 Picture Frames","Alaska Buildings","61 Grange Road","","Southwark","http://se1pictureframes.co.uk/","2.00003E+11","E09000028","London Bridge & West Bermondsey","E05011104",51.49499,-0.077248832,533571.2174,179090.843,"Making_and_manufacturing"
"Swordfish Works","Studio 7 & 8, The Hangar","Perseverance Works","38 Kingsland Road","Hackney","https://swordfishworks.com/","No UPRN","E09000012","Hoxton East & Shoreditch","E05009377",51.52814,-0.07772,533441.6367,182776.3007,"Making_and_manufacturing"
"Cut and Construct","Unit 1 Imperial Works","Fountayne Road","","Haringey","http://cutandconstruct.com/","1.00023E+11","E09000014","South Tottenham","E05013599",51.584068,-0.06237603,534341.2629,189023.7371,"Making_and_manufacturing"
"CNC London","25 Gorst Road","Park Royal","","Ealing","https://www.cncserviceslondon.co.uk/","12117252","E09000009","North Acton","E05013527",51.527028,-0.2626919,520614.3953,182331.8102,"Making_and_manufacturing"
"Rule One Productions","Unit 4, Enterprise Park","10 Argall Way","","Waltham Forest","https://www.ruleoneproductions.com/","1.00023E+11","E09000031","Lea Bridge","E05013895",51.567974,-0.035485584,536252.1339,187283.7537,"Making_and_manufacturing"
"Aldworth James & Bond","Unit 305, 34-37","Parkside Business Estate","Rolt St","Lewisham","https://aldworthjamesandbond.co.uk/","No UPRN","E09000023","Evelyn","E05013721",51.48281,-0.03735,536377.0259,177809.9743,"Making_and_manufacturing"
"Jan Hendzel Studio","TB-01, Unit 8","Harrington Way","","Greenwich","https://www.janhendzel.com/","1.00024E+11","E09000011","Charlton Village & Riverside","E05014075",51.494823,0.043254124,541936.1669,179298.9455,"Making_and_manufacturing"
"Advanced Fabrications Ltd","Unit 4 Boston Business Park","Trumpers Way","London","Ealing","https://www.advancedfabrications.com/film-tv/","12001326","E09000009","Hanwell Broadway","E05013525",51.49966,-0.33938637,515363.4985,179164.9024,"Making_and_manufacturing"
"Made Up Ltd","Gardner Industrial Estate","18/19 Kent House Lane","Beckenham","Bromley","https://madeupltd.com/fabrications/","1.00024E+11","E09000006","Penge & Cator","E05014002",51.423289,-0.038057586,536505.1946,171189.9913,"Making_and_manufacturing"
"Artplinth / London Art Workshop","London Art Workshop","Unit 19 Roxwell Trading Park","Argall Avenue","Waltham Forest","www.londonartworkshop.com/","1.00024E+11","E09000031","Lea Bridge","E05013895",51.570912,-0.037480201,536105.1499,187606.7562,"Making_and_manufacturing"
"London Glassblowing ","62-66 Bermondsey Street",NA,NA,"Southwark","https://londonglassblowing.co.uk/","2.00003E+11","E09000028","London Bridge & West Bermondsey","E05011104",51.501615,-0.082574898,533182.2157,179817.841,"Making_and_manufacturing"
"Brett Manley Glass","18, Stewkley House","2 Wadsworth Rd"," Perivale","Ealing","https://www.brettmanley.co.uk/","12197963","E09000009","Perivale","E05013534",51.536201,-0.31765404,516778.4168,183262.8604,"Making_and_manufacturing"
"Angle Glass","Studio 20, West London Art Factory","153 Dukes Road",NA,"Ealing","https://angleglass.co.uk/r","12096649","E09000009","North Acton","E05013527",51.525619,-0.28302844,519207.4177,182141.8412,"Making_and_manufacturing"
"Sterling Studios","Unit D, Trading Estate Road","Western Trading Estate","London","Ealing","https://www.sterling-studios.com/","12010802","E09000009","North Acton","E05013527",51.525977,-0.26822434,520233.402,182205.8418,"Making_and_manufacturing"
"Coriander Glass","27 Kingston Road","Wimbledon","","Merton","https://www.corianderstainedglass.co.uk/","48039322","E09000024","Abbey","E05013810",51.415671,-0.19406193,525680.2862,170064.0073,"Making_and_manufacturing"
"Hands On Glass","Unit 11 Crusader Industrial Estate","Hermitage Road","","Haringey","http://www.handsonglass.co.uk/hands_on_glass/home.html","No UPRN","E09000014","Hermitage & Gardens","E05013591",51.57744,-0.09119,532364.3055,188234.1146,"Making_and_manufacturing"
"Jude Clark Studio, The London Stained Glass Company","4K Vanguard Court","Camberwell","London","Southwark","http://www.londonstainedglass.co.uk/","No UPRN","E09000028","St Giles","E05011115",51.47212,-0.08129,533357.3575,176540.3358,"Making_and_manufacturing"
"The Stained Glass Works","188 Archway Road","Highgate","","Haringey","www.thestainedglassworks.co.uk","1.00023E+11","E09000014","Highgate","E05013592",51.572955,-0.14027097,528976.2207,187647.6759,"Making_and_manufacturing"
"Lightlust Studio","Unit 16 Trinity Wharf Building","Harrington Way","","Greenwich","https://lightlust.co.uk/","No UPRN","E09000011","Charlton Village & Riverside","E05014075",51.49495,0.04418,542000.0385,179314.863,"Making_and_manufacturing"
"Metal Supermarkets","Units 10 & 11 Hanover West Industrial Estate","161 Acton Lane","Park Royal","Ealing","https://www.metalsupermarkets.co.uk/","12142674","E09000009","North Acton","E05013527",51.531967,-0.26406099,520506.392,182878.7908,"Making_and_manufacturing"
"Euro Sheet Metal","6 Aintree Road","London","","Ealing","https://www.eurosheetmetal.co.uk/","12078024","E09000009","Perivale","E05013534",51.537207,-0.3163048,516869.4138,183376.8834,"Making_and_manufacturing"
"Lasercut","12 Raymouth Road","London","","Southwark","http://lasercutworks.com/","2.00003E+11","E09000028","North Bermondsey","E05011106",51.491839,-0.058467112,534884.2008,178774.876,"Making_and_manufacturing"
"Surface Matter","29 Westgate Street","London","","Hackney","https://www.surfacematter.co.uk/","10008338161","E09000012","London Fields","E05009381",51.53747,-0.059193456,534699.1277,183847.8044,"Making_and_manufacturing"
"New North Press","45 Coronet Street","London","","Hackney","https://new-north-press.co.uk/","1.00023E+11","E09000012","Hoxton East & Shoreditch","E05009377",51.52707,-0.081851649,533158.1793,182649.7867,"Making_and_manufacturing"
"Cut Laser Cut","Workshop 1, Artichoke Mews","Artichoke Place","Camberwell","Southwark","https://cutlasercut.com/","2.00003E+11","E09000028","St Giles","E05011115",51.474212,-0.090708104,532697.2201,176755.8619,"Making_and_manufacturing"
"FabPub","22 Gossamer Gardens","","","Tower Hamlets","https://fab.pub/","6716703","E09000030","St Peter's","E05009331",51.532807,-0.058915983,534732.1356,183329.7689,"Making_and_manufacturing"
"The Crucible Foundry","Units15a&b","Parsons Green Depot","33-39 Parsons Gree","Hammersmith and Fulham","www.cruciblefoundry.com","34106929","E09000013","Walham Green","E05013749",51.476617,-0.19895683,525173.3443,176832.8586,"Making_and_manufacturing"
"TUCH Design Ltd","Parkshot House","5 Kew Road","","Richmond upon Thames","tuchdesign.com","10024346680","E09000027","South Richmond","E05013786",51.46372,-0.30246964,518018.4392,175227.0451,"Making_and_manufacturing"
"The Silver Building (Projekt)","60 Dock road, London E16 1YZ","","","Newham","http://thesilverbuilding.com","10008985422","E09000025","Royal Victoria","E05013923",51.504762,0.017112899,540091.1371,180353.824,"Making_and_manufacturing"
"Cockpit","Cockpit Yard, Northington Street, WC1N 2NP","","","Camden","https://cockpitstudios.org/contact/","5082549","E09000007","Holborn & Covent Garden","E05013662",51.521465,-0.11610588,530798.2273,181964.7511,"Making_and_manufacturing"
"FAB CUT DESIGN LTD","458 Rathgar Rd","Brixton","","Lambeth","https://www.fabcutdes.com/","1.00024E+11","E09000022","Herne Hill & Loughborough Junction","E05014104",51.466522,-0.1022447,531918.219,175879.9004,"Making_and_manufacturing"
"Made CNC","Unit 12 Leyton Studios"," 15 Argall Avenue","Leyton","Waltham Forest","https://www.madecnc.co.uk/","10024421357","E09000031","Lea Bridge","E05013895",51.570217,-0.041117679,535855.1646,187522.7186,"Making_and_manufacturing"
"Chop Chop Laser","Unit 9 Domeview Yard","269 Tunnel Avenue","","Greenwich","https://www.chopchoplaser.co.uk/","10010266827","E09000011","Greenwich Peninsula","E05014082",51.49845,0.000308581,538944.1521,179619.9221,"Making_and_manufacturing"
"SEW IT IN LONDON","Londoneast - UK Business & Technical park","Yew Tree Avenue","","Barking and Dagenham","www.sewitinlondon.co.uk","100102787","E09000002","Alibon","E05014054",51.546911,0.17031859,550584.0763,185344.8429,"Making_and_manufacturing"
"Museum of Croydon","Central Library","Croydon Clocktower","Katharine Street","Croydon","http://www.museumofcroydon.com/","1.00E+11","E09000008","Fairfield","E05011468",51.37138431,-0.097931813,532492.4014,165308.3352,"Museums_and_public_galleries"
"Museum of Writing","c/o Institute of English Studies","University of London Senate House","Malet Street","Camden","http://www.museumofwriting.co.uk/","5016035","E09000007","Bloomsbury","E05013653",51.52013303,-0.127116688,530038.1684,181797.0314,"Museums_and_public_galleries"
"The Foundling Museum","40 Brunswick Square",NA,NA,"Camden","http://www.foundlingmuseum.org.uk/","5002560","E09000007","King's Cross","E05013666",51.52475979,-0.12006408,530514.219,182324.0735,"Museums_and_public_galleries"
"Freud Museum","20 Maresfield Gardens",NA,NA,"Camden","https://www.freud.org.uk/","5012934","E09000007","Belsize","E05013652",51.54791475,-0.175669217,526592.764,184801.3325,"Museums_and_public_galleries"
"Keats House","10 Keats Grove","Hampstead",NA,"Camden","http://www.cityoflondon.gov.uk/keats","5015415","E09000007","Hampstead Town","E05013659",51.55506318,-0.166351857,527218.8354,185612.4092,"Museums_and_public_galleries"
"British Museum","Great Russell Street",NA,NA,"Camden","http://www.britishmuseum.org/","5027059","E09000007","Bloomsbury","E05013653",51.51846067,-0.124893237,530197.1877,181615.0128,"Museums_and_public_galleries"
"2 Willow Road","Hampstead",NA,NA,"Camden","https://www.nationaltrust.org.uk/2-willow-road","5032722","E09000007","Hampstead Town","E05013659",51.5566561,-0.167571832,527129.8261,185787.4288,"Museums_and_public_galleries"
"British Library","96 Euston Road London","NW1 2DBÂ ",NA,"Camden","http://www.bl.uk/","5037737","E09000007","King's Cross","E05013666",51.52947699,-0.125406634,530130.1731,182839.1238,"Museums_and_public_galleries"
"Burgh House and Hampstead Museum","New End Square","Hampstead",NA,"Camden","www.burghhouse.org.uk/","5067420","E09000007","Hampstead Town","E05013659",51.55767471,-0.173489583,526716.7827,185890.4426,"Museums_and_public_galleries"
"Royal College of Physicians of London Museum","Library Archive and Museum Services","11 St Andrews Place","Regentâ€™s Park","Camden","http://www.rcplondon.ac.uk/museum-and-garden","5069347","E09000007","Regent's Park","E05013668",51.52523946,-0.143400913,528894.038,182336.0881,"Museums_and_public_galleries"
"Jewish Museum, London","Raymond Burton Hs","129-131 Albert Street",NA,"Camden","http://www.jewishmuseum.org.uk/","5082327","E09000007","Camden Town","E05013655",51.53677278,-0.143061343,528885.0286,183619.2052,"Museums_and_public_galleries"
"Wellcome Collection","183 Euston Road",NA,NA,"Camden","http://www.wellcomecollection.org/","5083806","E09000007","Bloomsbury","E05013653",51.52538756,-0.132336523,529661.123,182372.0859,"Museums_and_public_galleries"
"Government Art Collection","Queen's Yard","179a Tottenham Court Rd",NA,"Camden","www.gac.culture.gov.uk/","5087928","E09000007","Bloomsbury","E05013653",51.52177882,-0.133320357,529603.119,181969.0495,"Museums_and_public_galleries"
"Fenton House and Garden","Hampstead Grove","Hampstead",NA,"Camden","https://www.nationaltrust.org.uk/fenton-house-and-garden","5126160","E09000007","Hampstead Town","E05013659",51.55840996,-0.178553228,526363.7461,185963.4528,"Museums_and_public_galleries"
"Sir John Soane's Museum","13 Lincolnâ€™s Inn Fields",NA,NA,"Camden","http://www.soane.org/","5137612","E09000007","Holborn & Covent Garden","E05013662",51.51648243,-0.115936351,530824.2595,181410.9889,"Museums_and_public_galleries"
"Grant Museum of Zoology and Comparative Anatomy, UCL","21 University Street",NA,NA,"Camden","https://www.ucl.ac.uk/culture/grant-museum-zoology","5157295","E09000007","Bloomsbury","E05013653",51.52311501,-0.133078286,529616.1195,182118.0634,"Museums_and_public_galleries"
"Petrie Museum of Egyptian Archaeology","University College London","Malet Place",NA,"Camden","http://www.culture24.org.uk/se000386","5157395","E09000007","Bloomsbury","E05013653",51.52353919,-0.130912785,529765.1357,182169.0669,"Museums_and_public_galleries"
"Geology (and Teaching & Research) Collections, UCL","Rock Room","Room 4, First Floor","South Wing","Camden","https://www.ucl.ac.uk/culture/geology-collection","5157402","E09000007","Bloomsbury","E05013653",51.52359052,-0.13187663,529698.1283,182173.0677,"Museums_and_public_galleries"
"UCL Art Museum","South Cloisters","UCL",NA,"Camden","http://www.ucl.ac.uk/museums/uclart","5157412","E09000007","Bloomsbury","E05013653",51.52399221,-0.131687181,529710.1293,182218.0714,"Museums_and_public_galleries"
"Crystal Palace Museum","Anerley Hill",NA,NA,"Bromley","www.crystalpalacemuseum.org.uk/","1.00E+11","E09000006","Crystal Palace & Anerley","E05013995",51.41925428,-0.075116344,533940.5738,170672.9786,"Museums_and_public_galleries"
"Ragged School Museum","46-50 Copperfield Road",NA,NA,"Tower Hamlets","http://www.raggedschoolmuseum.org.uk/","6048400","E09000030","Mile End","E05009327",51.51815155,-0.03407382,536498.868,181746.0406,"Museums_and_public_galleries"
"The Tower of London","St Katharine's & Wapping","London",NA,"Tower Hamlets","www.â€‹hrp.â€‹org.â€‹uk/â€‹TowerOfLondon/â€‹","6086565","E09000030","St Katharine's & Wapping","E05009330",51.50776272,-0.074659304,533713.5822,180515.9077,"Museums_and_public_galleries"
"Royal Armouries, Tower of London","HM Tower Of London","St Katharine's & Wapping",NA,"Tower Hamlets","https://royalarmouries.org/visit-us/tower-of-london","6086565","E09000030","St Katharine's & Wapping","E05009330",51.50776272,-0.074659304,533713.5822,180515.9077,"Museums_and_public_galleries"
"The Fusilier Museum London","HM Tower of London","35 Tower Hill","St Katharine's & W","Tower Hamlets","www.â€‹fusiliermuseumlondon.â€‹org","6086845","E09000030","St Katharine's & Wapping","E05009330",51.50788027,-0.073602252,533786.5896,180530.9114,"Museums_and_public_galleries"
"Museum of the Royal Pharmaceutical Society","66-68 E Smithfield",NA,"","Tower Hamlets","www.â€‹rpsgb.â€‹org/â€‹museum","6136082","E09000030","St Katharine's & Wapping","E05009330",51.50856685,-0.066684113,534264.6392,180619.9284,"Museums_and_public_galleries"
"Museum of London Docklands","No. 1 Warehouse","West India Quay",NA,"Tower Hamlets","http://www.museumoflondon.org.uk/docklands","6151122","E09000030","Canary Wharf","E05009323",51.5071062,-0.022241432,537352.9774,180539.9256,"Museums_and_public_galleries"
"Trades Union Congress (TUC) Library Collections","Special Collections  London Metropolitan Universit","Wash Houses","Old Castle Street","Tower Hamlets","http://www.londonmet.ac.uk/tuc","6151239","E09000030","Spitalfields & Banglatown","E05009333",51.51526246,-0.072411463,533847.5884,181353.9976,"Museums_and_public_galleries"
"Kelmscott Manor","26 Upper Mall","Hammersmith",NA,"Hammersmith and Fulham","http://www.culture24.org.uk/se000423","34008094","E09000013","Hammersmith Broadway","E05013741",51.49007025,-0.233934067,522708.3981,178269.7456,"Museums_and_public_galleries"
"Fulham Palace","Fulham Palace","Bishop's Ave","Fulham","Hammersmith and Fulham","www.fulhampalace.org/","34022825","E09000013","Palace & Hurlingham","E05013744",51.47003084,-0.213626422,524172.5335,176075.5248,"Museums_and_public_galleries"
"Wandle Industrial Museum","The Vestry Hall Annexe","London Road","Mitcham","Merton","http://www.wandle.org/","48083242","E09000024","Cricket Green","E05013813",51.4017516,-0.166466478,527637.8128,168563.8147,"Museums_and_public_galleries"
"Museum of Wimbledon","22 Ridgway","Wimbledon",NA,"Merton","http://www.wimbledonmuseum.org.uk/","48107954","E09000024","Village","E05013825",51.42283672,-0.215074838,524199.7653,170825.0536,"Museums_and_public_galleries"
"Wimbledon Lawn Tennis Museum","The All England Lawn Tennis Club","Church Road","Wimbledon","Merton","http://www.wimbledon.com/museum","48129052","E09000024","Village","E05013825",51.43320243,-0.212459281,524353.4992,171982.1564,"Museums_and_public_galleries"
"Barts Pathology Museum","3rd Floor","Robin Brook Centre  St Bartholomew's ","West Smithfield","City of London","www.qmul.ac.uk/pathologymuseum/","95512892","E09000001","Farringdon Without","E05009305",51.51713619,-0.099433593,531967.337,181513.2876,"Museums_and_public_galleries"
"St. Bartholomew's Hospital Museum","North Wing","St Bartholomewâ€™s Hospital","West Smithfield","City of London","https://www.bartshealth.nhs.uk/st-bartholomews-museum-and-archives","95512892","E09000001","Farringdon Without","E05009305",51.51713619,-0.099433593,531967.337,181513.2876,"Museums_and_public_galleries"
"Valence House Museum","Becontree Ave",NA,NA,"Barking and Dagenham","www.â€‹lbbd.â€‹gov.â€‹uk/â€‹heritage","100002560","E09000002","Valence","E05014069",51.55780231,0.135812252,548156.3576,186485.5668,"Museums_and_public_galleries"
"Dorich House Museum","Kingston University","67 Kingston Vale",NA,"Kingston upon Thames","https://www.dorichhousemuseum.org.uk/","128010892","E09000021","Coombe Hill","E05013932",51.4328253,-0.261523826,520944.1126,171858.1868,"Museums_and_public_galleries"
"Kingston Museum (and Heritage Service)","Wheatfield Way","Kingston upon Thames",NA,"Kingston upon Thames","http://www.kingston.gov.uk/museum","128019799","E09000021","Kingston Town","E05013938",51.40903476,-0.298723543,518419.9144,169151.8418,"Museums_and_public_galleries"
"The Stephens Collection","Avenue House","East End Road","Finchley","Barnet","http://www.london-northwest.com/sites/stephens","200035687","E09000003","Finchley Church End","E05013639",51.59610036,-0.192996205,525258.9904,190129.9265,"Museums_and_public_galleries"
"Royal Air Force Museum London (RAF)","Grahame Park Way","Hendon",NA,"Barnet","http://www.rafmuseum.org/","200049886","E09000003","Hendon","E05013643",51.59844565,-0.236591661,522233.2369,190316.9636,"Museums_and_public_galleries"
"Barnet Museum (and Local History Society)","31 Wood Street","Barnet","Hertfordshire","Barnet","www.barnetmuseum.co.uk","200128241","E09000003","High Barnet","E05013644",51.65238108,-0.200717589,524570.1103,196375.5141,"Museums_and_public_galleries"
"Museum of Domestic Design and Architecture","Middlesex University","9 Boulevard Drive","Beaufort Park","Barnet","http://www.culture24.org.uk/se000059","200141133","E09000003","Colindale South","E05013633",51.59561416,-0.240340162,521981.1995,189995.8336,"Museums_and_public_galleries"
"Brent Museum and Archives","Willesden Library Centre","95 High Rd",NA,"Brent","https://www.brent.gov.uk/museum","202149110","E09000005","Brondesbury Park","E05013498",51.54614396,-0.22734961,523014.3652,184516.3249,"Museums_and_public_galleries"
"The Clockmakers' Museum","Exhibition Road","Kensington",NA,"Kensington and Chelsea","http://www.clockmakers.org/","217031151","E09000020","Brompton & Hans Town","E05009389",51.49678399,-0.174916546,526786.8366,179116.7984,"Museums_and_public_galleries"
"Leighton House Museum","12 Holland Park Road",NA,NA,"Kensington and Chelsea","http://http/www.rbkc.gov.uk/subsites/museums.aspx","217039506","E09000020","Abingdon","E05009388",51.49807644,-0.201521502,524936.6333,179214.8192,"Museums_and_public_galleries"
"Design Museum","224-238 Kensington High Street (Holland Park)",NA,NA,"Kensington and Chelsea","http://designmuseum.org/","217044656","E09000020","Campden","E05009390",51.49936312,-0.198585083,525136.9238,179362.9115,"Museums_and_public_galleries"
"Kensington Palace (State Apartments and Royal Ceremon","Kensington Palace/Palace Green",NA,NA,"Kensington and Chelsea","http://www.hrp.org.uk%0Bwww.kensingtonpalace@hrp.org.uk/","217064431","E09000020","Campden","E05009390",51.50468832,-0.18644659,525964.7383,179975.8844,"Museums_and_public_galleries"
"National Army Museum","Royal Hospital Road","Chelsea",NA,"Kensington and Chelsea","http://www.nam.ac.uk/","217075883","E09000020","Royal Hospital","E05009403",51.48571566,-0.158760019,527939.2362,177914.0669,"Museums_and_public_galleries"
"RIBA Drawings and Archives Collections","Victoria and Albert Museum","Cromwell Road","Knightsbridge","Kensington and Chelsea","https://www.architecture.com/about/riba-library-and-collections","217108016","E09000020","Brompton & Hans Town","E05009389",51.49639021,-0.170521415,527093.0004,179080.6241,"Museums_and_public_galleries"
"Natural History Museum","Cromwell Road",NA,NA,"Kensington and Chelsea","http://www.nhm.ac.uk/","217108017","E09000020","Brompton & Hans Town","E05009389",51.49605236,-0.175291575,526762.8348,179034.7912,"Museums_and_public_galleries"
"Carlyle's House","24 Cheyne Row",NA,NA,"Kensington and Chelsea","https://www.nationaltrust.org.uk/carlyles-house","217110505","E09000020","Chelsea Riverside","E05009391",51.48361945,-0.168124823,527294.8913,177664.6544,"Museums_and_public_galleries"
"The Science Museum","Exhibition Rd","Kensington",NA,"Kensington and Chelsea","https://www.sciencemuseum.org.uk/","217118723","E09000020","Brompton & Hans Town","E05009389",51.49678399,-0.174916546,526786.8366,179116.7984,"Museums_and_public_galleries"
"Victoria and Albert Museum","Cromwell Road","South Kensington",NA,"Kensington and Chelsea","http://www.vam.ac.uk/","217119925","E09000020","Brompton & Hans Town","E05009389",51.49643156,-0.170623933,527085.7696,179085.0444,"Museums_and_public_galleries"
"The Estorick Collection of Modern Italian Art","39A Canonbury Square",NA,NA,"Islington","www.â€‹estorickcollection.â€‹com","5300016244","E09000019","Laycock","E05013708",51.54336953,-0.098988883,531922.3576,184431.2792,"Museums_and_public_galleries"
"John WesleyÊ¼s House and The Museum of Methodism","Wesley's Chapel","49 City Road",NA,"Islington","http://www.culture24.org.uk/se000445","5300019876","E09000019","Bunhill","E05013699",51.52307582,-0.085460513,532919.4835,182199.0655,"Museums_and_public_galleries"
"Wesleyâ€™s Chapel, Museum of Methodism and John Wesle","49 City Road",NA,NA,"Islington","http://www.wesleychapel.org.uk/","5300019879","E09000019","Bunhill","E05013699",51.52325609,-0.084933935,532955.4871,182220.0685,"Museums_and_public_galleries"
"London Canal Museum","12/13 New Wharf Road","Kingâ€™s Cross",NA,"Islington","http://www.canalmuseum.org.uk/","5300066428","E09000019","Caledonian","E05013700",51.53371372,-0.118714556,530582.2212,183322.1623,"Museums_and_public_galleries"
"Museum of the Order of St John","St Johnâ€™s Gate","26 St John's Ln",NA,"Islington","http://www.museumstjohn.org.uk/","5300085644","E09000019","Bunhill","E05013699",51.52141165,-0.100927156,531851.3712,181986.0312,"Museums_and_public_galleries"
"Whitehall Historic House","1 Malden Road","Cheam","Surrey","Sutton","https://whitehallmuseum.wordpress.com/","5870019263","E09000029","Cheam","E05013758",51.35885564,-0.215642786,524333.4071,163709.2684,"Museums_and_public_galleries"
"Honeywood Museum","Honeywood Walk","Carshalton","Surrey","Sutton","http://www.friendsofhoneywood.co.uk/","5870115967","E09000029","Carshalton Central","E05013756",51.36460606,-0.163496882,527947.8484,164438.3386,"Museums_and_public_galleries"
"Tate Modern","Bankside",NA,NA,"Southwark","http://www.tate.org.uk/modern","10000813334","E09000028","Borough & Bankside","E05011095",51.50710595,-0.097789441,532110.4095,180400.8869,"Museums_and_public_galleries"
"Fashion and Textile Museum","83 Bermondsey Street",NA,NA,"Southwark","http://www.ftmlondon.org/","10000818830","E09000028","London Bridge & West Bermondsey","E05011104",51.50066771,-0.080203629,533349.551,179716.8198,"Museums_and_public_galleries"
"Musical Museum","399 High St","Brentford",NA,"Hounslow","https://www.musicalmuseum.co.uk/","10001271544","E09000018","Chiswick Riverside","E05013611",51.48739874,-0.291568435,518714.2611,177877.7613,"Museums_and_public_galleries"
"Hampton Court Palace","Molesey","East Molesey",NA,"Richmond upon Thames","https://www.hrp.org.uk/hampton-court-palace/","10002266633","E09000027","Hampton","E05013778",51.40333861,-0.336075749,515836.6121,168458.7886,"Museums_and_public_galleries"
"Kew Palace","Royal Botanic Gardens Kew","Richmond",NA,"Richmond upon Thames","https://www.hrp.org.uk/kew-palace/","10002266941","E09000027","Kew","E05013782",51.48476211,-0.289611457,518856.9723,177587.7387,"Museums_and_public_galleries"
"Strawberry Hill House","268 Waldegrave Rd","Twickenham",NA,"Richmond upon Thames","http://www.strawberryhillhouse.org.uk/","10002267260","E09000027","South Twickenham","E05013787",51.43770637,-0.333172189,515951.6376,172285.2114,"Museums_and_public_galleries"
"Heath Robinson Museum","Pinner Memorial Park","West End Lane","Pinner","Harrow","www.heathrobinsonmuseum.org","10002293329","E09000015","Pinner South","E05013556",51.59197479,-0.385111771,511963.149,189359.7765,"Museums_and_public_galleries"
"Headstone Manor & Museum","Headstone Manor","Pinner View","Â Harrow","Harrow","http://www.harrow.gov.uk/info/200070/museums_and_galleries/190/harrow_museum","10002293456","E09000015","Headstone","E05013550",51.59396486,-0.353505542,514147.4368,189629.9386,"Museums_and_public_galleries"
"Hackney Museum","1 Reading Lane",NA,NA,"Hackney","http://www.hackney.gov.uk/cm-museum.htm","10008313143","E09000012","Homerton","E05009376",51.54397082,-0.054481199,535006.6997,184579.3952,"Museums_and_public_galleries"
"House Mill","Three Mill Lane","Bromley-by-Bow",NA,"Newham",NA,"10008997232","E09000025","Stratford","E05013924",51.52689584,-0.005984978,538421.0758,182771.1126,"Museums_and_public_galleries"
"Royal Museums Greenwich","National Maritime Museum","Greenwich",NA,"Greenwich","http://www.rmg.co.uk/","10010231322","E09000011","Greenwich Park","E05014081",51.48063722,-0.002131999,538828.8675,177634.5231,"Museums_and_public_galleries"
"Eltham Palace","Court Yard",NA,NA,"Greenwich","http://www.english-heritage.org.uk/elthampalace","10010235842","E09000011","Eltham Town & Avery Hill","E05014079",51.44646434,0.049538845,542522.9353,173933.6759,"Museums_and_public_galleries"
"National Maritime Museum","Romney Road",NA,NA,"Greenwich","http://www.rmg.co.uk/national-maritime-museum#","10010243516","E09000011","Greenwich Park","E05014081",51.48042509,-0.003622409,538726.0229,177608.1127,"Museums_and_public_galleries"
"Charterhouse","Sutton's Hospital","Charterhouse Square",NA,"Islington","http://www.thecharterhouse.org/","10023218636","E09000019","Bunhill","E05013699",51.52080505,-0.098458374,532024.3911,181923.0233,"Museums_and_public_galleries"
"Cinema Museum","The Masterâ€™s House, The Old Lambeth Workhouse","2 Dugard Way","Kennington","Lambeth","http://www.rmg.co.uk/cuttysark","10023852579","E09000022","Kennington","E05014105",51.49176679,-0.103585874,531752.3806,178684.7282,"Museums_and_public_galleries"
"Michael Faraday Museum at the Royal Institution","The Royal Institution","21 Albemarle Street",NA,"Westminster","http://www.rigb.org/","10033528771","E09000033","West End","E05013808",51.50943533,-0.14097368,529107.0773,180582.923,"Museums_and_public_galleries"
"Tate Britain","Millbank",NA,NA,"Westminster","http://www.tate.org.uk/britain","10033538284","E09000033","Vincent Square","E05013807",51.49035804,-0.125600103,530228.2143,178488.7184,"Museums_and_public_galleries"
"The Society of Antiquaries of London - Burlington Hou","Burlington House","Piccadilly","Mayfair","Westminster","www.â€‹sal.â€‹org.â€‹uk","10033541032","E09000033","St James's","E05013806",51.50822168,-0.138169461,529305.1003,180452.9098,"Museums_and_public_galleries"
"Royal Academy of Arts","Burlington House","Piccadilly",NA,"Westminster","http://www.royalacademy.org.uk/","10033541035","E09000033","St James's","E05013806",51.50858766,-0.137996003,529316.1011,180493.9134,"Museums_and_public_galleries"
"Marylebone Cricket Club Museum","Lordâ€™s Ground",NA,NA,"Westminster","http://www.lords.org/","10033543781","E09000033","Regent's Park","E05013805",51.52803681,-0.171475242,526938.8217,182598.1247,"Museums_and_public_galleries"
"The Courtauld Gallery","Somerset House","Strand",NA,"Westminster","http://www.courtauld.ac.uk/gallery","10033544134","E09000033","St James's","E05013806",51.51050867,-0.116370226,530811.2628,180745.9282,"Museums_and_public_galleries"
"Household Cavalry Museum","Horseguards Parade","Whitehall",NA,"Westminster","http://www.culture24.org.uk/se000447","10033545888","E09000033","St James's","E05013806",51.50446986,-0.125655069,530184.2005,180057.8677,"Museums_and_public_galleries"
"Royal Academy of Music Museum","1â€“5 York Gate","Marylebone Road",NA,"Westminster","http://www.ram.ac.uk/museum","10033546476","E09000033","Marylebone","E05013801",51.52299939,-0.150758163,528389.985,182074.0668,"Museums_and_public_galleries"
"Guards Museum","Wellington Barracks","Birdcage Walk",NA,"Westminster","http://www.theguardsmuseum.com/","10033547407","E09000033","St James's","E05013806",51.4990968,-0.136697005,529433.1236,179440.8138,"Museums_and_public_galleries"
"Banqueting House Whitehall","Whitehall",NA,NA,"Westminster","www.hrp.org.uk","10033549112","E09000033","St James's","E05013806",51.50402625,-0.124347466,530276.211,180010.8623,"Museums_and_public_galleries"
"Imperial College Healthcare Charity Art Collection at","Ground Floor","Clarence Memorial Wing St Mary's Hosp","Praed Street","Westminster",NA,"10033554476","E09000033","Hyde Park","E05013796",51.51688486,-0.172051702,526929.8317,181357.0082,"Museums_and_public_galleries"
"The Wallace Collection","Hertford House","Manchester Square",NA,"Westminster","http://www.wallacecollection.org/","10033582984","E09000033","Marylebone","E05013801",51.51665878,-0.151317737,528368.989,181368.0007,"Museums_and_public_galleries"
"British Optical Association Museum","The College of Optometrists","41-42 Craven St",NA,"Westminster","https://www.college-optometrists.org/the-college/museum.html","10033590012","E09000033","St James's","E05013806",51.50733274,-0.123773966,530306.5808,180379.5669,"Museums_and_public_galleries"
"Anaesthetesia Heritage Centre","21 Portland Pl","Marylebone",NA,"Westminster","https://www.aagbi.org/education/heritage-centre/anaesthesia-museum","10033598850","E09000033","West End","E05013808",51.51888307,-0.143529719,528903.0451,181629.0223,"Museums_and_public_galleries"
"Museum of the Royal Philatelic Society London","Royal Philatelic Society London","41 Devonshire Place","Marylebone","Westminster","http://www.rpsl.org.uk/","10033629406","E09000033","Marylebone","E05013801",51.52096728,-0.14850506,528552.0046,181852.0452,"Museums_and_public_galleries"
"Churchill War Rooms","Clive Steps","King Charles Street",NA,"Westminster","http://iwm.org.uk/","10033636263","E09000033","St James's","E05013806",51.50166677,-0.127796465,530043.568,179742.3584,"Museums_and_public_galleries"
"Havering Museum","19-21 High St","Romford",NA,"Havering","www.haveringmuseum.org.uk/","10070706838","E09000016","St Edward's","E05013983",51.5774139,0.181204103,551237.6788,188759.115,"Museums_and_public_galleries"
"Marble Hill House","Richmond Rd","Twickenham",NA,"Richmond upon Thames","http://www.culture24.org.uk/se000472","10070709920","E09000027","Twickenham Riverside","E05013789",51.44900128,-0.311746658,517411.7528,173575.3794,"Museums_and_public_galleries"
"Museum of Richmond","Old Town Hall","Whittaker Avenue","Richmond","Richmond upon Thames","www.â€‹museumofrichmond.â€‹com","10070710719","E09000027","South Richmond","E05013786",51.45830224,-0.305011527,517855.8088,174620.4858,"Museums_and_public_galleries"
"World Rugby Museum","Twickenham Stadium","Rugby Road","Twickenham","Richmond upon Thames","http://www.rfu.com/museum","10070721329","E09000027","St Margarets & North Twickenham","E05013785",51.4547979,-0.33915697,515492.5723,174176.4415,"Museums_and_public_galleries"
"Bentley Priory Museum","Mansion House Drive Stanmore",NA,NA,"Harrow","www.bentleypriory.org","10091091981","E09000015","Stanmore","E05013560",51.62601154,-0.331493386,515590.6756,193228.2319,"Museums_and_public_galleries"
"Black Cultural Archives","1 Windrush Square",NA,NA,"Lambeth","www.bcaheritage.org.uk","10091118537","E09000022","Brixton Windrush","E05014098",51.45999969,-0.11299205,531190.4264,175135.3246,"Museums_and_public_galleries"
"Redbridge Museum","Redbridge Central Library","Clements Road","lford","Redbridge","redbridgefirstworldwar.org.uk","10091799736","E09000026","Clementswood","E05011240",51.55755549,0.076933039,544075.866,186340.5691,"Museums_and_public_galleries"
"Horniman Museum and Gardens","100 London Road","Forest Hill",NA,"Lewisham","http://www.horniman.ac.uk/","10091839078","E09000023","Forest Hill","E05013722",51.44061193,-0.059150882,534987.7277,173077.218,"Museums_and_public_galleries"
"Library and Museum of Freemasonry","Freemasons' Hall","60 Great Queen Street",NA,"Camden","http://www.freemasonry.london.museum/","10091860258","E09000007","Holborn & Covent Garden","E05013662",51.51465144,-0.119529012,530580.2338,181200.9714,"Museums_and_public_galleries"
"Crossness Engines","The Old Works. Thames Water S.T.W.","Bazalgette Way","Abbey Wood","Bexley","http://www.crossness.org.uk/","10091915267","E09000004","Thamesmead East","E05011232",51.50529066,0.13561791,548313.2433,180645.9768,"Museums_and_public_galleries"
"National Portrait Gallery","St Martinâ€™s Place",NA,NA,"Westminster","http://www.npg.org.uk/","1.00E+11","E09000033","St James's","E05013806",51.50888716,-0.126871767,530087.1851,180546.9142,"Museums_and_public_galleries"
"Hunterian Museum at the Royal College of Surgeons","Royal College of Surgeons","35-43 Lincolnâ€™s Inn Fields",NA,"Westminster","http://www.medicalmuseums.org/","10091945440","E09000033","St James's","E05013806",51.51477419,-0.114291539,530943.274,181223.9705,"Museums_and_public_galleries"
"Anatomy and Pathology Museum","35-43 Lincoln's Inn Fields",NA,NA,"Westminster","https://www.rcseng.ac.uk/","10091945440","E09000033","St James's","E05013806",51.51477419,-0.114291539,530943.274,181223.9705,"Museums_and_public_galleries"
"Kenwood House (known as the Iveagh Bequest)","Hampstead Ln","Highgate",NA,"Camden","http://www.culture24.org.uk/mw387","10091954503","E09000007","Highgate","E05013661",51.57082353,-0.166020721,527197.8458,187365.6024,"Museums_and_public_galleries"
"Hall Place and Gardens","Bourne Road","Bexley","Kent","Bexley","https://www.hallplace.org.uk/","1.00E+11","E09000004","Crayford","E05011222",51.44750903,0.16186577,550324.6212,174274.2463,"Museums_and_public_galleries"
"Museum of the Home","136 Kingsland Road","London",NA,"Hackney","http://www.geffrye-museum.org.uk/","1.00E+11","E09000012","Haggerston","E05009375",51.53104717,-0.074657422,533645.5502,183105.1774,"Museums_and_public_galleries"
"Ham House and Garden","Ham House and Garden","Ham St","Richmond-upon-Tham","Richmond upon Thames","https://www.nationaltrust.org.uk/ham-house-and-garden","1.00E+11","E09000027","Ham, Petersham & Richmond Riverside","E05013777",51.4431649,-0.314897784,517207.7422,172921.2992,"Museums_and_public_galleries"
"Orleans House Gallery","Riverside","Twickenham",NA,"Richmond upon Thames","http://www.richmond.gov.uk/arts","1.00E+11","E09000027","Twickenham Riverside","E05013789",51.44681783,-0.317512279,517016.7186,173323.3481,"Museums_and_public_galleries"
"romley Historic Collections (at Bromley Central Libra","Â High St","Bromley",NA,"Bromley",NA,"1.00E+11","E09000006","Bromley Town","E05013991",51.40324078,0.016066784,540329.3874,169062.757,"Museums_and_public_galleries"
"Bethlem Museum of the Mind","Bethlem Royal Hospital","Monks Orchard Road",NA,"Bromley","http://museumofthemind.org.uk/","1.00E+11","E09000006","Kelsey & Eden Park","E05013999",51.38039353,-0.028155004,537321.9031,166438.461,"Museums_and_public_galleries"
"Dr. Johnson's House","17 Gough Square",NA,NA,"City of London","http://www.drjohnsonshouse.org/","1.00E+11","E09000001","Castle Baynard","E05009297",51.51452396,-0.106575808,531479.3341,181209.9645,"Museums_and_public_galleries"
"Walthamstow Pumphouse Museum","10 S Access Rd","Walthamstow",NA,"Waltham Forest","http://e17pumphouse.org.uk/","1.00E+11","E09000031","St James","E05013899",51.57620829,-0.033171337,536387.8999,188203.7301,"Museums_and_public_galleries"
"Vestry House Museum","Vestry Road",NA,NA,"Waltham Forest","http://www.walthamforest.gov.uk/vestry-house","1.00E+11","E09000031","Hoe Street","E05013893",51.58350852,-0.011143846,537892.0644,189056.8269,"Museums_and_public_galleries"
" Sutton House and Breaker's Yard","2 & 4 Homerton High St",NA,NA,"Hackney","www.â€‹nationaltrust.â€‹org.â€‹uk/â€‹sutton-â€‹house","1.00E+11","E09000012","Homerton","E05009376",51.54797778,-0.048814315,535387.7472,185035.4346,"Museums_and_public_galleries"
"The Garden Museum","5 Lambeth Palace Rd","Lambeth",NA,"Lambeth","www.â€‹gardenmuseum.â€‹org.â€‹uk","1.00E+11","E09000022","Waterloo & South Bank","E05014118",51.49453609,-0.118613722,530701.2667,178965.7618,"Museums_and_public_galleries"
"Ranger's House","Chesterfield Walk","Lewisham",NA,"Greenwich","http://www.english-heritage.org.uk/visit/places/rangers-house-the-wernher-collection/","1.00E+11","E09000011","Greenwich Park","E05014081",51.47289476,-1.71e-05,538999.2545,176777.5753,"Museums_and_public_galleries"
"Fan Museum","12 Crooms Hill",NA,NA,"Greenwich","https://www.thefanmuseum.org.uk/","1.00E+11","E09000011","Greenwich Park","E05014081",51.47846443,-0.006612863,538524.3178,177384.4334,"Museums_and_public_galleries"
"The Old Royal Naval College","King William Walk","Greenwich",NA,"Greenwich","www.â€‹ornc.â€‹org","1.00E+11","E09000011","Greenwich Park","E05014081",51.48245234,-0.004804325,538637.8057,177831.3052,"Museums_and_public_galleries"
"Royal College of Music Museum of Instruments","Prince Consort Rd","Kensington",NA,"Westminster","www.â€‹rcm.â€‹ac.â€‹uk/â€‹visit/â€‹museum/â€‹","1.00E+11","E09000033","Knightsbridge & Belgravia","E05013797",51.49876874,-0.175312754,526753.831,179336.82,"Museums_and_public_galleries"
"The London Museum of Water and Steam","Green Dragon Lane","Brentford",NA,"Hounslow","www.â€‹waterandsteam.â€‹org.â€‹uk","1.00E+11","E09000018","Chiswick Riverside","E05013611",51.48854503,-0.288952709,518892.881,178009.4701,"Museums_and_public_galleries"
"Hillingdon Local Studies, Archives and Museum","Central Library","14-16 High Street","Uxbridge","Hillingdon","https://www.hillingdon.gov.uk/history","1.00E+11","E09000017","Uxbridge","E05013580",51.54468289,-0.47672958,505726.4508,183964.381,"Museums_and_public_galleries"
"National Gallery","Trafalgar Square",NA,NA,"Westminster","http://www.nationalgallery.org.uk/","1.00E+11","E09000033","St James's","E05013806",51.50858667,-0.126076999,530143.1916,180514.9111,"Museums_and_public_galleries"
"Benjamin Franklin House","36 Craven Street",NA,NA,"Westminster","http://www.benjaminfranklinhouse.org/","1.00E+11","E09000033","St James's","E05013806",51.50713046,-0.123312015,530339.2146,180357.895,"Museums_and_public_galleries"
"British Dental Association Museum","64 Wimpole St","Marylebone",NA,"Westminster","https://bda.org/museum","1.00E+11","E09000033","Marylebone","E05013801",51.51806617,-0.147037043,528662.0196,181532.0152,"Museums_and_public_galleries"
"Hogarth House","25 Hartington Road",NA,NA,"Hounslow","http://www.hounslow.info/arts-culture/historic-houses-museums/hogarth-house/#","1.00E+11","E09000018","Chiswick Homefields","E05013610",51.48650733,-0.25341912,521365.1717,177841.1027,"Museums_and_public_galleries"
" Bruce Castle Museum & Archives","Bruce Castle Museum","Lordship Lane",NA,"Haringey","http://www.haringey.gov.uk/leisure/brucecastlemuseum","1.00E+11","E09000014","Bruce Castle","E05013587",51.59864748,-0.073849803,533503.6779,190624.0134,"Museums_and_public_galleries"
"Down House","Down House","Luxted Road","Â Downe","Bromley","www.english-heritage.org.uk/darwin/","1.00E+11","E09000006","Darwin","E05013996",51.33089928,0.055057521,543266.5068,161093.6913,"Museums_and_public_galleries"
"Museum of London","150 London Wall",NA,NA,"City of London","http://www.museumoflondon.org.uk/london-wall/#","2.00E+11","E09000001","Bassishaw","E05009290",51.51728697,-0.094482179,532310.4243,181538.9905,"Museums_and_public_galleries"
"Barbican Art Gallery","Level 3","Barbican Centre","Silk Street","City of London","http://www.barbican.org.uk/artgallery","2.00E+11","E09000001","Cripplegate","E05009302",51.51944948,-0.092517837,532440.4365,181783.0158,"Museums_and_public_galleries"
"British Red Cross Museum and Archives","UK Office 44 Moorfields",NA,NA,"City of London","http://www.redcross.org.uk/museumandarchives","2.00E+11","E09000001","Coleman Street","E05009299",51.51858074,-0.087065249,532821.2374,181696.2928,"Museums_and_public_galleries"
"Guildhall Art Gallery and London's Roman Amphitheatre","Guildhall Art Gallery Cultural and Visitor Develop",NA,NA,"City of London","http://www.guildhallartgallery.cityoflondon.gov.uk/","2.00E+11","E09000001","Coleman Street","E05009299",51.51505639,-0.09004913,532624.4597,181298.971,"Museums_and_public_galleries"
"Hayward Gallery","Southbank Centre","Belvedere Road",NA,"Lambeth","http://ticketing.southbankcentre.co.uk/venues/hayward-gallery#","2.00E+11","E09000022","Waterloo & South Bank","E05014118",51.50562082,-0.113862479,530999.2883,180206.877,"Museums_and_public_galleries"
"Florence Nightingale Museum","St. Thomas Hospital","2 Lambeth Palace Road",NA,"Lambeth","http://www.florence-nightingale.co.uk/","2.00E+11","E09000022","Waterloo & South Bank","E05014118",51.49953929,-0.115424879,530908.2844,179527.8141,"Museums_and_public_galleries"
"The View (Epping Forest Collection)","6 Rangers Road","","Chingford","Waltham Forest","www.cityoflondon.gov.uk/things-to-do/green-spaces/epping-forest/Pages/default.aspx","2.00E+11","E09000031","Chingford Green","E05013885",51.63389537,0.019126479,539834.4036,194717.532,"Museums_and_public_galleries"
"William Morris Gallery","Lloyd Park House","531 Forest Rd","Walthamstow","Waltham Forest","http://wmgallery.org.uk/","2.00E+11","E09000031","William Morris","E05013902",51.59079662,-0.018781165,537341.034,189852.9379,"Museums_and_public_galleries"
"Cutty Sark","King William Walk","Greenwich",NA,"Greenwich","http://www.rmg.co.uk/cuttysark","2.00E+11","E09000011","Greenwich Park","E05014081",51.48229651,-0.007899992,538423.3348,177808.1263,"Museums_and_public_galleries"
"HMS Belfast","Uxbridge","Middlesex",NA,"Southwark","http://iwm.org.uk/","2.00E+11","E09000028","London Bridge & West Bermondsey","E05011104",51.50607879,-0.07987744,533356.3966,180319.1307,"Museums_and_public_galleries"
"Imperial War Museum London","Lambeth Rd",NA,NA,"Southwark","http://london.iwm.org.uk/","2.00E+11","E09000028","St George's","E05011114",51.49549623,-0.106744975,531522.3553,179093.769,"Museums_and_public_galleries"
"The Old Operating Theater Museum and Herb Garret","9A St Thomasâ€™ Street",NA,NA,"Southwark","http://www.oldoperatingtheatre.com/","2.00E+11","E09000028","London Bridge & West Bermondsey","E05011104",51.50449961,-0.086844633,532877.4967,180130.8567,"Museums_and_public_galleries"
"Brunel Museum","Brunel Engine House","Railway Avenue","Rotherhithe","Southwark","www.brunel-museum.org.uk/","2.00E+11","E09000028","Rotherhithe","E05011112",51.50108215,-0.051351513,535350.7656,179815.8463,"Museums_and_public_galleries"
"Dulwich Picture Gallery","Gallery Road","Dulwich Village",NA,"Southwark","http://www.dulwichpicturegallery.org.uk/","2.00E+11","E09000028","Dulwich Village","E05011100",51.4454594,-0.084837608,533188.5015,173569.2424,"Museums_and_public_galleries"
"Osterley Park and House","Jersey Road","Isleworth",NA,"Hounslow","https://www.nationaltrust.org.uk/osterley-park-and-house?p=1356312744250","2.00E+11","E09000018","Osterley & Spring Grove","E05013626",51.48898096,-0.350182958,514640.9053,177960.4169,"Museums_and_public_galleries"
"Gunnersbury Park Museum","Gunnersbury Park","Popes Ln",NA,"Hounslow","www.hounslow.info â€º Arts & Culture â€º Historic Houses & Museums","2.00E+11","E09000018","Chiswick Gunnersbury","E05013609",51.49903389,-0.284755866,519156.9035,179182.6781,"Museums_and_public_galleries"
"The Cartoon Museum","63 Wells Street","Fitzrovnia","W1A 3AE","Westminster","https://www.cartoonmuseum.org/","10033643787","E09000033","West End","E05013808",51.517581,-0.13865023,529245.2533,181492.829,"Museums_and_public_galleries"
"Quentin Blake Centre for Illustration ","Rear of, 28 Amwell St","","","Islington","https://www.qbcentre.org.uk/","No UPRN found","E09000019","Clerkenwell","E05013702",51.52836,-0.10994,531206.1586,182742.507,"Museums_and_public_galleries"
"Photographer's Gallery","16-18 Ramillies Street","London","W1F 7LW","Westminster","https://thephotographersgallery.org.uk/","10033542105","E09000033","West End","E05013808",51.514925,-0.13904674,529225.2587,181196.7789,"Museums_and_public_galleries"
"Whitechapel Gallery","77-82 Whitechapel High Street","London","E17QX","Tower Hamlets","https://www.whitechapelgallery.org/","6011122","E09000030","Spitalfields & Banglatown","E05009333",51.516172,-0.07038992,533985.1773,181458.8395,"Museums_and_public_galleries"
"Camera Museum","44 Museum Street","London","WC1A 1LY","Camden","https://www.cameramuseum.uk/museum-gallery","5110142","E09000007","Bloomsbury","E05013653",51.517682,-0.125256,530174.2396,181527.7792,"Museums_and_public_galleries"
"The Postal Museum","15-20 Phoenix Place","London","WC1X 0DA","Camden","https://www.postalmuseum.org/","5191953","E09000007","Holborn & Covent Garden","E05013662",51.52476,-0.11408144,530929.2212,182334.7735,"Museums_and_public_galleries"
"Museum of Funeral History","	29-31 Rosebery Avenue","London","EC1R 4SL","Islington","https://www.dignityfunerals.co.uk/funeral-directors/locations/england/london/clerkenwell/29---31-roseber","5300079668","E09000019","Clerkenwell","E05013702",51.524095,-0.11132672,531122.2196,182265.7528,"Museums_and_public_galleries"
"Antique Breadboard Museum","17 Lifford Street","London","SW15 1NY","Wandsworth","https://antiquebreadboards.com/","1.00E+11","E09000032","Thamesfield","E05014022",51.463695,-0.21839674,523858.3635,175362.906,"Museums_and_public_galleries"
"London Mithraeum","12 Walbrook","London","EC4N 8AA","City of London","https://www.londonmithraeum.com/","95514174","E09000001","Cordwainer","E05009300",51.512711,-0.090813816,532578.2115,181036.7768,"Museums_and_public_galleries"
"Turner's House","40 Sandycoombe Road","Twickenham","TW1 2LR","Richmond upon Thames","https://turnershouse.org/","1.00E+11","E09000027","Twickenham Riverside","E05013789",51.45381,-0.31622272,517088.4431,174102.9731,"Museums_and_public_galleries"
"Eel Pie Island Museum","1-3 Richmond Road","Twickenham","TW1 3AB","Richmond upon Thames","https://www.eelpiemuseum.co.uk/","1.00E+11","E09000027","Twickenham Riverside","E05013789",51.448361,-0.3256336,516448.4725,173482.0218,"Museums_and_public_galleries"
"Vagina Museum","18 Victoria Park Square","Chalk Farm Road","E2 9PF","Tower Hamlets","https://www.vaginamuseum.co.uk/","See notes","E09000030","Bethnal Green","E05009317",51.52876,-0.05318,535141.9325,182890.3113,"Museums_and_public_galleries"
"Swendeborg Society Museum","20-21 Bloomsbury Way","London","WC1A 2TH","Camden","https://www.swedenborg.org.uk/","5088225","E09000007","Bloomsbury","E05013653",51.518012,-0.12286419,530339.2383,181568.7286,"Museums_and_public_galleries"
"Biggin Hill Memorial Museum","Main Road","Kent","TN16 3EJ","Bromley","https://bhmm.org.uk/","10070018882","E09000006","Biggin Hill","E05013989",51.327177,0.02357799,541085.0099,160618.8371,"Museums_and_public_galleries"
"Stanley Picker Gallery","Kingston School of Art","Grange Road
Kingston upon Thames","KT1 2QJ","Kingston upon Thames","https://www.stanleypickergallery.org/","128036412","E09000021","Kingston Town","E05013938",51.40501,-0.29828949,518460.4861,168704.9847,"Museums_and_public_galleries"
"Studio Voltaire","1A Nelsons Row","London","SW4 7JR","Lambeth","https://www.studiovoltaire.org/","1.00E+11","E09000022","Clapham East","E05014100",51.462095,-0.13461766,529682.236,175329.8335,"Museums_and_public_galleries"
"South London Gallery","65-67 Peckham Rd","London","SE5 8UH","Southwark","https://www.southlondongallery.org/","2.00E+11","E09000028","St Giles","E05011115",51.474285,-0.079775561,533456.22,176783.841,"Museums_and_public_galleries"
"Matt's Gallery","92 Webster Road","London","SE16 4DF","Southwark","https://www.mattsgallery.org/","2.00E+11","E09000028","North Bermondsey","E05011106",51.495482,-0.062864801,534568.1987,179171.8881,"Museums_and_public_galleries"
"Lake Gallery (Southwark Park Galleries","1 Park Approach, Southwark Park","London","SE16 2UA","Southwark","https://southwarkparkgalleries.org/","10000811264","E09000028","Rotherhithe","E05011112",51.494147,-0.053931951,535192.1915,179039.8886,"Museums_and_public_galleries"
"Dilston Gallery (Southwark Park Gallery)","Southwark Park Rd","London","SE16 2DD","Southwark","https://southwarkparkgalleries.org/","2.00E+11","E09000028","North Bermondsey","E05011106",51.491814,-0.054290569,535174.1987,178779.7975,"Museums_and_public_galleries"
"Nunnery Gallery","181 Bow Rd","Bow","E3 2SJ","Tower Hamlets","https://bowarts.org/nunnery","6128627","E09000030","Bow East","E05009319",51.52892,-0.017877042,537590.0933,182973.8021,"Museums_and_public_galleries"
"Auto Italia","44 Bonner Road","London","E2 9JS","Tower Hamlets","https://autoitaliasoutheast.org/","6169839","E09000030","St Peter's","E05009331",51.532367,-0.052446491,535182.1271,183292.7758,"Museums_and_public_galleries"
"Peer UK","97-99 Hoxton Street","London","N1 6QL","Hackney","https://www.peeruk.org/","1.00E+11","E09000012","Hoxton East & Shoreditch","E05009377",51.529808,-0.080496648,533244.175,182956.724,"Museums_and_public_galleries"
"Autograph","Rivington Place","London","EC2A 3BA","Hackney","https://autograph.org.uk/","1.00E+11","E09000012","Hoxton East & Shoreditch","E05009377",51.526446,-0.079455921,533326.1773,182584.7603,"Museums_and_public_galleries"
"New Contemporaries","Rich Mix","35-47 Bethnal Green Road","E1 6LA","Tower Hamlets","https://www.newcontemporaries.org.uk/","6150258","E09000030","Weavers","E05009335",51.524358,-0.073301807,533759.1701,182363.8052,"Museums_and_public_galleries"
"SPACE Ilford","10 Oakfield Road","Ilford","IG1 1ZJ","Redbridge","https://spacestudios.org.uk/visit-space-ilford/","10094819396","E09000026","Ilford Town","E05011246",51.558472,0.074540907,543907.1609,186437.7799,"Museums_and_public_galleries"
"Gasworks","155 Vauxhall Street","London","SE11 5RH","Lambeth","https://gasworks.org.uk/","1.00E+11","E09000022","Oval","E05014108",51.485134,-0.11545759,530947.2607,177925.8748,"Museums_and_public_galleries"
"Institute of International Visual Arts","Stuart Hall Library","16 John Islip Street","SW1P 4JU","Westminster","https://iniva.org/library/","10033569512","E09000033","Vincent Square","E05013807",51.490553,-0.12926452,529973.2766,178503.8918,"Museums_and_public_galleries"
"Cubitt Artists","8 Angel Mews","London","N1 9HH","Islington","https://www.cubittartists.org.uk/","10012791474","E09000019","Barnsbury","E05013698",51.532348,-0.10787081,531338.2085,183189.6861,"Museums_and_public_galleries"
"Institute of Contemporary Arts","The Mall, St. James's",", London ","SW1Y 5AHWestminste","Westminster","https://www.ica.art/","1.00E+11","E09000033","St James's","E05013806",51.506388,-0.13092159,529813.2614,180261.821,"Museums_and_public_galleries"
"Serpentine South Gallery","Kensington Gardens","London","W2 3XA","Westminster","https://www.serpentinegalleries.org/","10033534401","E09000033","Lancaster Gate","E05013798",51.504789,-0.17500755,526758.3139,180006.8102,"Museums_and_public_galleries"
"Serpentine North Gallery","West Carriage Drive","London","W2 2AR","Westminster","https://www.serpentinegalleries.org/","See notes","E09000033","Lancaster Gate","E05013798",51.50704,-0.1713,527009.3547,180263.5463,"Museums_and_public_galleries"
"The Showroom","63 Penfold Street","London","NW8 8PQ","Westminster","https://www.theshowroom.org/","1.00E+11","E09000033","Church Street","E05013794",51.52345,-0.17280564,526859.2848,182085.7575,"Museums_and_public_galleries"
"Camden Art Centre","Arkwright Road","London","NW3 6DG","Camden","https://camdenartcentre.org/","5090703","E09000007","Frognal","E05013657",51.55125,-0.18349077,526041.2607,185158.7291,"Museums_and_public_galleries"
"LUX","Dartmouth Park Hill","London","N19 5JF","Camden","https://lux.org.uk/","5143559","E09000007","Highgate","E05013661",51.568341,-0.14305657,528796.2214,187129.6762,"Museums_and_public_galleries"
"180 The Strand","Temple","London","WC2R 1EA","Westminster","https://www.180thestrand.com/","1.00E+11","E09000033","St James's","E05013806",51.512421,-0.11510992,530893.2349,180960.832,"Museums_and_public_galleries"
"Cabinet Gallery","132 Tyers Street","Vauxhall Pleasure Gardens","SE11 5HS","Lambeth","https://www.cabinet.uk.com/","10093057125","E09000022","Vauxhall","E05014117",51.487618,-0.11950352,530659.2656,178194.876,"Museums_and_public_galleries"
"Goldsmiths Centre for Contemporary Art","St James’, New Cross","London","SE14 6AD","Lewisham","https://goldsmithscca.art/","1.00E+11","E09000023","Brockley","E05013716",51.474144,-0.035401153,536538.2101,176849.958,"Museums_and_public_galleries"
"Mall Galleries","The Mall","London","SW1Y 5AS","Westminster","https://www.mallgalleries.org.uk/","1.00E+11","E09000033","St James's","E05013806",51.506709,-0.13017355,529864.2597,180298.8424,"Museums_and_public_galleries"
"hARTslane","17 Harts Lane","New Cross Gate","SE14 5UP","Lewisham","https://www.hartslane.org/","10023231445","E09000023","New Cross Gate","E05013728",51.475565,-0.042943472,536010.2151,176993.9366,"Museums_and_public_galleries"
"Candid Arts Centre","3 Torrens Street","London","EC1V 1NQ","Islington","https://candidarts.wordpress.com/","5300092107","E09000019","St Peter's & Canalside","E05013711",51.532151,-0.10512514,531529.2047,183172.7095,"Museums_and_public_galleries"
"Lewisham Arthouse","140 Lewisham Way","London","SE14 6PD","Lewisham","http://www.lewishamarthouse.org.uk/","1.00E+11","E09000023","Brockley","E05013716",51.471483,-0.030634187,536877.2105,176562.957,"Museums_and_public_galleries"
"Saatchi Gallery","Duke of York's HQ, King's Road","London","SW3 4RY","Kensington and Chelsea","https://www.saatchigallery.com/","217110596","E09000020","Royal Hospital","E05009403",51.490723,-0.15880202,527922.3129,178470.8163,"Museums_and_public_galleries"
"White Cube Bermondsey","144 – 152 Bermondsey Street ","London","SE1 3TQ","Southwark","https://whitecube.com/","2.00E+11","E09000028","London Bridge & West Bermondsey","E05011104",51.499449,-0.082680195,533181.2198,179576.7906,"Museums_and_public_galleries"
"White Cube Mason's Yard","25-26 Masons Yard, St. James's","London","SW1Y 6BU","Westminster","https://whitecube.com/","10033550744","E09000033","St James's","E05013806",51.507612,-0.13718321,529375.2656,180386.854,"Museums_and_public_galleries"
"Bankside Gallery","48 Hopton Street","London","SE1 9JH","Southwark","https://www.banksidegallery.com/","2.00E+11","E09000028","Borough & Bankside","E05011095",51.508191,-0.10096046,531887.2265,180515.8309,"Museums_and_public_galleries"
"Jerwood Space","171 Union Street","London","SE1 0LN","Southwark","https://jerwoodarts.org/","2.00E+11","E09000028","Borough & Bankside","E05011095",51.50362,-0.099118829,532028.2292,180010.8527,"Museums_and_public_galleries"
"Islington Museum","245 St John Street","London","EC1V 4NB","Islington","https://www.islington.gov.uk/libraries-arts-and-heritage/heritage/islington-museum","5300084848","E09000019","Clerkenwell","E05013702",51.526486,-0.10455305,531585.2096,182543.7834,"Museums_and_public_galleries"
"The Mosaic Rooms","226 Cromwell Road","","SW5 0SW","Kensington and Chelsea","https://mosaicrooms.org/","See notes","E09000020","Abingdon","E05009388",51.49487,-0.19535,525373.7856,178868.799,"Museums_and_public_galleries"
"Arts Council Collection","Southbank Centre","Belvedere Road","SE1 8XX","Lambeth","https://artscouncilcollection.org.uk","No UPRN found","E09000022","Waterloo & South Bank","E05014118",51.50608,-0.1163,530828.8176,180253.5822,"Museums_and_public_galleries"
"Emery Walker's House","7 Hammersmith Terrace","London","W6 9TS ?","Hammersmith and Fulham","https://www.emerywalker.org.uk/","34007395","E09000013","Ravenscourt","E05013746",51.48983,-0.24244193,522118.4126,178228.8209,"Museums_and_public_galleries"
"Queen's House","Romney Road","London","SE10 9NF","Greenwich","https://www.rmg.co.uk/queens-house","1.00E+11","E09000011","Greenwich Park","E05014081",51.481337,-0.004487344,538663.1984,177707.8798,"Museums_and_public_galleries"
"Royal Observatory Greenwich","Blackheath Avenue","London","SE10 8XJ","Greenwich","https://www.rmg.co.uk/royal-observatory","10010200750","E09000011","Greenwich Park","E05014081",51.477346,-0.000888495,538925.214,177270.898,"Museums_and_public_galleries"
"Chiswick House & Gardens","Burlington Lane","London","W4 2RP","Hounslow","https://chiswickhouseandgardens.org.uk/","2.00E+11","E09000018","Chiswick Homefields","E05013610",51.48376,-0.25866216,521008.4254,177526.934,"Museums_and_public_galleries"
"Museum of Brands","111 – 117 Lancaster Road","Notting Hill","W11 1QT","Kensington and Chelsea","https://museumofbrands.com/","See notes","E09000020","Notting Dale","E05009399",51.5163,-0.21102,524227.7911,181225.1639,"Museums_and_public_galleries"
"Pitzhanger Manor & Gallery","Mattock Lane","London","W5 5EQ","Ealing","https://www.pitzhanger.org.uk/","12141314","E09000009","Walpole","E05013541",51.510907,-0.3071148,517574.4521,180466.9043,"Museums_and_public_galleries"
"Garden Museum","5 Lambeth Palace Road","London","SE1 7LB","Lambeth","https://gardenmuseum.org.uk/","1.00E+11","E09000022","Waterloo & South Bank","E05014118",51.495048,-0.12022058,530588.2664,179019.8213,"Museums_and_public_galleries"
"Spencer House","27 St James’s Place","London","SW1A 1NR","Westminster","https://spencerhouse.co.uk/","10033571672","E09000033","St James's","E05013806",51.505151,-0.1402519,529169.2746,180107.773,"Museums_and_public_galleries"
"Apsley House (The Wellington Collection)","149 Piccadilly","Hyde Park Corner","W1J 7NT","Westminster","https://www.wellingtoncollection.co.uk/","1.00E+11","E09000033","West End","E05013808",51.50341,-0.15186432,528368.2907,179893.7607,"Museums_and_public_galleries"
"Syon House & Gardens","Syon Park","Brentford","TW8 8JF","Hounslow","https://www.syonpark.co.uk/","No UPRN found","E09000018","Syon & Brentford Lock","E05013627",51.4768,-0.31249,517288.9104,176665.4983,"Museums_and_public_galleries"
"Westminster Abbey Library","East Cloister","London","SW1P 3PA","Westminster","https://www.westminster-abbey.org/about-the-abbey/library-research/library-collection","1.00E+11","E09000033","St James's","E05013806",51.499003,-0.12742012,530077.2693,179446.813,"Museums_and_public_galleries"
"Lambeth Palace Library","15 Lambeth Palace Road","London","SE1 7JT","Lambeth","https://lambethpalacelibrary.org/","10094053854","E09000022","Waterloo & South Bank","E05014118",51.497656,-0.1185717,530695.2619,179312.7728,"Museums_and_public_galleries"
"HQS Wellington","Temple Stairs, Victoria Embakment","London","WC2R 2PN","Westminster","https://www.thewellingtontrust.org/","1.00E+11","E09000033","St James's","E05013806",51.510633,-0.11241675,531085.235,180766.821,"Museums_and_public_galleries"
"The Chocolate Museum","187 Ferndale Rd","London",NA,"Lambeth","https://www.thechocolatemuseum.co.uk/","2.00E+11","E09000022","Brixton North","E05014096",51.463925,-0.11630269,530949.2213,175565.8968,"Museums_and_public_galleries"
"Van Gogh House London","87 Hackford Road","London",NA,"Lambeth","https://vangoghhouse.co.uk/","1.00E+11","E09000022","Stockwell East","E05014110",51.474509,-0.11517551,530997.2382,176744.8625,"Museums_and_public_galleries"
"Stour Gallery","258 Kingsland road","London",NA,"Hackney","https://www.stourgalleries.co.uk/","1.00E+11","E09000012","Haggerston","E05009375",51.537312,-0.07631648,533512.1535,183798.8185,"Museums_and_public_galleries"
"Madame Tussauds","Marylebone Rd","London",NA,"Westminster","https://www.madametussauds.com/london/","1.00E+11","E09000033","Regent's Park","E05013805",51.522965,-0.15505127,528092.266,182062.7257,"Museums_and_public_galleries"
"The Sherlock Holmes Museum","221b Baker St","London",NA,"Westminster","https://www.sherlock-holmes.co.uk/","1.00E+11","E09000033","Regent's Park","E05013805",51.523749,-0.15858017,527845.2688,182143.7421,"Museums_and_public_galleries"
"San Mei Gallery","39a Loughborough Road",NA,NA,"Lambeth","https://www.sanmeigallery.co.uk/","10094054829","E09000022","Myatt's Fields","E05014107",51.470868,-0.10854377,531468.2266,176351.8552,"Museums_and_public_galleries"
"Vigo Gallery","7-8 Masons Yard","St. James's",NA,"Westminster","https://www.vigogallery.com/","10033538227","E09000033","St James's","E05013806",51.507811,-0.13730475,529366.268,180408.7684,"Museums_and_public_galleries"
"Thaddeus Ropac","Ely House","37 Dover Street",NA,"Westminster","https://ropac.net/","1.00E+11","E09000033","West End","E05013808",51.508497,-0.14253664,529001.2713,180475.8261,"Museums_and_public_galleries"
"The Stone  Space","6 Church Lane","Leytonstone",NA,"Waltham Forest","www.stonespace.gallery","1.00E+11","E09000031","Leytonstone","E05013897",51.568201,0.010583682,539444.1144,187395.7761,"Museums_and_public_galleries"
"Chelsea Physic Garden","66 Royal Hospital Road","Chelsea",NA,"Kensington and Chelsea","https://www.chelseaphysicgarden.co.uk/","217102618","E09000020","Royal Hospital","E05009403",51.484858,-0.16268225,527669.3181,177811.8523,"Museums_and_public_galleries"
"London Transport Museum","The Piazza ","London",NA,"Westminster","https://www.ltmuseum.co.uk/","10033620581","E09000033","St James's","E05013806",51.512123,-0.12124717,530468.2441,180916.7456,"Museums_and_public_galleries"
"Charles Dickens Museum","48-49 Doughty St","London",NA,"Camden","https://dickensmuseum.com/","10092001640","E09000007","Holborn & Covent Garden","E05013662",51.523599,-0.11626288,530781.2244,182201.7727,"Museums_and_public_galleries"
"The Mill @ Coppermill","7-11 Coppermill Lane","Walthamstow",NA,"Waltham Forest","www.themille17.org","1.00E+11","E09000031","St James","E05013899",51.581733,-0.034430334,536284.1714,188815.7485,"Museums_and_public_galleries"
"Guildhall Art Gallery","Basinghall St","London",NA,"City of London","http://cityoflondon.gov.uk/guildhallartgallery","2.00E+11","E09000001","Bassishaw","E05009290",51.515566,-0.091660082,532511.2102,181352.7227,"Museums_and_public_galleries"
"The Arab British Centre","1 Gough Sqaure, EC4A 3DE","","","City of London","https://www.arabbritishcentre.org.uk","1.00E+11","E09000001","Castle Baynard","E05009297",51.51514,-0.10807957,531373.2264,181275.7706,"Museums_and_public_galleries"
"Oxford House in Bethnal Green","Derbyshire Street, London E2 6HG","","","Tower Hamlets","https://www.oxfordhouse.org.uk","6089004","E09000030","St Peter's","E05009331",51.526367,-0.061510951,534571.1484,182608.8377,"Museums_and_public_galleries"
"Rosetta Arts","1 HAMILTON RD, LONDON E15 3AE","","","Newham","https://rosettaarts.org","46034253","E09000025","Canning Town North","E05013906",51.524916,0.007076147,539333.0971,182575.7346,"Museums_and_public_galleries"
"JW3","341-351 Finchley Road, London, NW3 6ET","","","Camden","https://www.jw3.org.uk","5164899","E09000007","West Hampstead","E05013671",51.550911,-0.18481686,525950.2608,185118.7487,"Museums_and_public_galleries"
"Usurp Art","140 Vaughan Road","","","Harrow","http://www.usurp.org.uk/exhibitions/#","1.00E+11","E09000015","West Harrow","E05013563",51.579041,-0.34938282,514470.4796,187976.801,"Museums_and_public_galleries"
"University of the Arts London Gallery","272 High Holborn","","","Camden","http://www.arts.ac.uk/gallery.htm#","5154466","E09000007","Holborn & Covent Garden","E05013662",51.517765,-0.1163883,530789.2304,181552.8044,"Museums_and_public_galleries"
"Brunei Gallery","SOAS","Thornhaugh Street","","Camden","http://www.soas.ac.uk/gallery/#","5086881","E09000007","Bloomsbury","E05013653",51.52235,-0.12925904,529883.2377,182039.7592,"Museums_and_public_galleries"
"L Ron Hubbard's Fitzroy House","37 Fitzroy St","","","Camden","http://www.fitzroyhouse.org/#","5088512","E09000007","Bloomsbury","E05013653",51.522499,-0.13921366,529192.2491,182038.7229,"Museums_and_public_galleries"
"Four Corners Gallery","121 Roman Road","","","Tower Hamlets","http://www.fourcornersfilm.co.uk/gallery#","6039056","E09000030","Bethnal Green","E05009317",51.52881,-0.04888,535440.0357,182903.8124,"Museums_and_public_galleries"
"Chisenhale Gallery","64 Chisenhale Road","","","Tower Hamlets","http://www.chisenhale.org.uk/#","6146768","E09000030","Bow West","E05009320",51.533143,-0.039595359,536071.1105,183402.8564,"Museums_and_public_galleries"
"Bhavan Art Gallery","4a Castletown Road","","","Hammersmith and Fulham","http://www.bhavan.net/art-gallery#","34140084","E09000013","West Kensington","E05013751",51.489763,-0.20706715,524574.3698,178280.9074,"Museums_and_public_galleries"
"Bethlem Gallery","Bethlem Royal Hospital","Monks Orchard Road","","Bromley","http://bethlemgallery.com/#","10003615210","E09000006","Kelsey & Eden Park","E05013999",51.38084,-0.02937,537236.0218,166485.8388,"Museums_and_public_galleries"
"The Aram Gallery","110 Drury Lane","","","Westminster","http://www.thearamgallery.org/#","10033550729","E09000033","St James's","E05013806",51.5133,-0.11885,530631.2105,181051.901,"Museums_and_public_galleries"
"Queen's Gallery","Buckingham Palace Road","","","Westminster","http://www.royalcollection.org.uk/default.asp?action=article&ID=32#","10033569645","E09000033","St James's","E05013806",51.499715,-0.14280725,529007.2856,179498.7814,"Museums_and_public_galleries"
"Pollock's Toy Museum","1 Scala Street","","","Camden","https://www.pollockstoymuseum.co.uk/","10091857645","E09000007","Bloomsbury","E05013653",51.520333,-0.1353092,529469.2474,181804.7553,"Museums_and_public_galleries"
"ASC Gallery","Taplow House,","Thurlow Street","","Southwark","http://www.ascstudios.co.uk/asc-gallery/#","10093339547","E09000028","Faraday","E05011102",51.48902,-0.08722,532896.4403,178408.8389,"Museums_and_public_galleries"
"Ambika P3","Uni. of Westminster,","35 Marylebone Road","","Westminster","http://www.p3exhibitions.com/#","1.00E+11","E09000033","Marylebone","E05013801",51.522023,-0.15459925,528126.2661,181958.7645,"Museums_and_public_galleries"
"Standpoint","45 Coronet Street","Hoxton","","Hackney","http://www.standpointlondon.co.uk/#","1.00E+11","E09000012","Hoxton East & Shoreditch","E05009377",51.52707,-0.081851649,533158.1793,182649.7867,"Museums_and_public_galleries"
"Bow Street Police Museum","28 Bow Street","London","WC2E 7AW","Westminster","https://bowstreetpolicemuseum.org.uk/","See notes","E09000033","St James's","E05013806",51.51338,-0.12178,530427.6836,181055.5761,"Museums_and_public_galleries"
"Southwark Heritage Centre and Walworth Library","145-147 Walworth Road","London","SE17 1RW","Southwark","https://www.southwark.gov.uk/libraries/southwark-heritage-centre-and-walworth-library","10094086689","E09000028","North Walworth","E05011107",51.491652,-0.097542326,532172.241,178682.8481,"Museums_and_public_galleries"
"Migration Museum","Lewisham Shopping Centre","London"," SE13 7HB","Lewisham","https://www.migrationmuseum.org/","See notes","E09000023","Lewisham Central","E05013727",51.46145,-0.01178,538216.9172,175482.6879,"Museums_and_public_galleries"
"Crafts Council Gallery","44a Pentonville Road","London","N1 9BY","Islington","https://www.craftscouncil.org.uk/gallery","10093109726","E09000019","Barnsbury","E05013698",51.532143,-0.10854254,531292.2096,183165.6849,"Museums_and_public_galleries"
"Harlesden High Street","57 High Street","Harlesden",NA,"Brent","https://harlesdenhighstreet.com/","202086111","E09000005","Harlesden & Kensal Green","E05013501",51.535877,-0.24704201,521676.3552,183341.7178,"Museums_and_public_galleries"
"Mimosa House","47 Theobalds Rd","London",NA,"Camden","https://www.mimosahouse.co.uk/about","5087474","E09000007","Holborn & Covent Garden","E05013662",51.520009,-0.11840017,530643.2309,181798.7488,"Museums_and_public_galleries"
"A.P.T Gallery","6, Creekside","Deptford","London","Lewisham","aptstudios.org","1.00E+11","E09000023","Deptford","E05013719",51.476401,-0.021522751,537495.1998,177126.8971,"Museums_and_public_galleries"
"QUEER BRITAIN","2 Granary Square","King's Cross","London","Camden","https://queerbritain.org.uk/","5158488","E09000007","King's Cross","E05013666",51.535701,-0.12398221,530211.2182,183533.771,"Museums_and_public_galleries"
"Xxijra Hii","Enclave 4","50 Resolution Way",NA,"Lewisham","https://xxijrahii.net/","10090784822","E09000023","Deptford","E05013719",51.478455,-0.024386142,537290.1944,177349.928,"Museums_and_public_galleries"
"Gallery No.32","Manor Way","Bexley","","Bexley","https://www.galleryno32.co.uk/","No UPRN found","E09000004","St Mary's & St James","E05011229",51.43838545,0.1443602,549137.9828,173223.9666,"Museums_and_public_galleries"
"Cygnet Sq (TACO!)","Cygnet Sq, SE2 9FA","","","Bexley","https://taco.org.uk/Cygnet-Square","10094789589","E09000004","Thamesmead East","E05011232",51.49767,0.12293996,547458.0597,179772.9622,"Museums_and_public_galleries"
"Boston Manor House","Boston Manor Road, Brentford TW8 9JX","","","Hounslow","https://www.hounslow.gov.uk/info/20174/heritage_and_arts/1855/historic_houses","10091692535","E09000018","Brentford West","E05013608",51.491907,-0.31842078,516838.4877,178335.9547,"Museums_and_public_galleries"
"Hogarth's House","Hogarth Lane, Great West Road, W4 2QN","","","Hounslow","https://hogarthshouse.org","1.00E+11","E09000018","Chiswick Homefields","E05013610",51.487015,-0.25502369,521252.4264,177894.9004,"Museums_and_public_galleries"
"The Markfield Beam Engine and Museum","Markfield Road","","","Haringey","https://www.mbeam.org/","","E09000014","Seven Sisters","E05013598",51.581918,-0.061633,NA,NA,"Museums_and_public_galleries"
"Furtherfield Gallery","The Mackenzie Pavilion","Finsbury Park","","Haringey","https://www.furtherfield.org/visit-us/","","E09000014","","",51.56974372,-0.101464232,NA,NA,"Museums_and_public_galleries"
"Denmark Street Studios Ltd","12 D'arblay Street","City Of Westminster","","Westminster","https://www.denmarkstreetstudios.com/","10033524377","E09000033","West End","E05013808",51.51413895,-0.134742636,529526.1183,181116.9712,"Music_recording_studios"
"Noatune Studios","Netil House 1 Westgate St","","Salusbury Road","Hackney","https://www.noatune.com/about","No UPRN","E09000012","Victoria","E05009386",51.5369662,-0.05619327,534908.6726,183797.3094,"Music_recording_studios"
"Mews Productions Recording Studios","Suite 201, The Tramworks","Hatherley Mews","","Waltham Forest","http://mewsproductions.com/","10009149245","E09000031","Hoe Street","E05013893",51.58604519,-0.019146717,537330.0118,189323.8617,"Music_recording_studios"
"AA Studios","212 Ilderton Road","South Bermondsey","","Lewisham","https://www.aastudioslondon.co.uk/?gclid=Cj0KCQjwpPHoBRC3ARIsALfx-_L6E7NDEKR4tN4OzDFXZUmLJxvfcHnoYERXPss","2.00E+11","E09000023","New Cross Gate","E05013728",51.48180864,-0.052238639,535346.2584,177671.001,"Music_recording_studios"
"Abbey Studios","3 Abbey Road","St John's Wood","","Westminster","https://www.abbeyroad.com/","1.00E+11","E09000033","Abbey Road","E05013792",51.53172262,-0.176143559,526604.79,182999.9132,"Music_recording_studios"
"Battery Studio","1 Maybury Gardens","Willesdon","","Brent","https://milocostudios.com/studios/assault-&-battery-2/intro/","202069888","E09000005","Willesden Green","E05013517",51.54616751,-0.232502704,522657.0054,184510.2985,"Music_recording_studios"
"Baltic Studios","Unit 1 Baltic Place","Kingsland Road","","Hackney","https://milocostudios.com/studios/baltic-studios/","10008238735","E09000012","Haggerston","E05009375",51.53624247,-0.07550704,533571.4167,183681.3624,"Music_recording_studios"
"Lockdown Studio (Unit 6)","Unit 6 & 7 Cable Street","","","Tower Hamlets","https://www.facebook.com/pg/studiolockdown/about/","No UPRN","E09000030","Whitechapel","E05009336",51.51012645,-0.066719714,534257.5851,180793.2927,"Music_recording_studios"
"Miloco HQ","36 Leroy Street","","","Southwark","https://milocostudios.com/studios/","2.00E+11","E09000028","London Bridge & West Bermondsey","E05011104",51.49370438,-0.08152833,533277.9156,178940.0853,"Music_recording_studios"
"Pirate Studios - Croydon Production Studios","Unit 8 Block B","15 Whitestone Way","New South Quarter","Croydon","http://piratestudios.co.uk","10014049248","E09000008","Waddon","E05011487",51.37352069,-0.114227069,531352.1294,165516.6158,"Music_recording_studios"
"Pirate Studios - Greenwich Production Studios","22 Bugsby's Way","","","Greenwich","http://piratestudios.co.uk","No UPRN","E09000011","Greenwich Peninsula","E05014082",51.48999713,0.029856389,541021.1077,178736.4232,"Music_recording_studios"
"Pirate Studios - Earlsfield","17 Lydden Road","","","Wandsworth","http://piratestudios.co.uk","1.00E+11","E09000032","Wandle","E05014026",51.44643305,-0.189165102,525936.2569,173493.1427,"Music_recording_studios"
"Play Deep Studios","8-16 Cromer Street","Kings Cross","","Camden","https://playdeepstudios.co.uk/","5109600","E09000007","King's Cross","E05013666",51.52779899,-0.118237754,530632.2123,182665.29,"Music_recording_studios"
"Residents Studio","57a Windsor Road","","","Brent","www.residentstudios.com/","12133205","E09000005","Willesden Green","E05013517",51.54961531,-0.230759114,522768.6209,184896.6267,"Music_recording_studios"
"The Church","145H Crouch Hill","Crouch Hill","","Haringey","http://www.thechurchstudios.com/","1.00E+11","E09000014","Crouch End","E05013588",51.57709242,-0.122009117,530229.8692,188140.1133,"Music_recording_studios"
"Pirate Studios - Notting Hill","58 Bard Road","Notting Hill","","Kensington and Chelsea","http://piratestudios.co.uk","217002897","E09000020","Notting Dale","E05009399",51.51182257,-0.218095429,523749.0173,180715.2874,"Music_recording_studios"
"Sleeper Sounds","1-3 Middle Row","","","Kensington and Chelsea","https://milocostudios.com/studios/sleeper-sounds/location-and-map/","217057604","E09000020","Golborne","E05009396",51.52516659,-0.210236494,524258.0228,182212.4777,"Music_recording_studios"
"Snap Studios","167 Hermitage Road","Harringey Warehouse District","","Haringey","http://www.snapstudios.co.uk/","1.00E+11","E09000014","Hermitage & Gardens","E05013591",51.57553781,-0.089933478,532456.891,188024.8599,"Music_recording_studios"
"Konk Studios","84-86 Tottenham Lane","","","Haringey","https://www.konkstudios.com/","1.00E+11","E09000014","Hornsey","E05013593",51.58482036,-0.113277162,530812.7404,189015.0823,"Music_recording_studios"
"Starcity Studios","2 Sutton Ct Rd Sutton","","","Sutton","www.starcitystudios.co.uk","5870119821","E09000029","Sutton Central","E05013765",51.3604,-0.1905,526079.6395,163923.9093,"Music_recording_studios"
"Soundbox Studios","Unit 4, Pandora House","41-45 Lind Road","","Sutton","","5870127817","E09000029","Sutton Central","E05013765",51.36471,-0.18601,526380.3729,164410.9086,"Music_recording_studios"
"Crown Lane Studio","8b Crown Lane","Merton","","Merton","www.crownlanestudio.co.uk","48130591","E09000024","St Helier","E05013824",51.40130581,-0.193932924,525728.619,168466.7992,"Music_recording_studios"
"Red Mastering Studio","Ashley Lodge 122a Thurlow Park Rd","","","Lambeth","onlinemastering.org.uk","1.00E+11","E09000022","West Dulwich","E05014119",51.44077,-0.09394,532569.5534,173031.2809,"Music_recording_studios"
"Sonica Studios Ltd","17a Welmar Mews","Lambeth","","Lambeth","www.sonicastudios.co.uk","10093378271","E09000022","Clapham Common & Abbeville","E05014099",51.45843412,-0.130320449,529991.1188,174930.3502,"Music_recording_studios"
"The Dairy Studios","43 Tunstall Road","Lambeth","","Lambeth","http://www.thedairy.co.uk","1.00E+11","E09000022","Brixton Acre Lane","E05014095",51.46173272,-0.116147931,530966.2408,175322.3919,"Music_recording_studios"
"123 Studios","4b Copeland Park","133 Copeland Rd","","Southwark","www.123productions.co.uk","No UPRN","E09000028","Rye Lane","E05011113",51.46933993,-0.064714244,534516.688,176261.5048,"Music_recording_studios"
"Cool Music Ltd","1a Fishers Lane","Hounslow","Chiswick High Road","Hounslow","http://www.coolmusicltd.com","1.00E+11","E09000018","Chiswick Gunnersbury","E05013609",51.49222248,-0.258169931,521020.2125,178468.7863,"Music_recording_studios"
"Metropolis","The Power House","70 Chiswick High Road","","Hounslow","","2.00E+11","E09000018","Chiswick Homefields","E05013610",51.4933739,-0.247925618,521728.2894,178613.7904,"Music_recording_studios"
"Dean Street Studios Ltd","59 Dean Street","City Of Westminster","","Westminster","www.deanst.com","1.00E+11","E09000033","St James's","E05013806",51.51222674,-0.130439042,529830.1535,180911.9502,"Music_recording_studios"
"Bubble","13-14 Berwick Street ","City Of Westminster","","Westminster","http://www.silk.co.uk","10091912204","E09000033","West End","E05013808",51.51295111,-0.133003858,529650.1331,180987.9582,"Music_recording_studios"
"De Lane Lea","75 Dean Street","","","Westminster","http://www.delanelea.com","10033570831","E09000033","West End","E05013808",51.51328584,-0.131433472,529758.1445,181027.9612,"Music_recording_studios"
"Sarm Studios","12 Darblay Street","Soho","","Kensington and Chelsea","http://www.sarmstudios.com","217106572","E09000020","Colville","E05009392",51.51496474,-0.20729947,524489.5661,181082.9964,"Music_recording_studios"
"Air Edel Recording Studios Ltd","18 Rodmarton Street","City Of Westminster","","Westminster","www.air-edelstudios.com","1.00E+11","E09000033","Marylebone","E05013801",51.51777485,-0.15594308,528044.9524,181484.0135,"Music_recording_studios"
"Fx Rentals Ltd","38-40 Telford Way","Ealing","","Ealing","http://www.fxgroup.net","12117562","E09000009","East Acton","E05013522",51.52001731,-0.2530731,521300.2246,181568.0774,"Music_recording_studios"
"Studio 308","Westbourne Studios","242 Acklam Road","","Kensington and Chelsea","www.electricmastering.com","217115482","E09000020","Golborne","E05009396",51.52093778,-0.201514665,524874.6023,181757.0582,"Music_recording_studios"
"Broadley Studio Ltd","48 Broadley Terrace","City Of Westminster","","Westminster","www.broadley.tv","10033600876","E09000033","Regent's Park","E05013805",51.52353262,-0.165240122,527383.8747,182108.076,"Music_recording_studios"
"Strongroom Bar And Kitchen","120-124 Curtain Road","Hackney","","Hackney","http://www.strongroombar.com","1.00E+11","E09000012","Hoxton East & Shoreditch","E05009377",51.52549931,-0.078538806,533392.5583,182481.1587,"Music_recording_studios"
"Produbbing","Unit 17, The Quadrant","135 Salusbury Road","","Brent","http://www.produbbing.com","202014691","E09000005","Queens Park","E05013507",51.53997939,-0.206374199,524485.5368,183866.2571,"Music_recording_studios"
"Rak Studios Ltd","C/o 42 - 48 Charlbert Street. ","","","Camden","www.rakstudios.co.uk","1.00E+11","E09000007","Haverstock","E05013660",51.5454872,-0.153033668,528168.9739,184570.7592,"Music_recording_studios"
"Map Music Ltd","46 Grafton Road","Camden","Brent","Camden","http://www.mapmusic.net","5029686","E09000007","Kentish Town South","E05013664",51.54725442,-0.143326919,528837.0168,184784.3102,"Music_recording_studios"
"3Sixty Studios","Unit 17, Sapcote Trading Centre High Road","","","Brent","www.3sixtystudios.co.uk","202040336","E09000005","Roundwood","E05013509",51.54967876,-0.241118082,522050.2539,184886.3641,"Music_recording_studios"
"Autograph Sound Recording Ltd","2 Spring Place","Camden","","Camden","http://www.autograph.co.uk","5110369","E09000007","Kentish Town South","E05013664",51.54840128,-0.145328565,528695.0002,184908.3229,"Music_recording_studios"
"Air Studios","Lyndhurst Hall Lyndhurst Road","Camden","","Camden","www.airstudios.com","5021936","E09000007","Belsize","E05013652",51.55219861,-0.168356888,527087.8199,185290.3778,"Music_recording_studios"
"Ten Eight Seven Mastering Ltd","21 Greenford Road","Harrow","","Brent","","1.00E+11","E09000005","Sudbury","E05013511",51.56050657,-0.331614468,515748.6415,185943.5728,"Music_recording_studios"
"Eastcote Studios Ltd","14 Conlan St","","","Harrow","www.eastcotestudios.co.uk","No UPRN","E09000015","Marlborough","E05013553",51.58387301,-0.341267926,515020.5377,188526.8654,"Music_recording_studios"
"Livingston Recording Studios Ltd","Unit 1 Brook Road","","","Haringey","http://www.livingstonstudios.co.uk","10003979584","E09000014","Noel Park","E05013595",51.59302732,-0.110965302,530949.3314,189931.872,"Music_recording_studios"
"Shockwave Studios Ltd","23 Crown Close","Winkfield Road","","Haringey","www.shockwavestudios.co.uk","10003972997","E09000014","Noel Park","E05013595",51.59846194,-0.102205192,531540.4221,190551.9571,"Music_recording_studios"
"Hot Money Studios","Studio A06 Mainyard Studios ","92-94 Wallis Road","","Hackney","www.hotmoneystudios.com","10008352464","E09000012","Hackney Wick","E05009374",51.544189,-0.022665068,537212.0937,184662.7536,"Music_recording_studios"
"Syncbox Post","14-15 Lambs Conduit Passage","London","","Camden","https://syncbox.tv/","5086996","E09000007","Holborn & Covent Garden","E05013662",51.519985,-0.11804079,530668.2316,181796.7209,"Music_recording_studios"
"Matrix Recording Studios","91 Peterborough Rd","","","Hammersmith and Fulham","https://www.matrix-studios.co.uk/","34068324","E09000013","Parsons Green & Sandford","E05013745",51.47049,-0.19757111,525286.3323,176153.8922,"Music_recording_studios"
"Urchin Studios","Unit 1 Stonemason’s House","Hepscott Road","","Tower Hamlets","www.urchinstudios.co.uk","No UPRN","E09000030","Bow East","E05009319",51.54292,-0.02507,537049.1519,184517.1392,"Music_recording_studios"
"Press Play Studio Ltd","Record Street ","","","Southwark","https://www.pressplaystudio.co.uk/","No UPRN","E09000028","Old Kent Road","E05011109",51.48395,-0.05548,535114.8753,177903.1326,"Music_recording_studios"
"Nelly Ben Hayoun Studios Ltd ","Platform 1, Village Underground","54 Holywell Lane","","Hackney","https://nellyben.com/","1.00E+11","E09000012","Hoxton East & Shoreditch","E05009377",51.523626,-0.078594319,533394.1806,182272.7427,"Music_recording_studios"
"Brockley Studios","53 Arabin Road","Brockley","","Lewisham","https://brockleystudios.co.uk/","1.00E+11","E09000023","Brockley","E05013716",51.460365,-0.036367204,536512.2235,175315.952,"Music_recording_studios"
"Rogue Recording Studios","Unit 24 Wembley Stadium Business Centre","N End Rd","Wembley","Brent","https://www.roguerecordingstudios.com/","202001610","E09000005","Wembley Park","E05013516",51.56106,-0.27276369,519826.3817,186099.7708,"Music_recording_studios"
"Soho Sonic Studios ","199 Queen’s Crescent","Belsize Park","","Camden","https://www.sohosonic.com/our-services/","5127220","E09000007","Gospel Oak","E05013658",51.550739,-0.1502209,528349.2286,185159.6957,"Music_recording_studios"
"Soho Sonic Studios ","Golderbrock House"," 15/19 Great Titchfield Street","","Westminster","https://www.sohosonic.com/our-services/","1.00E+11","E09000033","West End","E05013808",51.517157,-0.14028179,529133.2565,181442.802,"Music_recording_studios"
"The Umbrella Rooms","241 Shaftesbury Avenue ","","","Camden","https://www.theumbrellarooms.com/rooms","5160269","E09000007","Holborn & Covent Garden","E05013662",51.516785,-0.12653236,530088.2425,181425.7645,"Music_recording_studios"
"Westpoint Studios ","GA 39 to 40 Westpoint Building","Warple Way","","Ealing","https://www.westpointstudio.com/ / https://milocostudios.com/studios/westpoint-studios/location/","12149843","E09000009","Southfield","E05013540",51.504359,-0.25549952,521173.4119,179822.8128,"Music_recording_studios"
"Fiction Studios ","22-24 Ely Place ","","","Camden","https://www.fictionstudioslondon.com/","5088228","E09000007","Holborn & Covent Garden","E05013662",51.518985,-0.10670948,531457.22,181705.794,"Music_recording_studios"
"Brixton recording Studios","Unit 3, Fairfax House","Overton Rd","Brixton","Lambeth","https://www.brixtonrecordingstudios.com/","See notes ","E09000022","Brixton North","E05014096",51.46833,-0.11039,531347.2849,176066.3164,"Music_recording_studios"
"Iguana Studio","Unit 1 88a Acre Lane","Brixton","","Lambeth","http://www.iguanastudio.co.uk/","10000444825","E09000022","Brixton Acre Lane","E05014095",51.459976,-0.12241052,530536.2222,175115.8697,"Music_recording_studios"
"Premises Studios","209 Hackney Road","","","Hackney","https://www.premisesstudios.com/","1.00E+11","E09000012","Haggerston","E05009375",51.531228,-0.07162765,533855.1561,183130.8279,"Music_recording_studios"
"Nomad Studios","153 Dukes Rd","","","Ealing","https://nomadmusicstudio.com/","12096649","E09000009","North Acton","E05013527",51.525619,-0.28302844,519207.4177,182141.8412,"Music_recording_studios"
"Audiohaus"," Unit 24, Wembley Stadium Business Park","","","Brent","http://www.audiohaus.co.uk/","202001610","E09000005","Wembley Park","E05013516",51.56106,-0.27276369,519826.3817,186099.7708,"Music_recording_studios"
"Allegiance Music Group","Unit 11, 186 Brent Crescent ","","","Ealing","https://www.allegiancemusicgroup.com/","12093451","E09000009","Hanger Hill","E05013524",51.535098,-0.29112113,518621.4092,183182.8136,"Music_recording_studios"
"Krafthouse Recording Studio","7-11 Minerva Road","Park Royal","","Ealing","http://www.krafthouse.co.uk/","See notes ","E09000009","North Acton","E05013527",51.52946,-0.26138,520698.9672,182604.4173,"Music_recording_studios"
"Lightship 95 Recording Studio","Lightship 95","Trinity Buoy Wharf","64 Orchard place","Tower Hamlets","https://www.lightship95.com/","See notes ","E09000030","Blackwall & Cubitt Town","E05009318",51.50789,0.009,539518.5569,180686.159,"Music_recording_studios"
"Kore Studios ","Unit 15 Allied Way","Warple Way","","Ealing","https://www.kore-studios.com/","12013164","E09000009","Southfield","E05013540",51.505455,-0.25541445,521176.4096,179944.8317,"Music_recording_studios"
"The Recording Studio London","Way Out Studios Building ","86 Copenhagen Place ","","Tower Hamlets","https://therecordingstudio.london/","6362101","E09000030","Mile End","E05009327",51.514573,-0.029914787,536798.1284,181355.8632,"Music_recording_studios"
"The Park Studios (London) ","Unit 2, Towers Business Park","Carey Way","","Brent","https://www.theparkstudios.com/","202036652","E09000005","Wembley Park","E05013516",51.556154,-0.27121849,519946.3809,185556.7309,"Music_recording_studios"
"British Grove Studios ","20 British Grove","Chiswick","","Hounslow","https://www.britishgrovestudios.com/","1.00E+11","E09000018","Chiswick Homefields","E05013610",51.490663,-0.24579503,521883.4137,178315.8718,"Music_recording_studios"
"Church of Sound and Vision Studios","Suite 3, 46-52 Church Road","Barnes","","Richmond upon Thames","https://www.churchofsoundandvision.com/","10094587956","E09000027","Barnes","E05013774",51.474418,-0.24130639,522238.3965,176516.8731,"Music_recording_studios"
"Peckham Studios ","161 Sumner Rd","","","Southwark","https://www.peckhamstudios.com/","2.00E+11","E09000028","Peckham","E05011110",51.477967,-0.073399708,533888.2194,177204.9136,"Music_recording_studios"
"Temple Music Studio","48 The Ridgway","","","Sutton","https://templemusicstudio.com/","5870045447","E09000029","Sutton South","E05013767",51.354418,-0.18098938,526758.2541,163275.0991,"Music_recording_studios"
"Brixton Hill Studios","Unit 1, 126 Brixton Hill","","","Lambeth","https://brixtonhillstudios.com/","2.00E+11","E09000022","Brixton Acre Lane","E05014095",51.453056,-0.12096731,530656.2168,174348.938,"Music_recording_studios"
"Sensible Music Group","90-96 Brewery Road","","","Islington","https://www.sensible-music.co.uk/rehearsals","5300011689","E09000019","Caledonian","E05013700",51.544259,-0.12440899,530157.2117,184484.67,"Music_recording_studios"
"Creation Studios","Kentish Town Road and Royal College Street","London","","Camden","https://www.creationmusicstudios.com/","5110315","E09000007","Camden Town","E05013655",51.544672,-0.141309,528984.2265,184500.6937,"Music_recording_studios"
"Octagon London Studios ","130 Brixton Hill ","","","Lambeth","https://www.octagonlondon.com/","1.00E+11","E09000022","Brixton Acre Lane","E05014095",51.452892,-0.12139144,530627.2169,174329.9451,"Music_recording_studios"
"Islington Arts Factory","2 Parkhurst Road","Islington","","Islington","www.islingtonartsfactory.org","5300071066","E09000019","Holloway","E05013706",51.553804,-0.12296338,530230.1997,185548.6574,"Music_recording_studios"
"Total Refreshment Studios","2 Foulden Road","","","Hackney","http://totalrefreshment.net/","10008274727","E09000012","Stoke Newington","E05009385",51.55579,-0.07398,533620.1107,185857.8955,"Music_recording_studios"
"Ten87 Studios","39a Markfield Rd","","","Haringey","https://ten87.studio/","10022939575","E09000014","South Tottenham","E05013599",51.583122,-0.064985583,534163.2636,188913.7467,"Music_recording_studios"
"Kluster Rooms ","566 Cable Street","","","Tower Hamlets","https://www.klusterrooms.com","6025305","E09000030","Shadwell","E05009332",51.511333,-0.04321237,535885.1508,180970.8261,"Music_recording_studios"
"Mainyard Studios","9 & 17 Lyon Road","Wimbledon","","Merton","https://mainyardstudios.co.uk/private-offices-music-studios-wimbledon/","48046261","E09000024","Abbey","E05013810",51.412121,-0.18662351,526207.2766,169682.0131,"Music_recording_studios"
"Mainyard Studios"," 5 Argall Avenue","","","Waltham Forest","https://mainyardstudios.co.uk","10024421362","E09000031","Lea Bridge","E05013895",51.5704,-0.03843,536040.8608,187548.0566,"Music_recording_studios"
"New River Studios","199 Eade Road","","","Haringey","http://www.newriverstudios.com/","10003975439","E09000014","Hermitage & Gardens","E05013591",51.57489,-0.08798,532594.1334,187956.3626,"Music_recording_studios"
"Bamm-Bamm Music Studio B","174A Perry Vale","","","Lewisham","https://www.bamm-bamm.uk","1.00E+11","E09000023","Perry Vale","E05013729",51.435042,-0.043927757,536062.2081,172486.0025,"Music_recording_studios"
"Unwound Music Studios ","Unit 9 Brookmarsh Trading Estate","Norman Road","Deptford","Greenwich","https://www.unwoundstudios.co.uk/","1.00E+11","E09000011","Greenwich Creekside","E05014080",51.478942,-0.018100452,537725.194,177415.8836,"Music_recording_studios"
"Pirate Studios - Dalston ","42-56 Tottenham Road","","","Hackney","https://pirate.com/en/locations/london-dalston/","1.00E+11","E09000012","De Beauvoir","E05009371",51.545472,-0.078193369,533358.1575,184702.8162,"Music_recording_studios"
"Pirate Studios - Wembley ","278 Abbeydale Road","","","Brent","https://pirate.com/en/locations/london-wembley/","202137355","E09000005","Alperton","E05013496",51.538754,-0.28468273,519058.4006,183599.8174,"Music_recording_studios"
"Pirate Studios - Hackney ","13 Rothbury Road","","","Tower Hamlets","https://pirate.com/en/locations/london-hackney/","6722125","E09000030","Bow East","E05009319",51.54218,-0.026689225,536939.0958,184431.8234,"Music_recording_studios"
"Pirate Studios - Tottenham","2 Norman Rd","","","Haringey","https://pirate.com/en/locations/london-tottenham/","1.00E+11","E09000014","South Tottenham","E05013599",51.58254,-0.068431179,533926.2625,188842.7088,"Music_recording_studios"
"Tape London ","17 Hanover Square","Mayfair ","","Westminster","https://tapelondon.com/","1.00E+11","E09000033","West End","E05013808",51.514287,-0.14475121,528831.2661,181115.7841,"Music_recording_studios"
"Arcus Sounds","Unit 7, The Arches","Cranberry Lane","","Newham","https://www.arcussounds.com/writing-rehearsal","10023994441","E09000025","Canning Town North","E05013906",51.522905,0.004796566,539181.0931,182347.7708,"Music_recording_studios"
"Hazey Studios","230a Dalston Lane","Unit 10 ","","Hackney","https://www.hazeystudios.com/","1.00E+11","E09000012","Hackney Central","E05009372",51.548564,-0.061202166,534527.1566,185077.7812,"Music_recording_studios"
"Hazey Studios","Oxgate Lane","","","Brent","https://www.hazeystudios.com/","See notes ","E09000005","Dollis Hill","E05013500",51.56691,-0.23233,522613.2047,186817.1989,"Music_recording_studios"
"ENTT Studios","212 Ilderton Road","South Bermondsey","","Southwark","https://enttstudios.co.uk/","2.00E+11","E09000028","Old Kent Road","E05011109",51.482326,-0.054204792,535208.2137,177724.8989,"Music_recording_studios"
"Bamm-Bamm Studios ","174A Perry Vale","Forest Hill","London","Lewisham","https://www.bamm-bamm.uk/","1.00E+11","E09000023","Perry Vale","E05013729",51.43506,-0.043912612,536063.2073,172488.0322,"Music_recording_studios"
"The Qube","168 Dukes Road","","","Ealing","http://theqube.wpengine.com/book-a-studio/","12096519","E09000009","North Acton","E05013527",51.523942,-0.2821401,519273.4198,181956.7981,"Music_recording_studios"
"Konnect Studios","Unit 29, Excelsior Studios","17 - 19 Sunbeam Rd","","Ealing","https://www.instagram.com/konnectstudios/?hl=en","12203091","E09000009","North Acton","E05013527",51.525737,-0.26354833,520558.3969,182186.8371,"Music_recording_studios"
"Kabin Studios ","42 Gorst Rd","","","Ealing","https://kabinstudios.co.uk/","12130599","E09000009","North Acton","E05013527",51.526773,-0.26493608,520459.3993,182299.7611,"Music_recording_studios"
"Respect the Studio","Unit 10, Wendover Court","","","Ealing","https://respectthestudio.com/","12202186","E09000009","North Acton","E05013527",51.525898,-0.27201869,519970.4063,182190.8369,"Music_recording_studios"
"The Soundhouse Ltd","Unit 10, Victoria Industrial Estate","Victoria Road","Acton","Ealing","https://www.thesoundhousestudios.co.uk/visual-media/","12153488","E09000009","North Acton","E05013527",51.521948,-0.25665814,521046.3938,181776.8486,"Music_recording_studios"
"Wayve Studios","Nash House","Old Oak Lane","","Ealing","https://www.wayvestudios.com/","See notes","E09000009","North Acton","E05013527",51.52882,-0.25031,521468.4968,182551.5387,"Music_recording_studios"
"Jukebox Studios ","Unit 24 Pall Mall Deposit","124-128 Barlby Road","","Kensington and Chelsea","https://www.jukeboxstudios.co.uk/","217101238","E09000020","Dalgarno","E05009394",51.523042,-0.21879149,523670.3343,181961.7386,"Music_recording_studios"
"Red Cable Studio"," Unit 134, 566 Cable St","","","Tower Hamlets","https://www.instagram.com/redcablestudio/","6183518","E09000030","Shadwell","E05009332",51.511324,-0.043227157,535884.1516,180969.7978,"Music_recording_studios"
"Cotch Studios ","Newton House","60-62 Verney Rd","","Southwark","https://cotchstudios.co.uk/","10009800903","E09000028","Old Kent Road","E05011109",51.485549,-0.058806295,534879.2146,178074.8078,"Music_recording_studios"
"The Bookhouse","Unit 1","62 Hatcham Rd","","Southwark","http://www.thebookhousestudio.com/","2.00E+11","E09000028","Old Kent Road","E05011109",51.484129,-0.054516892,535181.214,177924.8147,"Music_recording_studios"
"Visionary Studios ","Unit F11a Birch House","Birch Walk","Erith","Bexley","https://visionarystudios.co.uk/","1.00E+11","E09000004","Erith","E05011225",51.480791,0.16614078,550512.1103,177983.908,"Music_recording_studios"
"Profonic Studios","12 Cody Lane","Stratford","","Newham","https://profonicstudios.com/","10008989066","E09000025","Canning Town North","E05013906",51.521321,0.002233231,539008.0921,182166.7578,"Music_recording_studios"
"Mainyard Studios - Mile End","35 Bow Road","Bromley by Bow","","Tower Hamlets","https://mainyardstudios.co.uk/tower-hamlets-private-offices-coworking/","No UPRN","E09000030","Bow West","E05009320",51.52687,-0.02777,536910.0591,182727.312,"Music_recording_studios"
"The Cowshed Recording Studio","125 Myddleton Road","Harringey","","Haringey","http://cowshedstudio.com/","","E09000014","","",51.60629404,-0.119005817,NA,NA,"Music_recording_studios"
"NXNE Studios","105 Eade Road","Harringay Warehouse District","","Haringey","https://www.nxnestudios.com/","","E09000014","Seven Sisters","E05013598",51.57527955,-0.090193831,NA,NA,"Music_recording_studios"
"The Crypt Studio","145A Crouch Hill","Crouch End","","Haringey","https://www.thecryptstudio.com/","","E09000014","Crouch End","E05013588",51.57788306,-0.123654831,NA,NA,"Music_recording_studios"
"Whitelight Production","Studio One, Unit 2/2a","7 Cross Lane","","Haringey","https://www.whitelightproduction.com/","","E09000014","Hornsey","E05013593",51.58937472,-0.116322007,NA,NA,"Music_recording_studios"
"The RecordShop","Unit 17a","Wood Green Shopping City","London","Haringey","https://therecshop.co.uk/","","E09000014","Noel Park","E05013595",51.61386377,-0.106742214,NA,NA,"Music_recording_studios"
"Oto Project Space","1-7 Ashwin Street ","","","Hackney","https://www.cafeoto.co.uk/info/","1.00E+11","E09000012","Dalston","E05009370",51.54598889,-0.073218864,533701.5587,184769.3842,"Music_rehearsal_studios"
"Bally Studios","Unit 16 Mill Mead Industrial Centre","Mill Mead Road","","Haringey","www.ballystudios.co.uk","1.00E+11","E09000014","Tottenham Hale","E05013602",51.59139579,-0.054592149,534858.8396,189852.9556,"Music_rehearsal_studios"
"Ritz Rehearsal Studios","The Courtyard Esmond Street","Wandsworth","","Wandsworth","","1.00E+11","E09000032","Thamesfield","E05014022",51.4615174,-0.209135791,524507.5572,175136.4362,"Music_rehearsal_studios"
"Arcola Studio","24 Ashwin Street","","","Hackney","https://www.arcolatheatre.com/about/hire/","10008349712","E09000012","Dalston","E05009370",51.54691,-0.075,533575.3674,184868.5587,"Music_rehearsal_studios"
"New River Studios","199 Eade Rd","","","Haringey","https://newriverstudios.com/","10022945372","E09000014","Hermitage & Gardens","E05013591",51.57489,-0.08798,532594.1334,187956.3626,"Music_rehearsal_studios"
"Pirate Studios - Croydon DJ Studios","Unit 8 Block B","15 Whitestone Way","New South Quarter","Croydon","http://piratestudios.co.uk","10014049248","E09000008","Waddon","E05011487",51.37425,-0.11641,531198.1184,165593.8137,"Music_rehearsal_studios"
"Pirate Studios - Earlsfield Rehearsal Studios","17 Lydden Road","","","Wandsworth","http://piratestudios.co.uk","1.00E+11","E09000032","Wandle","E05014026",51.4468,-0.19074,525825.8152,173531.2452,"Music_rehearsal_studios"
"Pirate Studios - Greenwich Rehearsal Studios","22 Bugsby's Way","","","Greenwich","http://piratestudios.co.uk","10010260175","E09000011","Greenwich Peninsula","E05014082",51.49144,0.02844,540918.3299,178894.1449,"Music_rehearsal_studios"
"Pirate Studios - Notting Hill","58 Bard Road","Notting Hill","","Kensington and Chelsea","http://piratestudios.co.uk","217104975","E09000020","Notting Dale","E05009399",51.5122,-0.21939,523658.1674,180755.0722,"Music_rehearsal_studios"
"Crown Lane Studio","8b Crown Lane","Merton","","Merton","www.crownlanestudio.co.uk","48130591","E09000024","St Helier","E05013824",51.40130581,-0.193932924,525728.619,168466.7992,"Music_rehearsal_studios"
"Antenna Studios","Bowyers Yard Haynes Lane","Croydon","","Croydon","www.antennastudios.co.uk","10090383277","E09000008","Crystal Palace & Upper Norwood","E05011467",51.41754463,-0.081646512,533491.5176,170470.9504,"Music_rehearsal_studios"
"Sw19","62 Weir Road","Merton","","Wandsworth","http://www.sw-19.net","48071997","E09000032","Wandsworth Common","E05014027",51.43704302,-0.188465564,526010.6817,172450.1718,"Music_rehearsal_studios"
"National Opera Studio","The Douglas Kane Studio","2 Chapel Yard Wandsworth High Stlondo","","Wandsworth","http://www.nationaloperastudio.org.uk","121008733","E09000032","Wandsworth Town","E05014028",51.45688,-0.19511,525494.5466,174644.6579,"Music_rehearsal_studios"
"OCTAGON LONDON STUDIOS","130 BRIXTON HILL","LONDON","","Lambeth","www.artspacestudio.co.uk","10090196515","E09000022","Brixton Acre Lane","E05014095",51.45285,-0.12127,530635.7741,174325.4912,"Music_rehearsal_studios"
"Rms Rehearsal Studios","Arch 57 Putney Station Approach","","","Hammersmith and Fulham","www.rmsstudios.co.uk","No UPRN","E09000013","Palace & Hurlingham","E05013744",51.46909,-0.20871,524516.5414,175979.2381,"Music_rehearsal_studios"
"Super Unison Studios","Unit 2a 1 Copeland Park","133 Copeland Road","Peckham","Southwark","www.superunisonstudios.com","10094745706","E09000028","Rye Lane","E05011113",51.46985,-0.06632,534403.6661,176315.276,"Music_rehearsal_studios"
"The Music Complex Ltd","20 Tanners Hill","Lewisham","","Lewisham","www.musiccomplex.co.uk","1.00E+11","E09000023","Deptford","E05013719",51.4746,-0.02638,537163.3077,176917.5216,"Music_rehearsal_studios"
"Music Room London","116-118 New Cross Road","Lewisham","","Lewisham","www.musicroomlondon.com","1.00E+11","E09000023","Telegraph Hill","E05013732",51.47605,-0.0483,535636.8071,177037.9335,"Music_rehearsal_studios"
"Abbey Music Studios","Lodge Hill","Abbey Wood","","Bexley","www.abbeymusicstudios.co.uk","10010234363","E09000004","West Heath","E05011233",51.4773226,0.117603433,547153.1533,177499.615,"Music_rehearsal_studios"
"Husky Studios","29a Amelia Street","Southwark","","Southwark","www.huskystudios.co.uk","2.00E+11","E09000028","Newington","E05011105",51.48953,-0.09841,532118.138,178445.3148,"Music_rehearsal_studios"
"Rogue Studios","Railway Arch 4 Bermondsey Trading Estate","Rotherhithe New Road","Southwark","Southwark","www.roguestudios.co.uk","2.00E+11","E09000028","South Bermondsey","E05011116",51.49168,-0.05966,534801.8627,178754.9987,"Music_rehearsal_studios"
"Arch Studios","Arch 196 Prebend Gardens","Stamford Brook","","Hounslow","www.archstudios.co.uk","1.00E+11","E09000018","Chiswick Homefields","E05013610",51.49488,-0.24695,521792.0011,178782.8933,"Music_rehearsal_studios"
"The Miller Pub","96 Snowsfields","Southwark","","Southwark","http://www.themiller.co.uk/rehearsal-studio","2.00E+11","E09000028","London Bridge & West Bermondsey","E05011104",51.50217,-0.08746,532841.5637,179870.6863,"Music_rehearsal_studios"
"Cartel Studios","203-205 The Vale","Ealing","","Ealing","http://www.cartelstudios.co.uk/","12117050","E09000009","Southfield","E05013540",51.50564765,-0.257427375,521036.206,179962.9286,"Music_rehearsal_studios"
"Bush Studios","151 Railway Arches","Macfarlane Road","Hammersmith And Fu","Hammersmith and Fulham","www.bushstudios.co.uk","34156724","E09000013","Shepherd's Bush Green","E05013748",51.50693299,-0.224404426,523324.4455,180160.9157,"Music_rehearsal_studios"
"Neville Marriner Rehearsal Room At St. Martin-In-The-","5 St. Martin's Place","City Of Westminster","","Westminster","http://www.stmartin-in-the-fields.org/venue-hire/rehearsal-space/","138020668","E09000033","St James's","E05013806",51.50879,-0.12675,530095.9114,180536.3262,"Music_rehearsal_studios"
"The Music Studios","29 Marylebone Lane","City Of Westminster","","Westminster","www.themusicstudios.co.uk","1.00E+11","E09000033","Marylebone","E05013801",51.51667,-0.15072,528410.4286,181370.2961,"Music_rehearsal_studios"
"Bloomsbury Central Baptist Church","235 Shaftesbury Ave London","","","Camden","http://www.bloomsbury.org.uk/roomhire","5087200","E09000007","Holborn & Covent Garden","E05013662",51.51646,-0.12686,530066.4364,181389.0424,"Music_rehearsal_studios"
"Westbourne Rehearsals","Rear Of 92-98 Bourne Terrace","City Of Westminster","","Westminster","www.westbournerehearsals.com","10033530632","E09000033","Westbourne","E05013809",51.52040602,-0.189166684,525732.6974,181719.0494,"Music_rehearsal_studios"
"Footes Practice Room","41 Store Street","Camden","","Camden","http://www.footesmusic.com/practice-room-i33","5013080","E09000007","Bloomsbury","E05013653",51.51957941,-0.129056714,529905.1543,181732.0257,"Music_rehearsal_studios"
"Panic Music Rehearsal Studios","14 Trading Estate Road ","","","Ealing","www.panic-music.co.uk","12141371","E09000009","North Acton","E05013527",51.52637,-0.26877,520194.5168,182248.6494,"Music_rehearsal_studios"
"Peregrine's Pianos","137a Gray's Inn Road","Camden","","Camden","www.peregrines-pianos.com","5076021","E09000007","Holborn & Covent Garden","E05013662",51.5236337,-0.114343599,530914.2647,182209.0598,"Music_rehearsal_studios"
"Soundstage Studio","Unit 1, 30 Gorst Road","Ealing","","Ealing","http://soundstagestudios.co.uk/","12017372","E09000009","North Acton","E05013527",51.52672154,-0.262433209,520633.1491,182298.1567,"Music_rehearsal_studios"
"Engine Rooms Rehearsal Studios","30 Bow Triangle Business Centre","Eleanor Street","Tower Hamlets","Tower Hamlets","www.engineroomsstudios.com","6074717","E09000030","Bromley South","E05009322",51.52339135,-0.021564604,537350.9537,182352.089,"Music_rehearsal_studios"
"Vatican Studios","Railway Arch 190 Bancroft Road","Tower Hamlets","","Tower Hamlets","www.thevatican.biz","6036377","E09000030","Bethnal Green","E05009317",51.52536155,-0.046277931,535630.7636,182525.1463,"Music_rehearsal_studios"
"Urdang2","Urdang Academy Old Finsbury Town Hall","Rosebery Avenue","","Islington","www.theurdanacademy.com","5300079780","E09000019","Clerkenwell","E05013702",51.52651965,-0.106467414,531452.3229,182544.087,"Music_rehearsal_studios"
"Musica Nova","88 Cromer Street","Camden","","Camden","http://www.musicanova.org.uk/about_us/rehearsal-studios/","5087725","E09000007","King's Cross","E05013666",51.52739688,-0.12074845,530459.2112,182616.1004,"Music_rehearsal_studios"
"Rooz Studios","35 Corsham Street ","","","Hackney","www.roozstudios.co.uk","10008332356","E09000012","Hoxton West","E05009378",51.52718185,-0.085764051,532886.4761,182655.111,"Music_rehearsal_studios"
"Premises Studios","209 Hackney Road","Hackney","","Hackney","www.premisesstudios.com","10008340948","E09000012","Haggerston","E05009375",51.53109,-0.07156,533860.2529,183115.6054,"Music_rehearsal_studios"
"Hoxton Hall","130 Hoxton Street","Hackney","","Hackney","www.hoxtonhall.co.uk","10008342751","E09000012","Hoxton East & Shoreditch","E05009377",51.53177,-0.08001,533272.1998,183175.79,"Music_rehearsal_studios"
"Studio 3 Arts ","Boundary Road Barking","","","Barking and Dagenham","www.studio3arts.org.uk","100053573","E09000002","Gascoigne","E05014061",51.53054,0.08025,544391.1956,183342.972,"Music_rehearsal_studios"
"John Henry","16-24 Brewery Road ","","","Islington","www.johnhenrys.com","5300011664","E09000019","Caledonian","E05013700",51.54537,-0.12053,530422.998,184615.1174,"Music_rehearsal_studios"
"Rising Tide Trust","270 Mare Street","Hackney","","Hackney","","1.00E+11","E09000012","Homerton","E05009376",51.54465,-0.05465,534992.9886,184654.6095,"Music_rehearsal_studios"
"K-Town Studios","Unit 8 Regis Road","Kentish Town","","Camden","www.ktownstudios.co.uk","5185701","E09000007","Kentish Town South","E05013664",51.55074,-0.14521,528696.624,185168.6014,"Music_rehearsal_studios"
"The Blue Studios","160 Dalston Lane","Hackney","","Hackney","www.thebluestudios.co.uk","No UPRN","E09000012","Hackney Central","E05009372",51.54813,-0.06594,534199.9531,185020.8168,"Music_rehearsal_studios"
"Gunfactory Studios","Unit 2 2a","Barnabas Road","Hackney","Hackney","www.gunfactorystudios.com","10008340190","E09000012","Homerton","E05009376",51.54765955,-0.041052908,535926.7929,185014.4151,"Music_rehearsal_studios"
"Vortex Jazz Club","11 Gillett Square","Hackney","","Hackney","www.vortexjazz.co.uk","10091818908","E09000012","Dalston","E05009370",51.54830363,-0.075068435,533566.5472,185023.4087,"Music_rehearsal_studios"
"Islington Arts Factory","2 Parkhurst Road","Islington","","Islington","www.islingtonartsfactory.org","5300071066","E09000019","Holloway","E05013706",51.55322109,-0.121545172,530330.1805,185486.3625,"Music_rehearsal_studios"
"Reel Rebels Music Studios","7a Bouverie Mews ","","","Hackney","http://reelrebelsradio.com/studio-hire/
http://reelrebelsmusicstudios.weebly.com/","No UPRN","E09000012","Stoke Newington","E05009385",51.56269,-0.07832,533299.1157,186617.2648,"Music_rehearsal_studios"
"Karma Studios Ltd.","7a Bouverie Mews","Hackney","","Hackney","","1.00E+11","E09000012","Stoke Newington","E05009385",51.56265,-0.07829,533301.3118,186612.8714,"Music_rehearsal_studios"
"Storm Rehearsal Studios","Arches 6 & & 303 Holloway Road","","","Islington","www.stormrehearsalstudios.co.uk","5300047960","E09000019","Holloway","E05013706",51.55311,-0.11354,530885.4541,185488.3004,"Music_rehearsal_studios"
"Audio Underground","121-123 Railway Arches","Beaumont Road","Waltham Forest","Waltham Forest","www.audiounderground.co.uk","10024418697","E09000031","Forest","E05013887",51.57134543,-0.010924385,537944.0351,187704.6499,"Music_rehearsal_studios"
"Hermitage Works Studios","Hermitage Works 7","Vale Grove","","Haringey","www.hermitageworksstudios.com","1.00E+11","E09000014","Hermitage & Gardens","E05013591",51.57507,-0.09316,532234.6757,187966.9958,"Music_rehearsal_studios"
"Bonafide Studio","14 The Viaduct","St. James Lane","","Haringey","www.bonafidestudio.co.uk","10003975672","E09000014","Muswell Hill","E05013594",51.58779933,-0.140634642,528909.0499,189297.791,"Music_rehearsal_studios"
"Gillet Square Studios","Unit B7"," 3 Bradbury St","","Hackney","http://www.gillettsquare.org.uk/home","No UPRN","E09000012","Dalston","E05009370",51.54866,-0.07584,533512.0111,185061.6283,"Music_rehearsal_studios"
"Music Bank","Unit 4, Chandos Park","Chandos Road","Old Oak Common","Ealing","http://www.musicbank.org/","12193729","E09000009","North Acton","E05013527",51.527647,-0.25534481,521122.3871,182412.7658,"Music_rehearsal_studios"
"Panic Button Studios","30A Platts Eyot","Lower Sunbury Road","Hampton on Thames","Richmond upon Thames","https://panicbuttonstudios.com/contacts/","See notes","E09000027","Hampton","E05013778",51.40949,-0.37232,513300.466,169086.2128,"Music_rehearsal_studios"
"Brockley Studios","53 Arabin Road","Brockley","","Lewisham","https://brockleystudios.co.uk/","1.00E+11","E09000023","Brockley","E05013716",51.460365,-0.036367204,536512.2235,175315.952,"Music_rehearsal_studios"
"Volume Unlimited","1C Meadow Works ","","","Barnet","https://volume-unlimited.co.uk/volume-unlimited/","See notes","E09000003","Barnet Vale","E05013628",51.64315,-0.18372,525771.4223,195378.0736,"Music_rehearsal_studios"
"Sensible Music Group","90-96 Brewery Road","","","Islington","https://www.sensible-music.co.uk/rehearsals","5300011689","E09000019","Caledonian","E05013700",51.544259,-0.12440899,530157.2117,184484.67,"Music_rehearsal_studios"
"Brixton Hill Studios","Unit 1, 126 Brixton Hill","","","Lambeth","https://brixtonhillstudios.com/","2.00E+11","E09000022","Brixton Acre Lane","E05014095",51.453056,-0.12096731,530656.2168,174348.938,"Music_rehearsal_studios"
"Terminal Music Studios","Unit 17, Bermondsey Trading Estate","Rotherhithe New Road","","Southwark","https://terminal.co.uk/","2.00E+11","E09000028","South Bermondsey","E05011116",51.489576,-0.05486124,535141.2016,178529.8804,"Music_rehearsal_studios"
"Dalston Rehearsal Studio","73 Stoke Newington Rd","","","Hackney","https://dalstonrehearsalstudio.co.uk/","1.00E+11","E09000012","Shacklewell","E05009382",51.553605,-0.075124287,533547.1757,185612.8285,"Music_rehearsal_studios"
"Rockbottom Music ","68-70 London Road","","","Croydon","https://www.rockbottommusic.co.uk/rehearsal-rooms/","1.00E+11","E09000008","Broad Green","E05011465",51.37949,-0.10389232,532054.2482,166198.9418,"Music_rehearsal_studios"
"Creation Studios","Kentish Town Road and Royal College Street","London","","Camden","https://www.creationmusicstudios.com/","5110315","E09000007","Camden Town","E05013655",51.544672,-0.141309,528984.2265,184500.6937,"Music_rehearsal_studios"
"Urchin Studios","Unit 1, Stonemason's House","Hepscott Road","","Tower Hamlets","https://www.urchinstudios.co.uk/","6736494","E09000030","Bow East","E05009319",51.542873,-0.025130545,537045.0949,184511.7995,"Music_rehearsal_studios"
"Ritz Music Studio","88 Sheen Rd","Richmond","","Richmond upon Thames","https://ritzmusic.co.uk/","1.00E+11","E09000027","South Richmond","E05013786",51.462014,-0.29647238,518439.4303,175047.0046,"Music_rehearsal_studios"
"Soundbox Studios","Unit 4, Pandora House","41-45 Lind Road","","Sutton","https://www.soundboxuk.com/","5870051407","E09000029","Sutton Central","E05013765",51.364904,-0.18623386,526364.256,164432.0958,"Music_rehearsal_studios"
"Dance Attic","368 North End Road","","","Hammersmith and Fulham","https://www.danceattic.com","34069847","E09000013","Walham Green","E05013749",51.481158,-0.19952684,525121.3544,177336.8562,"Music_rehearsal_studios"
"Academy Mews Studios","15 PRATT MEWS","","","Camden","https://www.city-academy.com/locations/academy-mews-studios","5088505","E09000007","Regent's Park","E05013668",51.537178,-0.14054726,529058.234,183668.6934,"Music_rehearsal_studios"
"Battersea Arts Centre","Lavender Hill","","","Wandsworth","https://www.bac.org.uk/","121015942","E09000032","Shaftesbury & Queenstown","E05014019",51.465162,-0.16083884,527852.2738,175624.8274,"Music_rehearsal_studios"
"West London Art Factory ","135 Dukes Road","","","Ealing","https://www.westlondonartfactory.com/","12187273","E09000009","North Acton","E05013527",51.523802,-0.28241924,519254.4214,181940.7752,"Music_rehearsal_studios"
"Fitztrovia Community Centre","2 Foley Street","","","Westminster","https://www.fitzroviacommunitycentre.org/room-hire","10033619463","E09000033","West End","E05013808",51.520181,-0.13877482,529229.2517,181781.7326,"Music_rehearsal_studios"
"St Edward's Church Mottingham","35 St Keverne Road","London","","Bromley","https://www.stedwardsmottingham.org.uk","1.00E+11","E09000006","Mottingham","E05014000",51.427296,0.047864414,542466.1875,171798.9511,"Music_rehearsal_studios"
"St Andrew's Church","St Andrew's Road","Sidcup","","Bexley","www.sidcupsymphony.org.uk","10011847236","E09000004","Sidcup","E05011230",51.431743,0.12685978,547943.1937,172449.8907,"Music_rehearsal_studios"
"Pirate Studios - Dalston ","42-56 Tottenham Road","","","Hackney","https://pirate.com/en/locations/london-dalston/","1.00E+11","E09000012","De Beauvoir","E05009371",51.545472,-0.078193369,533358.1575,184702.8162,"Music_rehearsal_studios"
"Pirate Studios - Wembley ","278 Abbeydale Road","","","Brent","https://pirate.com/en/locations/london-wembley/","202137355","E09000005","Alperton","E05013496",51.538754,-0.28468273,519058.4006,183599.8174,"Music_rehearsal_studios"
"Pirate Studios - Hackney ","13 Rothbury Road","","","Tower Hamlets","https://pirate.com/en/locations/london-hackney/","6722124","E09000030","Bow East","E05009319",51.54218,-0.026689225,536939.0958,184431.8234,"Music_rehearsal_studios"
"Pirate Studios - Tottenham","2 Norman Rd","","","Haringey","https://pirate.com/en/locations/london-tottenham/","1.00E+11","E09000014","South Tottenham","E05013599",51.58254,-0.068431179,533926.2625,188842.7088,"Music_rehearsal_studios"
"Fomo London","225 Camden Road ","","","Camden","https://www.fomo.london/studio","5079631","E09000007","Kentish Town South","E05013664",51.54868,-0.12982341,529769.2114,184966.6802,"Music_rehearsal_studios"
"Mustard Seed Studio","Burford Road","Stratford","","Newham","https://domclarktrio.com/mustard-seed","10009017863","E09000025","Stratford","E05013924",51.537326,-0.000294467,538784.0945,183941.7319,"Music_rehearsal_studios"
"Tiger Studios ","566 Cable St","Limehouse","","Tower Hamlets","https://tigerstudiolondon.co.uk/","See notes ","E09000030","Shadwell","E05009332",51.51148,-0.04271,535919.5715,180988.1048,"Music_rehearsal_studios"
"Arcus Sounds","Unit 7, The Arches","Cranberry Lane","","Newham","https://www.arcussounds.com/writing-rehearsal","10023994441","E09000025","Canning Town North","E05013906",51.522905,0.004796566,539181.0931,182347.7708,"Music_rehearsal_studios"
"Chiswick Rehearsal Room","Ground Floor, Wellington Place","Dolman Road","","Hounslow","https://www.chiswickrehearsalroom.com/","10001271748","E09000018","Chiswick Gunnersbury","E05013609",51.492923,-0.26349897,520648.4307,178537.9014,"Music_rehearsal_studios"
"TACO! (Thamesmead Arts and Culture Office)","Cygnet Sq","","","Bexley","https://taco.org.uk/Cygnet-Square","10094789589","E09000004","Thamesmead East","E05011232",51.49767,0.12293996,547458.0597,179772.9622,"Music_rehearsal_studios"
"Adam Dawe Design Limited","33 St Charles Square","","","Kensington and Chelsea","http://www.adamdawedesign.co.uk","217080087","E09000020","St. Helen's","E05009404",51.51942594,-0.212631056,524107.5188,181570.0444,"Prop_and_costume_making"
"Angels Costumes","1 Garrick Road","","","Barnet","https://angels.uk.com/","200046869","E09000003","West Hendon","E05013649",51.58106059,-0.239865614,522053.0234,188378.1956,"Prop_and_costume_making"
"Applied Arts ","22-27 The Oval","","","Tower Hamlets","http://appliedarts.co.uk/","6024289","E09000030","St Peter's","E05009331",51.53243495,-0.057914861,534802.6667,183290.2406,"Prop_and_costume_making"
"Robert Allsopp","4 Woodside Ave","","","Croydon","www.raprops.com","1.00023E+11","E09000008","Woodside","E05011489",51.39088895,-0.064806899,534740.6619,167537.6226,"Prop_and_costume_making"
"Arch Model Studio","Unit 9 Hamlet Industrial Centre","White Post Lane ","","Tower Hamlets","https://www.sculpt-double.co.uk/projects/?tag=Arch+Model+Studio","6077534","E09000030","Bow East","E05009319",51.5417231,-0.020709331,537355.1201,184392.2064,"Prop_and_costume_making"
"Art House Hire","7 Morris House","Swainson Road","","Ealing","http://www.arthousehire.com","12157848","E09000009","Southfield","E05013540",51.50466127,-0.247362944,521737.2839,179869.9108,"Prop_and_costume_making"
"Backgrounds Prop Hire","40 Brewery Road","","","Islington","https://www.backgroundsprophire.co.uk","10090549981","E09000019","Caledonian","E05013700",51.5448607,-0.119524048,530494.2036,184560.2752,"Prop_and_costume_making"
"Beat about the Bush","Unit 23  Enterprise Way","","","Hammersmith and Fulham","https://www.beataboutthebush.com","34021541","E09000013","College Park & Old Oak","E05013736",51.5284595,-0.240263545,522166.2974,182528.1476,"Prop_and_costume_making"
"China & Co Props Hire ","32 Acton Park","Industrial Estate","The Vale","Ealing","http://chinaandco.com","12140803","E09000009","Southfield","E05013540",51.5052314,-0.257255912,521049.2077,179916.9235,"Prop_and_costume_making"
"Classic Prop Hire","The Vale, Acton","11-12  Trident Way","","Ealing","http://classicprophire.com","12021676","E09000009","Southall Green","E05013538",51.49941325,-0.399897927,511164.1338,179043.9042,"Prop_and_costume_making"
"CosProp","469/475 Holloway Road","","","Islington","http://www.cosprop.com","5300048478","E09000019","Tufnell Park","E05013713",51.55979127,-0.122414267,530251.1729,186215.4336,"Prop_and_costume_making"
"English Touring Theatre","25 Short Street","","","Southwark","https://www.ett.org.uk","2.00003E+11","E09000028","Borough & Bankside","E05011095",51.50235476,-0.105408723,531595.3565,179858.8406,"Prop_and_costume_making"
"Europa International ","Europa House"," Meaford Way","","Bromley","http://www.europainternational.com","1.00023E+11","E09000006","Penge & Cator","E05014002",51.41443104,-0.06077792,534951.6897,170162.9374,"Prop_and_costume_making"
"Farley Prop Hire","1-21  Brunel Road","","","Hammersmith and Fulham","https://www.farley.co.uk","12139149","E09000013","College Park & Old Oak","E05013736",51.51900491,-0.250315243,521494.2453,181460.0638,"Prop_and_costume_making"
"FBFX Limited","Unit 4 Vector Park"," Forest Road","","Hounslow","https://www.fbfx.co.uk","10091689757","E09000018","Hanworth Park","E05013615",51.44030077,-0.400484116,511266.9641,172469.3866,"Prop_and_costume_making"
"Film Medical","5-7  Commercial Way","","","Brent","http://filmmedical.co.uk","202108303","E09000005","Stonebridge","E05013510",51.53212128,-0.269985321,520095.0864,182886.219,"Prop_and_costume_making"
"Flux Metal","25 Hatcham Road","","","Southwark","http://fluxmetal.co.uk/","10013524422","E09000028","Old Kent Road","E05011109",51.48186015,-0.053366686,535267.7828,177674.6446,"Prop_and_costume_making"
"Fox Umbrellas Limited","240A Wickham Road","","","Croydon","https://www.foxumbrellas.com","1.00023E+11","E09000008","Shirley South","E05011483",51.37404183,-0.045744127,536116.7956,165699.4411,"Prop_and_costume_making"
"Foxtrot Costume and Props Ltd","3B  Brassie Avenue","","","Hammersmith and Fulham","https://www.foxtrotcostumeandprops.co.uk/","12150243","E09000013","College Park & Old Oak","E05013736",51.51502319,-0.248666068,521619.2627,181020.0212,"Prop_and_costume_making"
"Granger Hertzog","Unit 8 Central Park","Central Way","","Ealing","https://www.grangerhertzog.com/","202209337","E09000009","North Acton","E05013527",51.53098665,-0.263799236,520527.1346,182770.2031,"Prop_and_costume_making"
"Ince Umbrellas","63 Vyner Street","","","Tower Hamlets","http://www.jamesince.co.uk/","6041714","E09000030","St Peter's","E05009331",51.53448012,-0.052708443,535157.7018,183527.2792,"Prop_and_costume_making"
"Industrial Lights","The Waterside Trading Centre","90-95 Trumpers Way","","Ealing","http://www.industriallights.co.uk","12142952","E09000009","Hanwell Broadway","E05013525",51.5010213,-0.340243538,515300.5698,179314.9358,"Prop_and_costume_making"
"Maison Henry Bertrand","13-15  Station Road","","","Barnet","https://www.maisonhenrybertrand.com","10093298811","E09000003","Finchley Church End","E05013639",51.59999267,-0.191458643,525354.7724,190565.4045,"Prop_and_costume_making"
"Matter SFX","20B Rigg Approach","","","Waltham Forest","http://www.mattersfx.com/","10093559300","E09000031","Lea Bridge","E05013895",51.56686882,-0.037759488,536097.8498,187156.629,"Prop_and_costume_making"
"Men At Work ","Waterside Centre","90-95 Trumpers Way","","Ealing","http://menatwork.co.uk/contact/","12142952","E09000009","Hanwell Broadway","E05013525",51.5010213,-0.340243538,515300.5698,179314.9358,"Prop_and_costume_making"
"Meta Props","Unit 20 Kingsgate Workshops","110 Kingsgate Road","","Camden","http://www.metaprops.co.uk/","5087816","E09000007","Kilburn","E05013665",51.54384676,-0.195245893,525246.6178,184315.2958,"Prop_and_costume_making"
"Mistral Models","Long Lane Farm","Long Lane","","Hillingdon","http://mistralmodels.com","1.00023E+11","E09000017","Ickenham & South Harefield","E05013573",51.55559322,-0.4412505,508160.7657,185229.537,"Prop_and_costume_making"
"Prangsta","302-304 New Cross Road","","","Lewisham","http://www.prangsta.co.uk","10070773818","E09000023","Brockley","E05013716",51.4748764,-0.035834493,536505.9315,176930.592,"Prop_and_costume_making"
"Prop Hire and Deliver","Popin Business Centre","Unit 20  South Way","","Brent","http://www.prophireanddeliver.com/","202054543","E09000005","Tokyngton","E05013512",51.55443582,-0.273784064,519773.0408,185361.4633,"Prop_and_costume_making"
"Puppets Magic Studio","Unit 419, Pill Box Studios","115 Coventry Roa","","Tower Hamlets","https://www.puppetsmagic.co.uk/","6193059","E09000030","St Peter's","E05009331",51.52468661,-0.055858938,534968.1637,182432.3893,"Prop_and_costume_making"
"Raoul Wig Makers","34 Craven Road","","","Westminster","http://www.raoulwigmakers.co.uk/","10033571162","E09000033","Lancaster Gate","E05013798",51.51326502,-0.177544148,526558.7948,180944.9722,"Prop_and_costume_making"
"Ron Briggs Design","1 Bedford Mews","","","Barnet","http://www.ronbriggs.com/","200216781","E09000003","East Finchley","E05013636",51.59144599,-0.163506874,527314.4582,189663.28,"Prop_and_costume_making"
"Sands Films ","82 Marychurch Street","","","Southwark","http://www.sandsfilms.co.uk/","2.00003E+11","E09000028","Rotherhithe","E05011112",51.50108058,-0.051798296,535319.7622,179814.8461,"Prop_and_costume_making"
"Sets Appeal Limited","New River Studios","199 Eade Road","","Hackney","http://www.setsappeal.co.uk/about/","10022945372","E09000012","Woodberry Down","E05009387",51.57444685,-0.086549795,532694.5248,187909.6781,"Prop_and_costume_making"
"Setwo Ltd","Unit 48, T Marchant Trading Estate"," Verney Road","","Southwark","https://www.setwo.co.uk/","10000813689","E09000028","Old Kent Road","E05011109",51.48441856,-0.056873345,535016.7524,177952.666,"Prop_and_costume_making"
"Smoking Apples ","The Old Police Station","114 Amersham Vale ","","Lewisham","http://smokingapplestheatre.com","10095995140","E09000023","Deptford","E05013719",51.4789292,-0.030273547,536879.9668,177391.6378,"Prop_and_costume_making"
"Stockyard Backdrops","Unit A Genesis Business Park","Rainsford Road","","Brent","https://www.prophire-backdrophire.com","202191752","E09000005","Stonebridge","E05013510",51.53317767,-0.276376544,519649.036,182993.2369,"Prop_and_costume_making"
"Studio Meno Ltd","Napier Works","Napier Road","","Newham","https://www.studiomeno.com","10008994852","E09000025","Wall End","E05013926",51.53024383,0.063548175,543233.7199,183277.2401,"Prop_and_costume_making"
"Superhire","D Link House","1 Abbey Road","","Brent","http://www.superhire.com","202142808","E09000005","Stonebridge","E05013510",51.53812684,-0.274732981,519750.0432,183546.2891,"Prop_and_costume_making"
"The Costume Studio","Montgomery House","159-161  Balls Pond Road","","Hackney","http://www.costumestudio.co.uk/","1.00023E+11","E09000012","De Beauvoir","E05009371",51.54583387,-0.080769306,533178.4952,184738.361,"Prop_and_costume_making"
"Visual Impact Creative Limited","St John’s Foundry","12 St John’s Road","Hampton Wick","Richmond upon Thames","http://www.visual-impact.co.uk","10070721240","E09000027","Hampton Wick & South Teddington","E05013780",51.41207787,-0.310763104,517574.8226,169470.8771,"Prop_and_costume_making"
"A Construction Production","Unit 3a Holmshaw Farm","Layham’s Road","","Bromley","https://aconstructionproduction.com/","See notes","E09000006","Darwin","E05013996",51.3389,0.00212,539554.5013,161881.3605,"Prop_and_costume_making"
"Electro Props","13 Commercial Way","Park Royal","","Brent","http://electroprops.co.uk","202108295","E09000005","Stonebridge","E05013510",51.53324,-0.27169744,519973.3976,183007.8198,"Prop_and_costume_making"
"Get Set Hire","Units 4 & 5 Wave Trade Park","Concord Road","","Ealing","http://www.getsethire.co.uk","12195239","E09000009","North Acton","E05013527",51.525562,-0.27912394,519478.4133,182141.8623,"Prop_and_costume_making"
"Scenic Souvenir Studios ","Unit 60, T Marchant Estate","46-72 Verney Road","","Southwark","https://www.souvenir.co.uk/","No UPRN","E09000028","Old Kent Road","E05011109",51.48576,-0.05959,534824.182,178096.8276,"Prop_and_costume_making"
"United Colours of Mas","13A Heybridge Way ","London","","Waltham Forest","http://unitedcoloursofmas.com","No UPRN","E09000031","Lea Bridge","E05013895",51.56981,-0.03161,536515.2147,187495.1354,"Prop_and_costume_making"
"Propworks","Unit 1, Canterbury Industrial Estate","295-297 Ilderton Road","","Southwark","https://www.propworks.co.uk/","See notes","E09000028","Old Kent Road","E05011109",51.48116,-0.05348,535261.986,177596.5793,"Prop_and_costume_making"
"Cloud and Horse ","Unit 1 Delta Wharf","271-287 Tunnel Avenue","","Greenwich","https://www.cloudandhorse.co.uk/","1.00024E+11","E09000011","Greenwich Peninsula","E05014082",51.49942,0.000379869,538946.1487,179727.9215,"Prop_and_costume_making"
"Abbey Fabrics","Prop House","Abbey Road","","Brent","www.abbeyfabrics.co.uk","202142808","E09000005","Stonebridge","E05013510",51.538631,-0.27632385,519638.3964,183599.7548,"Prop_and_costume_making"
"London Prop Hire ","Unit 38 Wimbledon Stadium Business Centre","Riverside Road","","Wandsworth","https://www.londonprophire.com","121051108","E09000032","Wandsworth Common","E05014027",51.432926,-0.18987123,525924.2957,171989.9458,"Prop_and_costume_making"
"KEMP London","32 Shacklewell Lane","","","Hackney","https://www.kemplondon.com","1.00023E+11","E09000012","Dalston","E05009370",51.550857,-0.072643936,533727.1694,185311.7803,"Prop_and_costume_making"
"La Maison London","No.1 Old Oak Lane","","","Ealing","https://www.lamaisonlondon.com","12139253","E09000009","North Acton","E05013527",51.531526,-0.24707942,521685.3604,182857.8119,"Prop_and_costume_making"
"Accessories of Old","Railway Arch 10","Munster Road","","Hammersmith and Fulham","https://www.accessoriesofold.com","34042851","E09000013","Fulham Town","E05013739",51.4726,-0.20383793,524845.3475,176377.8384,"Prop_and_costume_making"
"MDM Props Ltd","South Warehouse, Greenwich Beach","Morden Wharf Road","Tunnel Avenue","Greenwich","http://www.mdmprops.co.uk","10010261801","E09000011","Greenwich Peninsula","E05014082",51.493448,0.00359027,539187.1728,179069.9279,"Prop_and_costume_making"
"Marcus Hall Props","Rear of 324-326 Lewisham High Street (Entrance on ","London","","Lewisham","http://www.marcushallprops.com","No UPRN","E09000023","Ladywell","E05013725",51.45716,-0.01482,538018.6755,174999.9147,"Prop_and_costume_making"
"Theme Traders","Production Village","Turpins Yard","Oaklands Road","Brent","https://www.themetraders.com/","202036714","E09000005","Cricklewood & Mapesbury","E05013499",51.554625,-0.21771668,523659.2999,185475.6615,"Prop_and_costume_making"
"Almost Everything","70 MORECAMBE STREET","London","","Southwark","https://almost-everything.co.uk","2.00003E+11","E09000028","North Walworth","E05011107",51.488951,-0.092382719,532538.2354,178391.8147,"Prop_and_costume_making"
"Footprint Scenery","Unit 9, Klinger Industrial Park","10 Edgington Way","Sidcup","Bromley","http://footprintscenery.co.uk","No UPRN","E09000006","St Paul's Cray","E05014007",51.41348,0.1242,547817.204,170413.7648,"Prop_and_costume_making"
"Make It London Ltd","Unit 0-007 Harrington Way","London","","Greenwich","https://www.make-it.london","No UPRN","E09000011","Charlton Village & Riverside","E05014075",51.49447,0.04232,541872.4245,179257.8816,"Prop_and_costume_making"
"Vivid Design Works","Unit 6, Orion Business Centre","Surrey Canal Road","","Lewisham","https://www.vividdesignworks.co.uk/","No UPRN","E09000023","New Cross Gate","E05013728",51.48498,-0.0484,535603.3787,178030.7547,"Prop_and_costume_making"
"Academy London","50 Rushworth Street","","","Southwark","http://www.academycostumes.co.uk","2.00003E+11","E09000028","Borough & Bankside","E05011095",51.501891,-0.10231742,531811.2355,179812.8276,"Prop_and_costume_making"
"Costume Boutique","26, 10 Acklam Rd","London","","Kensington and Chelsea","https://www.costumeboutique.co.uk","No UPRN","E09000020","Golborne","E05009396",51.51938,-0.20636,524542.709,181575.5799,"Prop_and_costume_making"
"Will Skeet","Studio 113, Regent House"," 1 Thane Villas","","Islington","https://willskeet.com","See notes","E09000019","Finsbury Park","E05013703",51.56092,-0.11293,530905.3397,186357.8875,"Prop_and_costume_making"
"Howling Hands","Unit 3, Lockwood Way","","","Hackney","https://www.howlinghands.com","No UPRN","E09000012","Hackney Wick","E05009374",51.5442,-0.02436,537094.5382,184660.8047,"Prop_and_costume_making"
"Propability","50 Willow Lane","Mitcham","","Merton","https://www.propability.co.uk/","48130319","E09000024","Cricket Green","E05013813",51.392495,-0.16723296,527610.2398,167533.1277,"Prop_and_costume_making"
"Rosie Tonkin","Studio 3","3 - 5 Latona Road","","Southwark","http://www.rosietonkin.co.uk/","2.00003E+11","E09000028","Old Kent Road","E05011109",51.481949,-0.071129139,534034.2219,177651.8631,"Prop_and_costume_making"
"Alex Rouse Wig Company Ltd","5 Tottenham Green Workshops","2 Somerset Road","","Haringey","www.alexrouse.co.uk","1.00023E+11","E09000014","Tottenham Hale","E05013602",51.589642,-0.069371485,533840.2719,189630.7555,"Prop_and_costume_making"
"New London Performing Arts Centre","76 St James Lane, Muswell Hill, N10 3RD","","","Haringey","https://nlpac.co.uk","10003973500","E09000014","Muswell Hill","E05013594",51.588142,-0.13965084,528976.2308,189337.6307,"Prop_and_costume_making"
"Craft Central","397-411 Westferry Road","","","Tower Hamlets","https://www.craftcentral.org.uk","6653025","E09000030","Island Gardens","E05009324",51.48879,-0.01918591,537620.1695,178508.9308,"Prop_and_costume_making"
"Prop Studios","121 Curtain Road ","Shoreditch","","Hackney","https://www.propstudios.co.uk/","See notes","E09000012","Hoxton East & Shoreditch","E05009377",51.52592,-0.08055,533251.8225,182524.2749,"Prop_and_costume_making"
"Little Angel Studios","Sebbon Street","","","Islington","https://www.littleangeltheatre.com/","No UPRN","E09000019","St Mary's & St James'","E05013710",51.54089,-0.10028,531839.9976,184153.2203,"Prop_and_costume_making"
"Sunshine International Arts","Studio 5 209A","Coldhabour Lane","","Lambeth","https://www.sunshineiarts.co.uk","No UPRN","E09000022","Herne Hill & Loughborough Junction","E05014104",51.46619534,-0.10204378,531933.1156,175843.9377,"Prop_and_costume_making"
"Matter ","Studio 1Unit 13","Elizabeth Industrial Estate","Juno Way","Lewisham","http://mttr.uk/","10093394512","E09000023","New Cross Gate","E05013728",51.48219844,-0.042894815,535993.8641,177731.6573,"Set_and_exhibition_building"
"White Light Ltd","20 Merton Industrial Park","Jubilee Way","","Merton","https://www.whitelight.ltd.uk","48101205","E09000024","Abbey","E05013810",51.41079639,-0.186377363,526228.0378,169535.1391,"Set_and_exhibition_building"
"Aldworth James & Bond","Unit 305, 34-37, Parkside Business Estate","Rolt St","","Lewisham","https://aldworthjamesandbond.co.uk/contact","1.00022E+11","E09000023","Deptford","E05013719",51.48263867,-0.035875438,536479.9172,177793.67,"Set_and_exhibition_building"
"Block 9 ","The Silver Building","60 Dock Road","","Newham","https://www.block9.com","10008985422","E09000025","Royal Victoria","E05013923",51.5042494,0.01873578,540205.3362,180299.9298,"Set_and_exhibition_building"
"Exib","Unit 1","Fourth Way","","Brent","http://www.exib.co.uk","202096971","E09000005","Wembley Park","E05013516",51.55916233,-0.270459745,519991.0679,185892.513,"Set_and_exhibition_building"
"Flints Theatrical Chandlers","Unit 9 Deptford Trading Estate","Blackhorse Road","","Lewisham","https://www.flints.co.uk/","1.00023E+11","E09000023","Evelyn","E05013721",51.48388144,-0.038659768,536282.8938,177926.6785,"Set_and_exhibition_building"
"Flux Metal","25 Hatcham Road","","","Southwark","http://fluxmetal.co.uk/","10013524422","E09000028","Old Kent Road","E05011109",51.48186015,-0.053366686,535267.7828,177674.6446,"Set_and_exhibition_building"
"Helix 3D Ltd","The Old Turbine Factory","138-140  Nathan Way","","Greenwich","https://helix3d.co.uk/","1.00023E+11","E09000011","Plumstead & Glyndon","E05014087",51.49446801,0.101439427,545976.0114,179373.8346,"Set_and_exhibition_building"
"TAIT","Unit 9, Falcon Park","Neasden Lane","","Brent","http://www.taittowers.com","202009207","E09000005","Dollis Hill","E05013500",51.55390806,-0.247288163,521611.2118,185346.4184,"Set_and_exhibition_building"
"J.D. McDougall Ltd","4 McGrath Road","","","Newham","http://www.mcdougall.co.uk/","46255499","E09000025","Forest Gate South","E05013912",51.54601463,0.014122057,539757.2738,184935.3662,"Set_and_exhibition_building"
"James Glancy Design","16-28 Penarth Street","","","Southwark","https://www.jamesglancydesign.com/","10096038264","E09000028","Old Kent Road","E05011109",51.48281328,-0.053354899,535265.7819,177780.6535,"Set_and_exhibition_building"
"Kemp London ","32 Shackwell Lane","","","Hackney","http://www.kemplondon.com/","1.00023E+11","E09000012","Dalston","E05009370",51.55035077,-0.071029366,533840.5886,185258.4414,"Set_and_exhibition_building"
"London Atelier","Studio 7","160 Barlby Road","","Kensington and Chelsea","http://www.londonatelier.com/","217120729","E09000020","Dalgarno","E05009394",51.52308058,-0.215594042,523892.0407,181971.4325,"Set_and_exhibition_building"
"Manktelow Limited","Unit 7, 1a Saxon Road","","","Haringey","http://www.manktelow.co.uk","1.00023E+11","E09000014","White Hart Lane","E05013604",51.60039219,-0.095337191,532010.4892,190778.9941,"Set_and_exhibition_building"
"Meta Props","Unit 20 Kingsgate Workshops","110 Kingsgate Road","","Camden","http://www.metaprops.co.uk/","5087816","E09000007","Kilburn","E05013665",51.54384676,-0.195245893,525246.6178,184315.2958,"Set_and_exhibition_building"
"RDW Scenery ","Unit A Genesis Business Park","Rainsford Road","","Brent","https://www.scenery-construction.com/","202191752","E09000005","Stonebridge","E05013510",51.53317767,-0.276376544,519649.036,182993.2369,"Set_and_exhibition_building"
"Rigging Services","3 Mills Studios","Three Mill Lane","","Newham","https://riggingservices.co.uk","10009018097","E09000025","Stratford","E05013924",51.52633408,-0.004683048,538513.0877,182711.1065,"Set_and_exhibition_building"
"S2 Events","141-143  Nathan Way","","","Greenwich","http://s2events.co.uk","1.00023E+11","E09000011","West Thamesmead","E05014091",51.49559596,0.101231958,545958.0074,179498.8506,"Set_and_exhibition_building"
"Scenic Sets","Stadium Business Center ","Unit 45 North End Road","","Brent","http://www.scenicsets.com","202001588","E09000005","Wembley Park","E05013516",51.56019152,-0.270117696,520012.0685,186007.5257,"Set_and_exhibition_building"
"Setbuild Limited","Unit 4D Triumph Trading Estate","Tariff Road","","Haringey","http://www.setbuilduk.com","1.00023E+11","E09000014","Northumberland Park","E05013596",51.6062537,-0.057885594,534586.8159,191499.1476,"Set_and_exhibition_building"
"Sets Appeal Limited","New River Studios","199 Eade Road","","Hackney","http://www.setsappeal.co.uk/about/","10022945372","E09000012","Woodberry Down","E05009387",51.57444685,-0.086549795,532694.5248,187909.6781,"Set_and_exhibition_building"
"Setwo Ltd","Unit 48  T Marchant Trading Estate"," Verney Road","","Southwark","https://www.setwo.co.uk/","10000813689","E09000028","Old Kent Road","E05011109",51.48441856,-0.056873345,535016.7524,177952.666,"Set_and_exhibition_building"
"Simon Morris Associates Limited (SMA)","Ravensquay Business Centre  Cray Avenue","","","Bromley","http://www.madesignstudios.com","1.00024E+11","E09000006","St Mary Cray","E05014006",51.38806247,0.110345208,546935.1458,167559.4864,"Set_and_exhibition_building"
"Stockyard Backdrops","Unit A Genesis Business Park","Rainsford Road","","Brent","https://www.prophire-backdrophire.com","202191752","E09000005","Stonebridge","E05013510",51.53317767,-0.276376544,519649.036,182993.2369,"Set_and_exhibition_building"
"Studio Meno Ltd","Napier Works","Napier Road","","Newham","https://www.studiomeno.com","10008994852","E09000025","Wall End","E05013926",51.53024383,0.063548175,543233.7199,183277.2401,"Set_and_exhibition_building"
"The Holmes Wood Consultancy Limited","1 Monkwell Square","","","City of London","http://www.holmes-wood.com","2E+11","E09000001","Bassishaw","E05009290",51.51767422,-0.092970856,532414.155,181584.786,"Set_and_exhibition_building"
"Trinity HQ","Unit A, Barton Buildings","Arundel Road","Uxbridge Industria","Hillingdon","https://trinityset.co.uk","10009948118","E09000017","Uxbridge","E05013580",51.53591265,-0.489979319,504827.8304,182970.0114,"Set_and_exhibition_building"
"Visual Impact Creative Limited","St John’s Foundry","12 St John’s Road","Hampton Wick","Richmond upon Thames","http://www.visual-impact.co.uk","10070721240","E09000027","Hampton Wick & South Teddington","E05013780",51.41207787,-0.310763104,517574.8226,169470.8771,"Set_and_exhibition_building"
"The Whitewall Company","The Old Cannon Factory","10A Europa Estate Fraser Road","","Bexley","http://thewhitewall.co.uk","1.00024E+11","E09000004","Erith","E05011225",51.48254702,0.172223312,550928.6596,178191.6915,"Set_and_exhibition_building"
"Adam Dawe Design Limited","33 St Charles Square","","","Kensington and Chelsea","http://www.adamdawedesign.co.uk","217080087","E09000020","St. Helen's","E05009404",51.51942594,-0.212631056,524107.5188,181570.0444,"Set_and_exhibition_building"
"Diagon","12 Viking Way","Erith","","Bexley","http://www.diagonltd.com","10011847610","E09000004","Erith","E05011225",51.491845,0.16752912,550572.0736,179215.9232,"Set_and_exhibition_building"
"Illusion Design & Construct","Unit 8A Fisher's Way","Belvedere","","Bexley","N/A","10094789120","E09000004","Belvedere","E05011218",51.500702,0.1661051,550444.0278,180197.8503,"Set_and_exhibition_building"
"Other Fabrications Ltd","Studio 5, 19 Warburton Road","London","","Hackney","https://otherfabrications.com/","No UPRN","E09000012","London Fields","E05009381",51.53839,-0.05779,534793.7376,183952.6973,"Set_and_exhibition_building"
"Pendragon Fine Art Frames Ltd","Unit 10 Rangemoor Industrial Estate","Rangemoor Road","Seven Sisters","Haringey","1.00E+11","No UPRN","E09000014","South Tottenham","E05013599",51.5821,-0.06882,533900.6159,188793.0673,"Set_and_exhibition_building"
"Metro production Group (MPG)","Rose Court, 2 Southwark Bridge Road","","","Southwark","https://www.metroproductiongroup.com/","2.00003E+11","E09000028","Borough & Bankside","E05011095",51.507433,-0.095271087,532284.2222,180441.8001,"Set_and_exhibition_building"
"Scenic Souvenir Studios ","Unit 60, T Marchant Estate","46-72 Verney Road","","Southwark","https://www.souvenir.co.uk/","No UPRN","E09000028","Old Kent Road","E05011109",51.48576,-0.05959,534824.182,178096.8276,"Set_and_exhibition_building"
"Footprint Scenery","Unit 9, Klinger Industrial Park","10 Edgington Way","Sidcup","Bromley","http://footprintscenery.co.uk","No UPRN","E09000006","St Paul's Cray","E05014007",51.41348,0.1242,547817.204,170413.7648,"Set_and_exhibition_building"
"Keam George Agency","Unit 125, Westbourne Studios","242 Acklam Rd","","Kensington and Chelsea","https://www.kgagency.co.uk/","See notes","E09000020","Golborne","E05009396",51.52143,-0.20312,524761.8885,181809.0584,"Set_and_exhibition_building"
"Made CNC","Unit 12, Leyton Studios","15 Argall Ave","","Waltham Forest","www.madecnc.co.uk","10024421357","E09000031","Lea Bridge","E05013895",51.570217,-0.041117679,535855.1646,187522.7186,"Set_and_exhibition_building"
"Firecracker Works","The Old Aircraft Hangar","Wimbledon West Goods Yard","Dundonald Rd","Merton","https://www.firecrackerworks.co.uk/","No UPRN","E09000024","Wimbledon Town & Dundonald","E05013829",51.41862,-0.20922,524618.2719,170366.078,"Set_and_exhibition_building"
"Supersets Ltd","The Depot","Thomas Lane","","Lewisham","https://supersets.co.uk/","2.00001E+11","E09000023","Rushey Green","E05013730",51.445521,-0.022613199,537512.2103,173691.0258,"Set_and_exhibition_building"
"Scott Fleary Productions","Units 1-4, Block A, Vale Industrial Park","170 Rowan Road","","Merton","https://www.scottfleary.com/","48117792","E09000024","Longthornton","E05013818",51.409765,-0.14123467,529370.1998,169499.0527,"Set_and_exhibition_building"
"Scruffy Dog Creative Group","Unit 5, Bow Enterprise Park","Fittleton Gardens","","Tower Hamlets","www.scruffydogltd.com","No UPRN","E09000030","Bromley South","E05009322",51.52078,-0.01685,537685.8745,182070.549,"Set_and_exhibition_building"
"Standbuilder","11-15A Lyon Road","London","","Merton","http://standbuilder.co.uk/en/","48046262","E09000024","Abbey","E05013810",51.412247,-0.18604332,526247.2756,169697.0225,"Set_and_exhibition_building"
"Cloud and Horse ","Unit 1 Delta Wharf","271-287 Tunnel Avenue","","Greenwich","https://www.cloudandhorse.co.uk/","1.00024E+11","E09000011","Greenwich Peninsula","E05014082",51.49942,0.000379869,538946.1487,179727.9215,"Set_and_exhibition_building"
"Cutting Edge","Unit 1, Beeby Road","","","Newham","http://cuttingedge.uk.net/","10008984020","E09000025","Custom House","E05013908",51.517041,0.024199117,540545.1095,181732.8067,"Set_and_exhibition_building"
"Little Parrot Set Construction ","12 Imperial Way","","","Croydon","https://littleparrot.co.uk/","1.00023E+11","E09000008","Waddon","E05011487",51.358903,-0.11988179,531000.234,163881.0196,"Set_and_exhibition_building"
"The London Display Co Ltd","20 St Thomas St","","","Southwark","https://www.thelondondisplay.com/","No UPRN","E09000028","London Bridge & West Bermondsey","E05011104",51.50474,-0.08847,532764.0005,180154.6414,"Set_and_exhibition_building"
"Skyline Whitespace Exhibition Stands and Events","320 Western Road","","","Merton","https://www.skylinewhitespace.com/","48085938","E09000024","Lavender Fields","E05013817",51.412638,-0.17647933,526911.2591,169757.0012,"Set_and_exhibition_building"
"Croga Studio","373 Kennington Rd","","","Lambeth","https://www.crogastudiobuilds.com/","10000445110","E09000022","Kennington","E05014105",51.486524,-0.11079108,531267.2571,178088.7932,"Set_and_exhibition_building"
"DRS Construction","65 NORTH ACTON ROAD","","","Ealing","http://www.drsconstruction.co.uk/","12183422","E09000009","North Acton","E05013527",51.530534,-0.25961729,520818.3899,182726.7552,"Set_and_exhibition_building"
"Freeform","154 Dukes Road ","London","","Ealing","https://freeform-design.com/","12096644","E09000009","North Acton","E05013527",51.525439,-0.28306401,519205.4201,182121.7667,"Set_and_exhibition_building"
"Shape Design & Build Ltd","Sun Studios","30 Warple Way","","Ealing","https://www.shapedesignbuild.com/","12149827","E09000009","Southfield","E05013540",51.504944,-0.2561256,521128.4115,179886.8314,"Set_and_exhibition_building"
"Big Sky London","29-31 Brewery Road","","","Islington","https://www.bigskylondon.com/","5300011667","E09000019","Caledonian","E05013700",51.544628,-0.1227353,530272.2088,184528.6799,"Set_and_exhibition_building"
"Set Surfaces ","Unit 37, Townmead Business Centre","William Morris Way","","Hammersmith and Fulham","https://setsurfaces.co.uk","34116523","E09000013","Sands End","E05013747",51.468443,-0.18552883,526128.308,175946.9079,"Set_and_exhibition_building"
"Metropolis Construction (/Flash Film Transport)","Uxbridge Industrial Estate","54 Wallingford Road","Uxbridge","Hillingdon","https://www.flashfilmtransport.com/set-construction","No UPRN","E09000017","Uxbridge","E05013580",51.53591,-0.48859,504924.1907,182971.7062,"Set_and_exhibition_building"
"Rule One Productions","Unit 4, Enterprise Park","10 Argall Way","","Waltham Forest","https://www.ruleoneproductions.com/","1.00023E+11","E09000031","Lea Bridge","E05013895",51.567974,-0.035485584,536252.1339,187283.7537,"Set_and_exhibition_building"
"Silver Building (Projekt)","60 Dock road, London E16 1YZ","","","Newham","http://thesilverbuilding.com","10008985422","E09000025","Royal Victoria","E05013923",51.504762,0.017112899,540091.1371,180353.824,"Set_and_exhibition_building"
"Bloomsbury Studio","15 Gordon street, London WC1H 0AH","","","Camden","https://www.ucl.ac.uk/culture/bloomsbury-theatre-studio","5007085","E09000007","Bloomsbury","E05013653",51.525068,-0.13278042,529631.2384,182335.7648,"Set_and_exhibition_building"
"Craft Central","397-411 Westferry Road London E14 3AE","","","Tower Hamlets","https://www.craftcentral.org.uk","6653025","E09000030","Island Gardens","E05009324",51.48879,-0.01918591,537620.1695,178508.9308,"Set_and_exhibition_building"
"Bysshe Partnership","Durham Wharf","Hammersmith Terrace","","Hammersmith and Fulham","http://www.bysshe.co/","34133903","E09000013","Ravenscourt","E05013746",51.48873617,-0.242110572,522144.3379,178107.7364,"Textile_design"
"Cover-Tex Ltd","56-58 Fowler Road","","","Redbridge","https://www.covertexltd.co.uk","1.00023E+11","E09000026","Hainault","E05011245",51.60837451,0.126398858,547340.2777,192090.1203,"Textile_design"
"Embroidery BY Design Limited","Unit 3","24 Wandsworth Road","","Ealing","https://www.embroidery-by-design.co.uk/","12087939","E09000009","Perivale","E05013534",51.53512597,-0.310147826,517301.7549,183155.3002,"Textile_design"
"Fabrications","7 Broadway Market","","","Hackney","https://fabrications1.co.uk","1.00023E+11","E09000012","London Fields","E05009381",51.53542244,-0.060729564,534598.6417,183617.278,"Textile_design"
"Insley & Nash","Unit 56 ","Parkside Business Estate","","Lewisham","http://www.insleyandnash.co.uk/","1.00023E+11","E09000023","Deptford","E05013719",51.48275888,-0.036071934,536465.9155,177806.6709,"Textile_design"
"Just Jersey Ltd","Unit 15","Etloe Road","","Waltham Forest","","1.00023E+11","E09000031","Leyton","E05013896",51.56374574,-0.02049135,537303.9486,186841.5631,"Textile_design"
"Nicola Killeen Textiles","8 Audrey Street","","","Tower Hamlets","http://www.nktextiles.com/contact.html","1.00023E+11","E09000030","St Peter's","E05009331",51.53272517,-0.064045491,534376.6223,183311.2291,"Textile_design"
"Protech Embroidery Ltd","Unit 44","Argall Avenue","","Waltham Forest","https://protechemb.co.uk","1.00024E+11","E09000031","Lea Bridge","E05013895",51.5704627,-0.041313766,535840.8457,187549.6772,"Textile_design"
"Woven","Studio E01","400 Caledonian Road","","Islington","http://www.rarethread.co.uk/","10091006312","E09000019","Barnsbury","E05013698",51.54231601,-0.115071278,530810.2407,184285.2481,"Textile_design"
"Building BloQs","4 Anthony Way","","","Enfield","http://buildingbloqs.com","207197342","E09000010","Upper Edmonton","E05013694",51.60814691,-0.037077531,536021.9659,191748.2007,"Textile_design"
"The  Chocolate Factory","5 Clarendon Road","","","Haringey","https://www.workspace.co.uk/workspaces/the-chocolate-factory","10003979446","E09000014","Noel Park","E05013595",51.59465,-0.11471,530685.3022,190105.6207,"Textile_design"
"Clockwork Studios","38 Southwell Road","","","Lambeth","http://www.clockworkstudios.co.uk/","10093379709","E09000022","Herne Hill & Loughborough Junction","E05014104",51.46662,-0.09846,532180.8098,175897.6194,"Textile_design"
"Cockpit Bloomsbury","Cockpit Yard","Northington Street","","Camden","https://cockpitstudios.org","5129260","E09000007","Holborn & Covent Garden","E05013662",51.521494,-0.11620561,530791.2257,181967.7979,"Textile_design"
"Cockpit Deptford","Cockpit Arts","18-22 Creekside","","Lewisham","https://cockpitstudios.org","1.00023E+11","E09000023","Deptford","E05013719",51.478626,-0.020677597,537547.1945,177375.9015,"Textile_design"
"Make Space Studios","Newnham Terrace","","","Lambeth","http://www.makespacestudios.com","10001114119","E09000022","Waterloo & South Bank","E05014118",51.498633,-0.11328718,531059.2524,179430.8559,"Textile_design"
"Stoke Newington Library","184 Stoke Newington Church Street","","","Hackney","https://spacestudios.org.uk/buildings/stoke-newington-library/","1.00023E+11","E09000012","Clissold","E05009369",51.561617,-0.082822041,532990.2008,186489.7439,"Textile_design"
"Kingsgate Workshops","110-116 Kingsgate Road","","","Camden","www.kingsgateworkshops.org.uk","5087816","E09000007","Kilburn","E05013665",51.544352,-0.19684605,525134.2782,184368.7438,"Textile_design"
"Fashion Formula","Unit 14, Sapcote Trading Estate, High Rd","","","Brent","http://www.fashion-formula.com","202040339","E09000005","Roundwood","E05013509",51.550533,-0.24269974,521938.3158,184978.7252,"Textile_design"
"Kindred Studios","13 Market Lane","Sheperds Bush","","Hammersmith and Fulham","https://www.kindredstudios.co.uk/","34164567","E09000013","Shepherd's Bush Green","E05013748",51.503473,-0.22637003,523197.3699,179772.8501,"Textile_design"
"The London Embroidery Studio","38 Ermine Mews, Laburnum St, London, E2 8BF","","","Hackney","https://www.londonembroiderystudio.com/","1.00024E+11","E09000012","Haggerston","E05009375",51.535542,-0.07587201,533548.1562,183602.8004,"Textile_design"
"Hand & Lock","86 Margaret Street, London, W1W 8TE","","","Westminster","https://handembroidery.com","1.00023E+11","E09000033","West End","E05013808",51.517112,-0.13802074,529290.2542,181441.7865,"Textile_design"
"Oxo Tower Wharf","Barge House St","South Bank","","Southwark","https://coinstreet.org/oxo-tower-wharf","2.00003E+11","E09000028","Borough & Bankside","E05011095",51.508346,-0.10836102,531373.2352,180519.7701,"Textile_design"
"Triangle","129-131 Mare Street","Hackney","","Hackney","https://spacestudios.org.uk/buildings/triangle-e8/","1.00024E+11","E09000012","London Fields","E05009381",51.538442,-0.057580331,534808.1239,183958.8662,"Textile_design"
"Watts & Co.","7 Tufton Street,  London,  SW1P 3QE","","","Westminster","https://www.wattsandco.com","1.00023E+11","E09000033","St James's","E05013806",51.49757,-0.12834329,530017.2716,179285.8236,"Textile_design"
"Peckham Levels","Level 1 To 6 Peckham Town Centre Car Park","","95a Rye Lane","Southwark","https://www.peckhamlevels.org/about","2.00003E+11","E09000028","Rye Lane","E05011113",51.470741,-0.068232581,534268.2198,176410.8463,"Textile_design"
"Craft Central / The Forge","397-411 Westferry Road","","","Tower Hamlets","www.craftcentral.org.uk","6653025","E09000030","Island Gardens","E05009324",51.48879,-0.01918591,537620.1695,178508.9308,"Textile_design"
"Switchboard Studios","Switchboard Studios","153-157 Blackhorse Lane","","Waltham Forest","https://wfculture19.co.uk/switchboard-studios","1.00024E+11","E09000031","Higham Hill","E05013892",51.595161,-0.04156062,535750.2453,190295.7757,"Textile_design"
"Mirjam Rouden Ltd","Unit 11, Links Yard, 29a Spelman St, London E1 5LX","","","Hackney","https://www.instagram.com/mirjamrouden/","10008304101","E09000012","Hoxton East & Shoreditch","E05009377",51.529358,-0.080991367,533211.1749,182905.7821,"Textile_design"
"Helena Gavshon Design for Textiles","6 Southam Street, London W10 5PH","","","Kensington and Chelsea","https://www.helenagavshon.com","217106275","E09000020","Golborne","E05009396",51.523264,-0.20739492,524460.3231,182005.7302,"Textile_design"
"Pattern Textiles LTD","Unit 206 15 Pundersons Gardens London E2 9QG","","","Tower Hamlets","https://www.patterntextiles.co.uk","6172424","E09000030","St Peter's","E05009331",51.527657,-0.057996109,534811.1426,182758.7642,"Textile_design"
"Circleline","Unit E4, Dalston Culture House, 3 Bradbury St, Lon","","","Hackney","https://www.circlelinedesign.com","1.00024E+11","E09000012","Dalston","E05009370",51.548667,-0.076154851,533490.1614,185061.8317,"Textile_design"
"Pill Box","115 Coventry Road, Bethnal Green, E2 6GG","","","Tower Hamlets","https://www.workspace.co.uk/workspaces/pill-box","10091966014","E09000030","St Peter's","E05009331",51.525194,-0.057481043,534854.1447,182485.8204,"Textile_design"
"Vanguard Court Studios","Rear of 36-38 Peckham Road, Camberwell, London SE5","","","Southwark","www.vanguardcourt.org","10000812526","E09000028","St Giles","E05011115",51.47278,-0.08135,533351.2677,176613.6183,"Textile_design"
"Grow Studios","86b & 98c Wallis Road, Main Yard Hackney Wick, E9 ","","","Hackney","https://www.growhackneystudios.com/home/","1.00023E+11","E09000012","Hackney Wick","E05009374",51.544389,-0.022757378,537205.0919,184684.821,"Textile_design"
"Embroidered Polo Shirts","UNIT 12B, ABBEY INDUSTRIAL AREA, Canning Rd, Londo","","","Newham","https://www.embroidered-polo-shirts.com","10008998902","E09000025","Stratford","E05013924",51.531443,0.003499181,539065.096,183294.7337,"Textile_design"
"Alpha Embroidery Services Ltd","168, Railway Arches, Midland Rd, London E10 6JT","","","Waltham Forest","https://www.alphaembroidery.co.uk","2.00001E+11","E09000031","Forest","E05013887",51.569141,-0.006027057,538290.0917,187468.7588,"Textile_design"
"Roxy Embroidery Ltd","Kubrick Business Estate, Station Approach, London ","","","Newham","http://roxyembroidery.com/how-its-made","10008999392","E09000025","Forest Gate North","E05013911",51.551693,0.026140924,540573.1292,185589.8435,"Textile_design"
"SpeedStitch","Unit 32, Walthamstow Business Center, Clifford Rd,","","","Waltham Forest","https://speedstitch.co.uk","No UPRN","E09000031","Chapel End","E05013884",51.59336,-0.00595,538222.0374,190162.1771,"Textile_design"
"Denier Studio","42 Quernmore Rd, Finsbury Park, London N4 4QP","","","Haringey","https://denier.studio","No UPRN","E09000014","Stroud Green","E05013600",51.57735,-0.10609,531332.1588,188197.2313,"Textile_design"
"The Albion Knitting Company","Unit 12, Crusader Industrial Estate, Hermitage Rd,","","","Haringey","http://www.albionknit.london","1.00023E+11","E09000014","Hermitage & Gardens","E05013591",51.576532,-0.090897034,532387.2396,188133.672,"Textile_design"
"The Silver Building (Projekt)","60 Dock road, London E16 1YZ","","","Newham","http://thesilverbuilding.com","10008985422","E09000025","Royal Victoria","E05013923",51.504762,0.017112899,540091.1371,180353.824,"Textile_design"
"Lemon Head Prints","Fred Perry Bldg, 186 Bridport Rd","","","Enfield","https://www.lemonheadprints.co.uk","207012215","E09000010","Upper Edmonton","E05013694",51.611748,-0.07555422,533347.2814,192077.7386,"Textile_design"
"Merch Masters","Cocoa Studios, Unit 312, The Biscuit Factory, 100 ","","","Southwark","https://www.merchmasters.co.uk","10094746508","E09000028","North Bermondsey","E05011106",51.49505,-0.0618026,534643.2006,179125.8017,"Textile_design"
"Hello Reflectives","134 Milligan Street London E14 8AS","","","Tower Hamlets","https://www.helloreflectives.com","6042575","E09000030","Limehouse","E05009326",51.508841,-0.027063706,537013.1377,180723.7977,"Textile_design"
"TPE London Ltd","723 Ripple Rd, Barking IG11 0SN","","","Barking and Dagenham","https://theprintandembroidery.co.uk","100047344","E09000002","Eastbury","E05014060",51.532139,0.11645462,546897.1175,183592.8089,"Textile_design"
"The Pottery Lane Art Centre","95 Princedale Rd, Notting Hill Gate, London W11 4N","","","Kensington and Chelsea","https://www.the-place.uk/","No UPRN","E09000020","Notting Dale","E05009399",51.50978,-0.21154,524209.4412,180499.2439,"Textile_design"
"Canonbury Yard","190 New North Road, London, N1 7BJ","","","Islington","https://canonburyyard.com","5300065866","E09000019","St Mary's & St James'","E05013710",51.537673,-0.090706701,532513.1766,183812.78,"Textile_design"
"Make Town","2a Chatham Place Corner Morning Lane &, Chatham Pl","","","Hackney","https://make.town","10008342934","E09000012","Homerton","E05009376",51.546937,-0.050901328,535246.1357,184915.8447,"Textile_design"
"3rd Rail","52-56 Verney Road Bermondsey London SE16 3DH","","","Southwark","http://www.3rdrailclothing.co.uk/","2.00003E+11","E09000028","Old Kent Road","E05011109",51.485665,-0.059247909,534848.2125,178086.8935,"Textile_design"
"Tottex","Tottex unit 1a, Kingfisher place, Clarendon Road, ","","","Haringey","https://tottex.co.uk","1.00024E+11","E09000014","Noel Park","E05013595",51.59426,-0.1139039,530742.2534,190063.6922,"Textile_design"
"Holy Innocents Church","Paddenswick Road","","","Hammersmith and Fulham","http://www.hisj.co.uk/venue-hire/","34118167","E09000013","Ravenscourt","E05013746",51.49856204,-0.236953776,522476.0128,179209.0021,"Theatre_rehearsal_studios"
"Rose Bruford College","Lamorbey House","Burnt Oak Lane","","Bexley","https://www.bruford.ac.uk/","10011845091","E09000004","Blackfen & Lamorbey","E05011220",51.4392706,0.106472282,546502.013,173246.0015,"Theatre_rehearsal_studios"
"The Space ","269 Westferry Road","","","Tower Hamlets","www.space.org.uk","6060149","E09000030","Island Gardens","E05009324",51.49216667,-0.024198973,537262.0114,178874.9999,"Theatre_rehearsal_studios"
"Brady Arts and Community Centre","192-196 Hanbury St","","","Tower Hamlets","http://www.rehearsalspacelondon.co.uk/Studio-Hire-North-of-the-River/45-/Brady-Arts-amp-Community-Centre","6011121","E09000030","Spitalfields & Banglatown","E05009333",51.51941799,-0.065368543,534324.012,181829.0032,"Theatre_rehearsal_studios"
"Artsadmin","Toynbee Studios","28 Commercial Street","","Tower Hamlets","http://www.artsadmin.co.uk/toynbee-studios/spaces","6183619","E09000030","Spitalfields & Banglatown","E05009333",51.51649284,-0.072310144,533851.012,181491.0027,"Theatre_rehearsal_studios"
"Kobi Nazrul Centre","30 Handbury St","","","Tower Hamlets","http://www.towerhamletsarts.org.uk/?s=3&v=16&guide=AllAges","6001111","E09000030","Spitalfields & Banglatown","E05009333",51.52022816,-0.07306046,533788.0118,181905.0027,"Theatre_rehearsal_studios"
"Eastside Educational Trust","Suite 16 Perseverance Works","37 Hackney Road","","Hackney","www.eastside.org.uk",NA,"E09000012","Hoxton East & Shoreditch","E05009377",51.52788,-0.07657,533522.1631,182749.4866,"Theatre_rehearsal_studios"
"Graeae Theatre Company","138 Kingsland Road","","","Hackney","www.graeae.org","10091775254","E09000012","Haggerston","E05009375",51.53116206,-0.076823044,533495.0127,183113.9982,"Theatre_rehearsal_studios"
"Apiary Studios","458 - 460 Hackney Road","","","Tower Hamlets","http://www.apiarystudios.org/","6183708","E09000030","St Peter's","E05009331",51.53208,-0.05889,534736.0838,183248.9711,"Theatre_rehearsal_studios"
"3 Mills Studios","Three Mill Lane","","","Newham","www.3mills.com","10009018097","E09000025","Stratford","E05013924",51.52684777,-0.006391701,538393.0092,182764.9984,"Theatre_rehearsal_studios"
"Chisenhale Dance Space","68-84 Chisenhale Rd","","","Tower Hamlets","http://www.chisenhaledancespace.co.uk/space-hire","10015466801","E09000030","Bow West","E05009320",51.5336288,-0.038451233,536149.0118,183459.0034,"Theatre_rehearsal_studios"
"Hackney Attic","270 Mare Street","","","Hackney","https://www.picturehouses.com/cinema/Hackney_Picturehouse","1e+11","E09000012","Homerton","E05009376",51.54503626,-0.054950482,534971.013,184697.0077,"Theatre_rehearsal_studios"
"Hub67","67 Rothbury Road","","","Tower Hamlets","http://hubsixtyseven.com/","6077462","E09000030","Bow East","E05009319",51.54213483,-0.024976221,537058.0122,184430.0028,"Theatre_rehearsal_studios"
"Chats Palace","42-44 Brooksby's Road","","","Hackney","https://chatspalace.com/rehearsals-auditions/","1e+11","E09000012","King's Park","E05009379",51.55013033,-0.042761181,535801.0079,185286.0021,"Theatre_rehearsal_studios"
"Sadler's Wells Theatre","Rosebery Avenue","","","Islington","www.sadlerswells.com/venue-hire/studios","5300080047","E09000019","Clerkenwell","E05013702",51.52942925,-0.106264614,531458.0124,182868.0012,"Theatre_rehearsal_studios"
"Winston Churchill Theatre","Manor Farm","Pinn Way","","Hillingdon","http://www.hillingdontheatres.uk/","1e+11","E09000017","Ruislip","E05013577",51.5789453,-0.428743514,508972.0125,187845.0071,"Theatre_rehearsal_studios"
"NLPAC Performing Arts","76 St James Lane","Muswell Hill","","Haringey","www.nlpac.co.uk","10003973500","E09000014","Muswell Hill","E05013594",51.58814469,-0.139610629,528979.0087,189338.0007,"Theatre_rehearsal_studios"
"Young Actors Theatre","70-72 Barnsbury Rd","Islington","","Islington","www.yati.org.uk","5300006610","E09000019","Barnsbury","E05013698",51.53652268,-0.110613204,531136.0136,183648.9968,"Theatre_rehearsal_studios"
"Bridge Theatre Training Company","90 Kingsway","Tally Ho Corner","","Barnet","www.thebridge-ttc.org","200196013","E09000003","West Finchley","E05013648",51.6128175,-0.176704377,526341.0141,192017.0001,"Theatre_rehearsal_studios"
"Rosemary Branch Theatre ‚Äì Marie Lloyd Room","2 Shepperton Road","","","Islington","http://www.rosemarybranchtheatre.co.uk/","5300082551","E09000019","Canonbury","E05013701",51.53762241,-0.08693312,532775.0116,183813.9975,"Theatre_rehearsal_studios"
"Dance Research Studio","23 Orsman Rd","Haggerston","","Hackney","http://www.jackylansley.co.uk/pdfs/StudioHire.pdf","10008237591","E09000012","Hoxton East & Shoreditch","E05009377",51.53614877,-0.078761295,533346.0109,183664.9985,"Theatre_rehearsal_studios"
"Total Refreshment Studios","2A Foulden Rd","","","Hackney","http://totalrefreshment.net/","10008274727","E09000012","Stoke Newington","E05009385",51.55550288,-0.07232018,533736.0121,185829.0026,"Theatre_rehearsal_studios"
"VFDalston","66 Stoke Newington Road","","","Hackney","https://www.vfdalston.com/calendar","1e+11","E09000012","Shacklewell","E05009382",51.55256417,-0.07462241,533585.012,185498.0033,"Theatre_rehearsal_studios"
"St Matthias Church","Wordsworth Road","Stoke Newington","","Hackney","www.movingeast.co.uk","10008239574","E09000012","Clissold","E05009369",51.55249752,-0.079327632,533259.0116,185482.004,"Theatre_rehearsal_studios"
"Factory Fitness and Dance Centre","407 Hornsey Road","","","Islington","www.factoryrehearsalstudios.com","5300050793","E09000019","Tollington","E05013712",51.56650382,-0.121793909,530275.0088,186962.9973,"Theatre_rehearsal_studios"
"Park Theatre","Clifton Terrace","","","Islington","www.parktheatre.co.uk","10090266645","E09000019","Finsbury Park","E05013703",51.56566816,-0.108409695,531205.0138,186893.9991,"Theatre_rehearsal_studios"
"London School of Capoeira","Unit 1-2 Leeds Place","","","Islington","www.londonschoolofcapoeira.com","10010441351","E09000019","Tollington","E05013712",51.56710573,-0.115030722,530742.0127,187042.0026,"Theatre_rehearsal_studios"
"Jacksons Lane","269a Archway Road","","","Haringey","www.jacksonslane.org.uk","1e+11","E09000014","Highgate","E05013592",51.57710995,-0.146368111,528542.0109,188099.0017,"Theatre_rehearsal_studios"
"Red Hedgehog","255-257 Archway Road","","","Haringey","www.theredhedgehog.co.uk","10022938228","E09000014","Highgate","E05013592",51.57589952,-0.143747421,528727.0106,187969.0011,"Theatre_rehearsal_studios"
"Holly Lodge Community Centre","30 Makepeace Avenue","","","Camden","www.hollylodge.org.uk","5062979","E09000007","Highgate","E05013661",51.56468,-0.14828,528444.5368,186713.3829,"Theatre_rehearsal_studios"
"Islington Arts Factory","2 Parkhurst Road","","","Islington","www.islingtonartsfactory.org","5300071066","E09000019","Holloway","E05013706",51.55412346,-0.122505777,530261.0102,185584.9966,"Theatre_rehearsal_studios"
"Platform Theatre","Hornsey Road","","","Islington","http://www.platformislington.org.uk/","10012794343","E09000019","Finsbury Park","E05013703",51.56133802,-0.115932747,530696.0119,186399.0016,"Theatre_rehearsal_studios"
"Pleasance Theatre","Carpenters Mews","","","Islington","www.pleasance.co.uk","10012788835","E09000019","Holloway","E05013706",51.54874017,-0.121588006,530340.012,184988.0002,"Theatre_rehearsal_studios"
"Total Boxer","21 Cranford Way","","","Haringey","https://totalboxer.com/","2e+11","E09000014","Hornsey","E05013593",51.58215604,-0.110929795,530983.0124,188723.0005,"Theatre_rehearsal_studios"
"Theatro Technis","26 Crowndale Road","","","Camden","www.theatrotechnis.com","5061419","E09000007","St Pancras & Somers Town","E05013669",51.53554159,-0.134157342,529506.0119,183498.0027,"Theatre_rehearsal_studios"
"Old Diorama Arts Centre ","201 Drummond St","","","Camden","http://www.diorama-arts.org.uk/studios.html","5169343","E09000007","Regent's Park","E05013668",51.52618894,-0.139239584,529180.0113,182449.0028,"Theatre_rehearsal_studios"
"Cecil Sharp House","2 Regent's Park Road","","","Camden","www.efdss.org","5066674","E09000007","Primrose Hill","E05013667",51.53810212,-0.149337866,528446.0119,183756.0026,"Theatre_rehearsal_studios"
"Etcetera Theatre","265 Camden High St","","","Camden","www.etceteratheatre.com","5007472","E09000007","Camden Town","E05013655",51.54015861,-0.144034106,528808.0121,183994.0023,"Theatre_rehearsal_studios"
"The Old Chapel","50-52 Camden Sq","","","Camden","https://www.londonirishcentre.org/News/venue-hire","5109495","E09000007","Camden Square","E05013654",51.54375709,-0.13222034,529617.0121,184415.002,"Theatre_rehearsal_studios"
"Clean Break Theatre Company","2 Patshull Road","","","Camden","http://www.cleanbreak.org.uk/","5134469","E09000007","Kentish Town South","E05013664",51.5471495,-0.140850515,529009.012,184777.0028,"Theatre_rehearsal_studios"
"Rooms Above","174 Mill Lane","West Hampstead","","Camden","www.theroomsabove.org.uk","5087084","E09000007","West Hampstead","E05013671",51.55180897,-0.193323933,525358.0127,185204.0021,"Theatre_rehearsal_studios"
"The Kiln Theatre","269 Kilburn High Road","","","Brent","www.tricycle.co.uk","202079064","E09000005","Kilburn","E05013503",51.54372535,-0.20039359,524890.0115,184293.0018,"Theatre_rehearsal_studios"
"Queen's Theatre Hornchurch","Billet Lane","Hornchurch","","Havering","http://www.queens-theatre.co.uk/","1e+11","E09000016","St Andrew's","E05013982",51.5652114,0.219438999,553928.0179,187482.0051,"Theatre_rehearsal_studios"
"Jerwood Space","171 Union Street","","","Southwark","www.jerwoodspace.co.uk","2e+11","E09000028","Borough & Bankside","E05011095",51.50360424,-0.099727817,531986.0112,180008.0028,"Theatre_rehearsal_studios"
"Alford House","Aveline Street","Kennington","","Lambeth","www.alfordhouse.org.uk","1e+11","E09000022","Vauxhall","E05014117",51.48755415,-0.113776906,531057.0129,178198.0024,"Theatre_rehearsal_studios"
"Menier Chocolate Factory","53 Southwark Street","","","Southwark","www.menierchocolatefactory.com","2e+11","E09000028","Borough & Bankside","E05011095",51.50466098,-0.094467554,532348.0113,180135.0022,"Theatre_rehearsal_studios"
"Exchange Theatre","46 Oxford Drive","Magdelen Street","","Southwark","www.exchangetheatre.com","2e+11","E09000028","London Bridge & West Bermondsey","E05011104",51.50402366,-0.082952188,533149.0123,180084.9991,"Theatre_rehearsal_studios"
"Ugly Duck","49 Tanner Street","","","Southwark","http://uglyduck.org.uk/","10009803475","E09000028","London Bridge & West Bermondsey","E05011104",51.49994471,-0.077691537,533526.0117,179641.0014,"Theatre_rehearsal_studios"
"London Bubble","5 Elephant Lane","","","Southwark","www.londonbubble.org.uk","2e+11","E09000028","Rotherhithe","E05011112",51.50060895,-0.055805963,535043.0119,179755.0031,"Theatre_rehearsal_studios"
"Abacus Arts","2A Browning Street","Southwark","","Southwark","www.abacus-arts.org.uk","2e+11","E09000028","North Walworth","E05011107",51.4899561,-0.095469878,532321.0117,178498.003,"Theatre_rehearsal_studios"
"Pembroke House Hall","80 Tatum Street","","","Southwark","http://www.rehearsalstudioslondon.net/London/pembroke-house-hall/","10000813388","E09000028","North Walworth","E05011107",51.49074243,-0.085771182,532992.012,178603.0031,"Theatre_rehearsal_studios"
"Waterloo Creative Studio","20 Carlisle Lane","","","Lambeth","http://www.waterloocreativestudio.com/","10093059387","E09000022","Waterloo & South Bank","E05014118",51.49848827,-0.116509522,530836.0126,179409.0024,"Theatre_rehearsal_studios"
"Calder Theatre Bookshop","51 The Cut","Waterloo","","Southwark","www.calderbookshop.com","2e+11","E09000028","Borough & Bankside","E05011095",51.50303372,-0.106711157,531503.0116,179932.0025,"Theatre_rehearsal_studios"
"St Andrew's Church","Short Street","","","Southwark","www.stjohnswaterloo.org","2e+11","E09000028","Borough & Bankside","E05011095",51.50263877,-0.106756352,531501.0116,179888.0028,"Theatre_rehearsal_studios"
"English Touring Theatre","25 Short Street","Waterloo","","Southwark","www.ett.org.uk","2e+11","E09000028","Borough & Bankside","E05011095",51.50263877,-0.106756352,531501.0116,179888.0028,"Theatre_rehearsal_studios"
"Twist Class Studio","99 Dartmouth Road","","","Lewisham","http://twiststudios.co.uk/","1e+11","E09000023","Forest Hill","E05013722",51.43636552,-0.054823313,535301.0131,172613.004,"Theatre_rehearsal_studios"
"Shala Yoga","537 Norwood Road","","","Lambeth","https://www.theshalalondon.com/","10091118696","E09000022","West Dulwich","E05014119",51.43473658,-0.103565119,531918.0118,172343.0018,"Theatre_rehearsal_studios"
"Sell A Door","1 Creek Road","","","Greenwich","www.selladoor.com","10023231588","E09000011","Greenwich Creekside","E05014080",51.4814802,-0.025626193,537195.0092,177684.0025,"Theatre_rehearsal_studios"
"The Albany","Douglas Way","Deptford","","Lewisham","http://www.thealbany.org.uk/hireus/36/Room-Hire","1e+11","E09000023","Deptford","E05013719",51.4778771,-0.027409247,537082.0081,177280.0036,"Theatre_rehearsal_studios"
"St Gabriel's Halls","Churchill Gardens","Pimlico","","Westminster","www.stgabrielshalls.org.uk","10033532471","E09000033","Pimlico South","E05013803",51.48634073,-0.142548173,529063.0154,178012.0036,"Theatre_rehearsal_studios"
"Paines Plough","43 Aldwych","","","Westminster","www.painesplough.com","10033528828","E09000033","St James's","E05013806",51.51290854,-0.119056357,530618.0117,181008.0024,"Theatre_rehearsal_studios"
"Westminster St Peter‚ Eaton Square Primary School","Lower Belgrave Street","","","Westminster","https://www.stpetereatonsquare.co.uk/home/hire","2e+11","E09000033","Knightsbridge & Belgravia","E05013797",51.49815302,-0.149113152,528574.0128,179314.0026,"Theatre_rehearsal_studios"
"Her Majesty's Theatre Dome room","Haymarket","","","Westminster","https://www.reallyusefultheatres.co.uk/our-theatres/her-majestys?utm_source=hermajestys.co.uk","1e+11","E09000033","St James's","E05013806",51.50812453,-0.13200693,529733.0122,180453.0023,"Theatre_rehearsal_studios"
"ICA Theatre","12 Carlton House Terrace","","","Westminster","https://www.ica.art/venue-hire","1e+11","E09000033","St James's","E05013806",51.50663168,-0.130309973,529855.0124,180290.0025,"Theatre_rehearsal_studios"
"Lantern Arts Centre","Tolverne Road","Raynes Park","","Merton","www.lanternarts.org","48111953","E09000024","Raynes Park","E05013823",51.41137928,-0.229869091,523202.0125,169526.0018,"Theatre_rehearsal_studios"
"Brixton Community Base","Talma Road","Brixton","","Lambeth","www.brixtoncommunitybase.org","2e+11","E09000022","Brixton Windrush","E05014098",51.45904755,-0.111007586,531331.0117,175033.0019,"Theatre_rehearsal_studios"
"SWC (Small World Centre)","Unit 11 Eurolink Centre","49 Effra Rd","","Lambeth","www.swcbrixton.com","1e+11","E09000022","Brixton Rush Common","E05014097",51.4584328,-0.114156644,531114.0117,174959.0024,"Theatre_rehearsal_studios"
"Electric Brixton","Brixton Hill","","","Lambeth","http://electricbrixton.uk.com/","2e+11","E09000022","Brixton Acre Lane","E05014095",51.46019347,-0.116833605,530923.0116,175150.002,"Theatre_rehearsal_studios"
"Clapham Community Project","St Anne's Hall","31-33 Bromells Road","","Lambeth","www.rehearseatccp.co.uk","1e+11","E09000022","Clapham Town","E05014102",51.46276309,-0.1392149,529361.0115,175396.0027,"Theatre_rehearsal_studios"
"Omnibus","1 Clapham Common North Side","","","Lambeth","www.omnibus-clapham.org","1e+11","E09000022","Clapham Town","E05014102",51.46315491,-0.142942058,529101.0115,175433.0025,"Theatre_rehearsal_studios"
"Jet Studios ","18 Lettice Street","","","Hammersmith and Fulham","http://jetstudios.co.uk/","34041920","E09000013","Fulham Town","E05013739",51.4746528,-0.203315759,524876.0121,176607.0022,"Theatre_rehearsal_studios"
"Compass Theatre","Glebe Avenue","Ickenham","","Hillingdon","http://www.hillingdontheatres.uk/","1e+11","E09000017","Ickenham & South Harefield","E05013573",51.56084851,-0.43986987,508244.0118,185816.0021,"Theatre_rehearsal_studios"
"Impact Theatre","Impact Community Arts Centre","Ealing Central Sports Ground","Horsenden Lane Sou","Ealing","https://www.impacttheatre.co/","12077905","E09000009","Perivale","E05013534",51.5366496,-0.326929357,516134.0085,183298.0062,"Theatre_rehearsal_studios"
"Bush Theatre","7 Uxbridge Road","","","Hammersmith and Fulham","https://www.bushtheatre.co.uk/","34032421","E09000013","Shepherd's Bush Green","E05013748",51.50502516,-0.225450345,523257.0098,179947.0006,"Theatre_rehearsal_studios"
"St James' Church Piccadilly","197 Piccadilly","","","Westminster","www.sjp.org.uk","1e+11","E09000033","St James's","E05013806",51.50887253,-0.136631039,529410.0123,180528.0017,"Theatre_rehearsal_studios"
"Danceworks","16 Balderton Street","","","Westminster","www.danceworks.net","10033558567","E09000033","West End","E05013808",51.51318751,-0.152452465,528300.0116,180980.0024,"Theatre_rehearsal_studios"
"Dominion Theatre","268-269 Tottenham Court Road","","","Camden","http://www.dominiontheatre.com/events/rehearsal-space/","5083050","E09000007","Bloomsbury","E05013653",51.51696266,-0.129641703,529872.0115,181440.0029,"Theatre_rehearsal_studios"
"Carousel Spaces","71 Blandford Street","","","Westminster","www.carousel-london.com","1e+11","E09000033","Marylebone","E05013801",51.51788107,-0.156413585,528012.0117,181495.0029,"Theatre_rehearsal_studios"
"Questors Theatre","12 Mattock Lane","","","Ealing","www.questors.org.uk","12084402","E09000009","Walpole","E05013541",51.51170889,-0.309656624,517396.0115,180552.0043,"Theatre_rehearsal_studios"
"Holy Trinity W6","Brook Green","","","Hammersmith and Fulham","www.trinityfocus.org","34134012","E09000013","Brook Green","E05013735",51.49529194,-0.218121104,523792.0123,178877.0029,"Theatre_rehearsal_studios"
"Paddington Arts Centre","32 Woodfield Road","","","Westminster","www.paddingtonarts.org.uk","10033601823","E09000033","Westbourne","E05013809",51.52306591,-0.200170735,524962.0125,181996.0031,"Theatre_rehearsal_studios"
"St George's Church Bloomsbury","6 Little Russell St","","","Camden","www.stgeorgesbloomsbury.org.uk","5185755","E09000007","Bloomsbury","E05013653",51.51748749,-0.125901481,530130.0112,181505.0027,"Theatre_rehearsal_studios"
"RADA","62-64 Gower Street","","","Camden","www.rada.ac.uk/venues","5110590","E09000007","Bloomsbury","E05013653",51.52170529,-0.131551886,529726.0109,181964.0036,"Theatre_rehearsal_studios"
"Treadwell Books","33 Store St","","","Camden","http://www.rehearsalspacelondon.co.uk/Studio-Hire-North-of-the-River/150-/Treadwells","5002341","E09000007","Bloomsbury","E05013653",51.51982891,-0.131181873,529757.0111,181756.0035,"Theatre_rehearsal_studios"
"October Gallery","24 Old Gloucester St","","","Camden","www.octobergallery.co.uk","5087208","E09000007","Holborn & Covent Garden","E05013662",51.52069374,-0.121704877,530412.0111,181869.0038,"Theatre_rehearsal_studios"
"Conway Hall","25 Red Lion Square","","","Camden","https://conwayhall.org.uk/","5048256","E09000007","Holborn & Covent Garden","E05013662",51.51979404,-0.118311294,530650.0116,181775.0035,"Theatre_rehearsal_studios"
"London Welsh Centre","157-163 Gray's Inn Road","","","Camden","www.londonwelsh.org","5121205","E09000007","King's Cross","E05013666",51.52505196,-0.117013253,530725.0119,182362.0032,"Theatre_rehearsal_studios"
"Weston Studio","London School of Economics and Political Sciences ","Saw Swee Hock Student Centre","6th Floor, 1 Sheff","Westminster","https://sawsweehockcentre.com/spaces/weston-studio/","10033621876","E09000033","St James's","E05013806",51.51463833,-0.117572622,530716.0117,181203.0028,"Theatre_rehearsal_studios"
"Dragon Hall","17 Stukeley St","Covent Garden","","Camden","www.dragonhall.org.uk","5128852","E09000007","Holborn & Covent Garden","E05013662",51.5166264,-0.122665013,530357.0115,181415.0031,"Theatre_rehearsal_studios"
"Club for Acts and Actors","20 Bedford Street","","","Westminster","www.thecaa.org","10033589988","E09000033","St James's","E05013806",51.51076582,-0.125082197,530206.0118,180759.0024,"Theatre_rehearsal_studios"
"Pineapple","7 Langley St","Covent Garden","","Westminster","www.pineapple.uk.com","10033583532","E09000033","St James's","E05013806",51.51335587,-0.125091099,530198.0116,181047.0026,"Theatre_rehearsal_studios"
"The Seven Dials Playhouse","1A Tower Street","","","Camden","www.actorscentre.co.uk","5077305","E09000007","Holborn & Covent Garden","E05013662",51.51328666,-0.128077287,529991.0116,181034.0029,"Theatre_rehearsal_studios"
"Raindance Rehearsal Studios","10a Craven StreeT","London","","Westminster","http://www.rehearsalspacelondon.co.uk/Studio-Hire-North-of-the-River/154-/Raindance-Film-Festival","1e+11","E09000033","St James's","E05013806",51.50763195,-0.125369429,530195.0123,180410.0026,"Theatre_rehearsal_studios"
"Applecart Arts","The Passmore Edwards Library","207 Plashet Grove"," ","Newham","https://applecartarts.com/our_venue.php#the_theatre","10008996260","E09000025","Plashet","E05013921",51.539588,0.045359576,541943.1405,184280.8922,"Theatre_rehearsal_studios"
"Hackney Showroom","4 Murrain Road","Kings Crescent Estate"," ","Hackney","https://www.hackneyshowroom.com/","10008343497","E09000012","Brownswood","E05009367",51.56253,-0.092479079,532318.2026,186573.7441,"Theatre_rehearsal_studios"
"Theatre Deli","2 Finsbury Avenue","","","City of London","https://www.theatredeli.co.uk/","1e+11","E09000001","Bishopsgate","E05009292",51.519961,-0.08487465,532969.1944,181853.7575,"Theatre_rehearsal_studios"
"Stockroom ","38 Mayton Street","Islington","","Islington","https://www.stockroom.co.uk/","10090266132","E09000019","Finsbury Park","E05013703",51.559213,-0.11597458,530699.1961,186162.618,"Theatre_rehearsal_studios"
"Brixton House","385 Coldharbour Lane","Brixton","","Lambeth","https://brixtonhouse.co.uk/","10094957510","E09000022","Brixton Windrush","E05014098",51.461917,-0.11110208,531316.2185,175351.9145,"Theatre_rehearsal_studios"
"The Tramshed","41 Woolwich New Road","","","Greenwich","https://www.tramshed.org/","1e+11","E09000011","Woolwich Arsenal","E05014092",51.489729,0.068609625,543712.1405,178781.9408,"Theatre_rehearsal_studios"
"Royal Academy of Dance","188 York Road","","","Wandsworth","https://www.royalacademyofdance.org/about-us/venue-hire/","10095440680","E09000032","St Mary's","E05014018",51.46648,-0.17957425,526547.2994,175738.8821,"Theatre_rehearsal_studios"
"Spanners","Arch 504 Ridgway Rd","","","Lambeth","https://www.spanners.club/","2e+11","E09000022","Brixton North","E05014096",51.465273,-0.10398096,531801.2192,175737.8872,"Theatre_rehearsal_studios"
"Studio One","Simulacra Studio","302-304 Barrington Rd","","Lambeth","https://simulacrastudio.com/studio-one","1e+11","E09000022","Brixton Windrush","E05014098",51.463624,-0.10764843,531551.2186,175547.9277,"Theatre_rehearsal_studios"
"Fitztrovia Community Centre","2 Foley Street","","","Westminster","https://www.fitzroviacommunitycentre.org/room-hire","10033619463","E09000033","West End","E05013808",51.520181,-0.13877482,529229.2517,181781.7326,"Theatre_rehearsal_studios"
"Price Studios ","Office 215","250 York Road","Battersea","Wandsworth","https://www.pricestudios.co.uk/","1e+11","E09000032","St Mary's","E05014018",51.464687,-0.18223701,526367.3002,175534.9053,"Theatre_rehearsal_studios"
"Unicorn Theatre","147 Tooley St","","","Southwark","https://www.unicorntheatre.com/hire-us","10009804074","E09000028","London Bridge & West Bermondsey","E05011104",51.503841,-0.080665905,533308.2097,180068.8493,"Theatre_rehearsal_studios"
"London Rehearsal Space","Templeton House","33-34 Chiswell St","","Islington","https://london-rehearsal-space.co.uk/","5300102337","E09000019","Bunhill","E05013699",51.521019,-0.090725848,532560.2001,181960.7924,"Theatre_rehearsal_studios"
"The Arc","98b St Paul Street","Islington","","Islington","https://www.thearccentre.org/venue-hire","10090265601","E09000019","St Mary's & St James'","E05013710",51.535977,-0.095954175,532154.1891,183614.6879,"Theatre_rehearsal_studios"
"Wildcard Theatre Company","Wildcard Studios","18 Balderton Street","","Westminster","https://www.wildcardtheatre.co.uk/rehearsal-rooms/","1e+11","E09000033","West End","E05013808",51.513277,-0.15254592,528293.2758,180989.7902,"Theatre_rehearsal_studios"
"Centre 151","151 Whiston Road","","","Hackney","http://www.centre151.com/space-hire/studio-1-2/","1e+11","E09000012","Haggerston","E05009375",51.53517,-0.070783312,533902.1497,183570.7445,"Theatre_rehearsal_studios"
"Bridewell Theatre","14 Bride Ln"," Fleet St","","City of London","https://www.sbf.org.uk/venue-hire/","95511225","E09000001","Castle Baynard","E05009297",51.51349,-0.10506,531587.4842,181097.7093,"Theatre_rehearsal_studios"
"The Annex Space","Unit 7, 7 Fountayne Rd","","","Haringey","http://www.theannexspace.com/tohire","10090478351","E09000014","South Tottenham","E05013599",51.583711,-0.062521141,534332.2615,188983.7705,"Theatre_rehearsal_studios"
"The Urdang Academy","The Old Finsbury Town Hall","Rosebery Avenue","","Islington","https://theurdang.london/about-us/our-facilities/","5300079780","E09000019","Clerkenwell","E05013702",51.52694,-0.10818154,531332.2136,182587.7545,"Theatre_rehearsal_studios"
"Urdang2","259-263 Goswell Rd","","","Islington","https://theurdang.london/about-us/our-facilities/","10090263564","E09000019","St Peter's & Canalside","E05013711",51.529951,-0.10306832,531678.2039,182931.7643,"Theatre_rehearsal_studios"
"Cockpit Theatre","Gateforth St"," Marylebone","","Westminster","http://thecockpit.org.uk/","1e+11","E09000033","Church Street","E05013794",51.524496,-0.16950587,527085.2788,182207.7952,"Theatre_rehearsal_studios"
"Rich Mix","35-47 Bethnal Green Rd"," London","","Tower Hamlets","https://richmix.org.uk/rehearsal-spaces/","6192962","E09000030","Weavers","E05009335",51.524124,-0.073859462,533721.1723,182336.7647,"Theatre_rehearsal_studios"
"Museum of Comedy","The Undercroft","St Georges Church","Bloomsbury Way","Camden","https://www.museumofcomedy.com/venue/venue-hire/","5185755","E09000007","Bloomsbury","E05013653",51.517637,-0.12471012,530212.2403,181523.7454,"Theatre_rehearsal_studios"
"Troubadour Wembley Park Theatre","3 Fulton Rd","Wembley Park","","Brent","https://www.troubadourtheatres.com/wembley-park/hires","202228835","E09000005","Wembley Park","E05013516",51.561248,-0.28194652,519189.4049,186105.6841,"Theatre_rehearsal_studios"
"Goldsmiths, University of London","8 Lewisham Way","New Cross","","Lewisham","https://www.gold.ac.uk/theatre-performance/facilities/","1e+11","E09000023","Brockley","E05013716",51.474144,-0.035401153,536538.2101,176849.958,"Theatre_rehearsal_studios"
"f h space ","9 Havelock Walk","Forest Hill","","Lewisham","http://boldandsaucy.co.uk/who-we-are/ / http://www.fhspace.co.uk/about-us.html","1e+11","E09000023","Forest Hill","E05013722",51.4401,-0.054992743,535278.2138,173027.9608,"Theatre_rehearsal_studios"
"Little Angel Studios","Sebbon Street Community Centre","Sebbon Street","","Islington","https://www.littleangeltheatre.com/hire-us/venue-hire/","5300081545","E09000019","St Mary's & St James'","E05013710",51.540877,-0.10030666,531838.1865,184151.7266,"Theatre_rehearsal_studios"
"Mountview","120 Peckham Hill Street","","","Southwark","https://www.mountview.org.uk/hire-a-space/","10094742520","E09000028","Peckham","E05011110",51.47487,-0.069915779,534139.219,176866.9035,"Theatre_rehearsal_studios"
"The MCT","Alleyn's School"," Townley Road","","Southwark","https://mct.alleyns.org.uk/","2e+11","E09000028","Goose Green","E05011103",51.454781,-0.082019144,533357.2133,174610.923,"Theatre_rehearsal_studios"
"Arts Ed","14 Bath Road","Chiswick","","Hounslow","https://artsed.co.uk/about-us/hire-the-facilities/","2e+11","E09000018","Chiswick Homefields","E05013610",51.49596,-0.25243472,521408.4156,178893.893,"Theatre_rehearsal_studios"
"Trinity Laban Conservatoire of Music and Dance","Laurie Grove","New Cross","","Lewisham","https://www.trinitylaban.ac.uk/about-us/facilities/laurie-grove/","1e+11","E09000023","Brockley","E05013716",51.473847,-0.037545077,536390.213,176812.937,"Theatre_rehearsal_studios"
"Courtyard Theatre","40 Pitfield Street","","","Islington","https://www.thecourtyard.org.uk/rooms/","10091002509","E09000019","Caledonian","E05013700",51.531121,-0.12213759,530352.2223,183027.752,"Theatre_rehearsal_studios"
"Lion and Unicorn Theatre","42-44 Gaisford St"," Kentish Town","","Camden","https://www.thelionandunicorntheatre.com/venue-hire-1","5082943","E09000007","Kentish Town South","E05013664",51.548088,-0.13894865,529138.2196,184884.7175,"Theatre_rehearsal_studios"
"My Fair Lady Rehearsal Space","Shaw Theatre","100-110 Euston Rd"," Kings Cross","Camden","https://www.shaw-theatre.com/about-us/rehearsal-hire","5083194","E09000007","St Pancras & Somers Town","E05013669",51.528645,-0.128136,529943.23,182741.7602,"Theatre_rehearsal_studios"
"Haverstock School"," 24 Haverstock Hill","","","Camden","https://haverstock.schoolbookings.co.uk/dance-music-drama-studios-for-hire/drama-studio","5090679","E09000007","Haverstock","E05013660",51.544842,-0.154354,528079.2374,184496.7019,"Theatre_rehearsal_studios"
"Camden People's Theatre","58-60 Hampstead Rd"," Kings Cross","","Camden","https://www.cptheatre.co.uk/get-involved/hire-us/","5158137","E09000007","Regent's Park","E05013668",51.526399,-0.1384492,529234.2423,182473.756,"Theatre_rehearsal_studios"
"The Aldgate and Allhallows Learning & Participation S","Wiltons Music Hall","1 Graces Alley"," Whitechapel","Tower Hamlets","https://www.wiltons.org.uk/","6006845","E09000030","Whitechapel","E05009336",51.510612,-0.06696438,534239.181,180846.8379,"Theatre_rehearsal_studios"
"Half Moon Young People's Theatre","43 White Horse Road","","","Tower Hamlets","https://www.halfmoon.org.uk/hire/rehearsal-spaces/","6044554","E09000030","St Dunstan's","E05009329",51.513251,-0.041242153,536016.1468,181187.7662,"Theatre_rehearsal_studios"
"Lyric Hammersmith","Lyric Square"," King St","","Hammersmith and Fulham","https://lyric.co.uk/our-home/hires-and-parties/our-spaces/","34027053","E09000013","Hammersmith Broadway","E05013741",51.493247,-0.22630594,523229.3884,178635.8051,"Theatre_rehearsal_studios"
"LAMDA","155 Talgarth Road","","","Hammersmith and Fulham","https://www.lamda.ac.uk/life-lamda/hire-space","34153945","E09000013","Hammersmith Broadway","E05013741",51.488848,-0.2279603,523126.3965,178143.8464,"Theatre_rehearsal_studios"
"Rehearsal Space 'The Nest'","Polka Theatre","240 The Broadway","","Hammersmith and Fulham","https://polkatheatre.com/hire-us/","34160370","E09000013","Hammersmith Broadway","E05013741",51.490492,-0.21477389,524037.3776,178348.9005,"Theatre_rehearsal_studios"
"The Broadway","11-13 Broadway"," Barking","","Barking and Dagenham","https://www.thebroadwaybarking.com/sales/content/hire/venue-hire","100058301","E09000002","Abbey","E05014053",51.535668,0.078017095,544220.1336,183908.8044,"Theatre_rehearsal_studios"
"Tara Theatre","356 Garratt Ln","Earlsfield","","Wandsworth","https://taratheatre.com/venue-hire/studio/","121011012","E09000032","Wandle","E05014026",51.442176,-0.18845511,525997.2962,173020.9773,"Theatre_rehearsal_studios"
"Chapel Room","Katherine Low Settlement","108 Battersea High Street","","Wandsworth","https://www.klsettlement.org.uk/room-hire/","1e+11","E09000032","St Mary's","E05014018",51.472019,-0.17375258,526936.303,176364.896,"Theatre_rehearsal_studios"
"artsdepot","5 Nether St"," Tally Ho Corner"," North Finchley","Barnet","https://www.artsdepot.co.uk/private-rooms-studios","200198999","E09000003","West Finchley","E05013648",51.61297,-0.17686,526329.8165,192033.6903,"Theatre_rehearsal_studios"
"Chickenshed Theatre","290 Chase Side"," Southgate","","Enfield","https://www.chickenshed.org.uk/hires","207078080","E09000010","Cockfosters","E05013678",51.644433,-0.14526814,528428.2047,195587.6076,"Theatre_rehearsal_studios"
"Millfield House and Theatre","Silver St"," Edmonton","","Enfield","https://www.millfieldtheatre.co.uk/","207016763","E09000010","Haselbury","E05013682",51.616393,-0.081352332,532932.2877,192583.7069,"Theatre_rehearsal_studios"
"Chelsea Theatre","7 World's End Place"," King's Rd"," Chelsea","Kensington and Chelsea","http://www.chelseatheatre.org.uk/","217005389","E09000020","Chelsea Riverside","E05009391",51.481643,-0.17966183,526499.3308,177424.8913,"Theatre_rehearsal_studios"
"The Tabernacle W11","34-35 Powis Square","","","Kensington and Chelsea","https://www.thetabernaclew11.com/","217070132","E09000020","Colville","E05009392",51.516967,-0.20190578,524858.3248,181314.8321,"Theatre_rehearsal_studios"
"Royal Court Theatre","Sloane Square"," Chelsea","","Kensington and Chelsea","https://royalcourttheatre.com/events/","217078033","E09000020","Royal Hospital","E05009403",51.49261,-0.15642112,528082.3085,178684.8125,"Theatre_rehearsal_studios"
"Kings Head Theatre","115 Upper St"," Islington","","Islington","https://kingsheadtheatre.com/get-involved/rehearsal-space","5300094557","E09000019","St Mary's & St James'","E05013710",51.538301,-0.10283649,531670.194,183860.7132,"Theatre_rehearsal_studios"
"Theatre Peckham","221 Havil St"," Camberwell","","Southwark","https://www.theatrepeckham.co.uk/about-us/hire-our-spaces/","10000811503","E09000028","St Giles","E05011115",51.474444,-0.082908056,533238.2206,176795.819,"Theatre_rehearsal_studios"
"Hampton Hill Theatre","90 High St"," Hampton Hill","","Richmond upon Thames","https://www.hamptonhilltheatre.org.uk/hampton-hill-theatre/theatrical-hire","10002251133","E09000027","Fulwell & Hampton Hill","E05013776",51.427347,-0.35494092,514464.5162,171098.967,"Theatre_rehearsal_studios"
"St Mary's Stoke Newington","The Old Church","Church Street","Stoke Newington","Hackney","https://www.theoldchurch.org.uk/","10008300268","E09000012","Clissold","E05009369",51.561387,-0.084736107,532858.2014,186460.6864,"Theatre_rehearsal_studios"
"Arcola Theatre","24 Ashwin St"," Dalston","","Hackney","https://www.arcolatheatre.com/about/hire/","10008321023","E09000012","Dalston","E05009370",51.546912,-0.074974098,533577.1575,184868.8284,"Theatre_rehearsal_studios"
"Leicester Square Theatre","6 Leicester Pl","","","Westminster","https://www.leicestersquaretheatre.com/about-us/venue-hire/rehearsal-space/","1e+11","E09000033","St James's","E05013806",51.511339,-0.13009927,529856.2528,180813.8348,"Theatre_rehearsal_studios"
"Arts Theatre","6-7 Great Newport St"," London","","Westminster","https://artstheatrewestend.co.uk/about-us#rehearsal-room-hire","1e+11","E09000033","St James's","E05013806",51.512117,-0.12757419,530029.2487,180904.8285,"Theatre_rehearsal_studios"
"Orange Tree Theatre","1 Clarence St"," Richmond","","Richmond upon Thames","https://orangetreetheatre.co.uk/opportunities/hiring-the-building","1e+11","E09000027","South Richmond","E05013786",51.464423,-0.3013782,518092.4407,175306.9783,"Theatre_rehearsal_studios"
"Watermans Art Centre","40 High St"," Brentford","","Hounslow","https://www.watermans.org.uk/hire/","1e+11","E09000018","Brentford East","E05013607",51.485768,-0.29806462,518267.4705,177685.9238,"Theatre_rehearsal_studios"
"The Arts Centre Hounslow","The Treaty Shopping Centre"," High St","","Hounslow","https://theartscentre.co.uk/hire / https://theartscentre.co.uk/paul-robeson-festival-theatre","1e+11","E09000018","Hounslow Central","E05013620",51.46842,-0.36335,513777.8934,175653.4472,"Theatre_rehearsal_studios"
"Churchill Theatre","High Street"," Bromley","","Hillingdon","https://churchilltheatre.co.uk/Online/venue-room-hire-conferencing-meeting-space-bromley","1e+11","E09000017","Ruislip","E05013577",51.578943,-0.42876451,508970.5632,187844.7201,"Theatre_rehearsal_studios"
"Trafalgar Studios","14 Whitehall"," Westminster","","Westminster","https://trafalgartheatre.com/hire-us/","1e+11","E09000033","St James's","E05013806",51.506632,-0.12764052,530040.259,180294.7733,"Theatre_rehearsal_studios"
"The Anthony Bridges Theatre","Putney Arts Theatre","Ravenna Rd"," Putney","Wandsworth","https://putneyartstheatre.org.uk/venue-hire","1e+11","E09000032","West Putney","E05014030",51.461286,-0.2202468,523736.3633,175091.8994,"Theatre_rehearsal_studios"
"The Brockley Jack Theatre","410 Brockley Rd","","","Lewisham","https://brockleyjack.co.uk/venue-hire/","1e+11","E09000023","Crofton Park","E05013718",51.453423,-0.038550638,536381.2221,174539.9437,"Theatre_rehearsal_studios"
"Young Vic","66 The Cut"," Waterloo","","Lambeth","https://www.youngvic.org/about-us/venue-hire","1e+11","E09000022","Waterloo & South Bank","E05014118",51.503276,-0.10731743,531460.2389,179957.8561,"Theatre_rehearsal_studios"
"Tower Theatre ","16 Northwold Road","","","Hackney","https://www.towertheatre.org.uk/spaces/","1e+11","E09000012","Stoke Newington","E05009385",51.562815,-0.071979626,533738.2054,186642.7472,"Theatre_rehearsal_studios"
"Greenwich Theatre Studio","Greenwich Theatre","Crooms Hill","","Greenwich","https://greenwichtheatre.org.uk/theatre-hire-info/","10010200382","E09000011","Greenwich Park","E05014081",51.479458,-0.00765134,538449.1972,177492.9557,"Theatre_rehearsal_studios"
"Performance Studio","Royal College of Music"," Prince Consort Road","","Waltham Forest","https://venuehire.rcm.ac.uk/venues/performance-studio/","1e+11","E09000031","Valley","E05013901",51.61686,-0.017962308,537319.1807,192752.8582,"Theatre_rehearsal_studios"
"Canada Water Theatre","21 Surrey Quays Road",NA,"","Southwark","http://canadawaterculturespace.org.uk/venuehire/","10090284129","E09000028","Rotherhithe","E05011112",51.497809,-0.049180032,535511.1799,179455.8874,"Theatre_rehearsal_studios"
"The Vaults","Leake Street","","","Lambeth","https://www.thevaults.london/site-plan","10091121720","E09000022","Waterloo & South Bank","E05014118",51.501966,-0.11532521,530908.2502,179797.844,"Theatre_rehearsal_studios"
"Bernie Grant Arts Centre","Town Hall Approach Rd"," Tottenham Green","","Haringey","https://www.berniegrantcentre.co.uk/hire/rehearsalstudio/","10091817474","E09000014","Tottenham Central","E05013601",51.58755,-0.07396,533528.5509,189389.7239,"Theatre_rehearsal_studios"
"The Place","17 Duke's Rd"," Bloomsbury","","Camden","https://www.theplace.org.uk/studios","10091861254","E09000007","Bloomsbury","E05013653",51.527507,-0.12842773,529926.2332,182614.6961,"Theatre_rehearsal_studios"
"Kings Place","90 York Way"," Kings Cross","","Islington","https://www.kingsplace.co.uk/venue-hire/concert-rehearsal-studio-hire/flexible-spaces/","10091871351","E09000019","Caledonian","E05013700",51.53498,-0.12201,530350.0523,183457.1034,"Theatre_rehearsal_studios"
"Geoffrey Whitworth Theatre","Beech Walk"," Crayford","","Bexley","https://www.thegwt.org.uk/about-us/","1e+11","E09000004","Crayford","E05011222",51.455261,0.19030911,552275.1417,175194.9515,"Theatre_rehearsal_studios"
"Redbridge Drama Centre","Churchfields"," South Woodford","","Redbridge","https://redbridgedramacentre.co.uk/RedbridgeDramaCentre.dll/Page?PageID=0&SubPageID=17","1e+11","E09000026","Churchfields","E05011238",51.59866,0.02258,540181.8452,190805.8821,"Theatre_rehearsal_studios"
"National Centre for Circus Arts ","Coronet Street","","","Hackney","https://www.nationalcircus.org.uk/professional-artists/1041-2/","1e+11","E09000012","Hoxton East & Shoreditch","E05009377",51.52753,-0.08255,533108.3982,182699.6685,"Theatre_rehearsal_studios"
"May Scott Studio","Hoxton Hall","130 Hoxton St","","Hackney","hoxtonhall.co.uk/hire/our-spaces/","1e+11","E09000012","Hoxton East & Shoreditch","E05009377",51.53177,-0.080010438,533272.1695,183175.7892,"Theatre_rehearsal_studios"
"Fourth Monkey Education","The Monkey House","97-101 Seven Sisters Road","Finsbury Park","Islington","https://fourthmonkey.co.uk/","5300081823","E09000019","Finsbury Park","E05013703",51.56052,-0.11499726,530763.1963,186309.7076,"Theatre_rehearsal_studios"
"Associated Studios","204 Latimer Road","","","Kensington and Chelsea","https://associatedstudios.co.uk/studio-hire/","217052222","E09000020","St. Helen's","E05009404",51.516528,-0.2226777,523418.346,181230.811,"Theatre_rehearsal_studios"
"bbodance","Ensign House","Battersea Reach","Juniper Drive","Wandsworth","https://bbo.dance/about-us/venue-hire/espinosa-studio","10070241972","E09000032","St Mary's","E05014018",51.465029,-0.18343274,526283.3028,175570.8759,"Theatre_rehearsal_studios"
"Sunshine International Arts C.A.F.E","Studio 5 209A","Coldhabour Lane","Brixton","Lambeth","https://www.sunshineiarts.co.uk/venue-hire/","1e+11","E09000022","Herne Hill & Loughborough Junction","E05014104",51.465803,-0.10227452,531918.2195,175799.8941,"Theatre_rehearsal_studios"
"Mousetrap Theatre Projects","3rd Floor","33 Shaftesbury Avenue","","Westminster","https://www.mousetrap.org.uk/room-hire","1e+11","E09000033","West End","E05013808",51.511587,-0.13328845,529634.2577,180835.7639,"Theatre_rehearsal_studios"
"Westminster Quaker Meeting House","52 St. Martin’s Lane","","","Westminster","https://westminsterquakers.org.uk/room-hire","1e+11","E09000033","St James's","E05013806",51.510771,-0.1266638,530096.2512,180756.7684,"Theatre_rehearsal_studios"
"Rambert","99 Upper Ground","South Bank","","Lambeth","https://www.rambert.org.uk/about-us/our-building/space-hire/?utm_source=ArtsProfessional&utm_medium=adve","1e+11","E09000022","Waterloo & South Bank","E05014118",51.506173,-0.11355213,531019.2421,180268.8348,"Theatre_rehearsal_studios"
"RADA  ","18-22 Chenies Street","","","Camden","https://www.rada.ac.uk/about-us/venue-hire/rooms/","5136140","E09000007","Bloomsbury","E05013653",51.520888,-0.13228835,529677.2414,181871.816,"Theatre_rehearsal_studios"
"RADA Studios","16 Chenies St","","","Camden","https://www.rada.ac.uk/about-us/venue-hire/rooms/","5087921","E09000007","Bloomsbury","E05013653",51.520667,-0.13258564,529657.2448,181846.7142,"Theatre_rehearsal_studios"
"Siobhan Davies Studios","85 St. George’s Road","Elephant & Castle","","Southwark","https://www.siobhandavies.com/studio-hire/","10009805291","E09000028","St George's","E05011114",51.496059,-0.10535454,531617.2475,179158.8462,"Theatre_rehearsal_studios"
"Superarts Academy","28 Trinity Church Square","","","Southwark","https://www.superarts.co.uk/ / https://www.superarts.co.uk/superarts-studio-hire/","2e+11","E09000028","Chaucer","E05011098",51.498128,-0.093786067,532414.2338,179409.7645,"Theatre_rehearsal_studios"
"Ample Space","117 Wallis Road","Hackney Wick","","Hackney","https://www.amplespace.co.uk/","1e+11","E09000012","Hackney Wick","E05009374",51.544734,-0.023535607,537150.0949,184721.7286,"Theatre_rehearsal_studios"
"Vinters Studios","1b Sunnyhill Road","","","Lambeth","http://www.vintersstudios.co.uk/studio2.html","1e+11","E09000022","Streatham Wells","E05014116",51.430944,-0.12893824,530165.2067,171875.8939,"Theatre_rehearsal_studios"
"Deptford Lounge, Studio and Main Hall","1st Floor","9 Giffin Street","Deptford","Lewisham","http://deptfordlounge.org.uk/hire-us/studio","10023234998","E09000023","Deptford","E05013719",51.477707,-0.024303247,537298.1966,177266.9068,"Theatre_rehearsal_studios"
"Wac Arts","The Old Town Hall","213 Haverstock Hill","Belsize Park","Camden","https://www.wacarts.co.uk/what-we-do/community-hub/room-hire","5170221","E09000007","Belsize","E05013652",51.551005,-0.1665957,527213.244,185160.7024,"Theatre_rehearsal_studios"
"Betty, Poplar Union","2 Cotall St","Poplar","","Tower Hamlets","https://poplarunion.com/hire/","6194894","E09000030","Lansbury","E05009325",51.515598,-0.023009935,537274.1212,181482.7575,"Theatre_rehearsal_studios"
"Shoreditch Town Hall","380 Old Street","","","Hackney","https://shoreditchtownhall.com/event-hire/spaces-for-hire.html","1e+11","E09000012","Hoxton East & Shoreditch","E05009377",51.526675,-0.079129146,533348.175,182610.821,"Theatre_rehearsal_studios"
"Kenneth More Theatre","Oakfield Road"," Ilford","","Redbridge","https://visionrcl.org.uk/centre/kenneth-more-theatre/ / https://visionrcl.org.uk/venues/kenneth-more-the","1e+11","E09000026","Ilford Town","E05011246",51.558676,0.075213821,543953.1609,186461.7885,"Theatre_rehearsal_studios"
"Stanley Arts","12 South Norwood Hill","South Norwood","","Croydon","https://stanleyarts.org/venue-hire/","1e+11","E09000008","South Norwood","E05011485",51.400257,-0.075329996,533981.2138,168560.0568,"Theatre_rehearsal_studios"
"Cardboard Citizens","77a Greenfield Road","Whitechapel","","Tower Hamlets","https://cardboardcitizens.org.uk/hire-our-space/","6709753","E09000030","Whitechapel","E05009336",51.516336,-0.065626635,534315.1713,181485.808,"Theatre_rehearsal_studios"
"Elthorne Park High School","Westlea Road","","","Ealing","https://www.ephs.ealing.sch.uk/page/?title=Lettings+and+hire&pid=18","12141191","E09000009","Northfield","E05013530",51.500627,-0.33086508,515952.4871,179285.8878,"Theatre_rehearsal_studios"
"Husky Studios","29a Amelia Street","Southwark","","Southwark","https://www.huskystudios.co.uk/","2e+11","E09000028","Newington","E05011105",51.489563,-0.09846477,532114.2405,178448.8857,"Theatre_rehearsal_studios"
"The Umbrella Rooms","241 Shaftesbury Avenue ","","","Camden","https://www.theumbrellarooms.com/rooms","5110331","E09000007","Holborn & Covent Garden","E05013662",51.516794,-0.12653199,530088.2425,181426.766,"Theatre_rehearsal_studios"
"The Colour House Theatre","Merton Abbey Mills"," Watermill Way","","Merton","http://www.colourhousetheatre.co.uk/","48112460","E09000024","Colliers Wood","E05013812",51.413484,-0.18346338,526423.2717,169839.0195,"Theatre_rehearsal_studios"
"The Miller Pub","96 Snowsfields","Southwark","","Southwark","https://www.themiller.co.uk/rehearsals","2e+11","E09000028","London Bridge & West Bermondsey","E05011104",51.502065,-0.087598992,532832.2226,179858.7583,"Theatre_rehearsal_studios"
"Oxford House Theatre","87 Derbyshire Street","","","Tower Hamlets","http://www.oxfordhouse.org.uk","6089004","E09000030","St Peter's","E05009331",51.526367,-0.061510951,534571.1484,182608.8377,"Theatre_rehearsal_studios"
"Blackheath Halls","23 Lee Road","","","Greenwich","https://www.blackheathhalls.com/hire-blackheath-halls/recording-and-filming/","1e+11","E09000011","Blackheath Westcombe","E05014073",51.464379,0.009601542,539693.2234,175848.9073,"Theatre_rehearsal_studios"
"David Game College","31 Jewry Street","London","","City of London","https://davidgameevents.com/venues-for-hire-in-central-london/dance-studio-for-hire/","95514552","E09000001","Tower","E05009310",51.512846,-0.076482648,533572.191,181077.8446,"Theatre_rehearsal_studios"
"Chats Palace Arts Centre ","42-44 Brooksby's Walk","London","","Hackney","https://chatspalace.com/","1e+11","E09000012","King's Park","E05009379",51.550263,-0.042710633,535804.1175,185300.8489,"Theatre_rehearsal_studios"
"Shrewsbury House","Shrewsbury House Community Centre",", Bushmoor Crescent","Shooters Hill ","Greenwich","https://shrewsburyhouse.org/index.php","1e+11","E09000011","Shooters Hill","E05014089",51.473519,0.072959352,544065.1509,176987.9435,"Theatre_rehearsal_studios"
"Harmony Hall","10 TRURO ROAD","","","Waltham Forest","https://www.harmonyhall.org.uk/","10009143437","E09000031","High Street","E05013891",51.584048,-0.026088243,536855.146,189088.7538,"Theatre_rehearsal_studios"
"Bloomsbury studio","15 Gordon street","London","","Camden","https://www.ucl.ac.uk/culture/bloomsbury-theatre-studio","5007085","E09000007","Bloomsbury","E05013653",51.525068,-0.13278042,529631.2384,182335.7648,"Theatre_rehearsal_studios"
"South London Theatre","The Old Fire Station","2A Norwood High Street","","Lambeth","https://sltfirestation.org/room-hire/","1e+11","E09000022","Knight's Hill","E05014106",51.431994,-0.1030141,531964.2065,172039.0209,"Theatre_rehearsal_studios"
"Tall Stories Studio","Central Library","2 Fieldway Cres","","Islington","https://www.tallstories.org.uk/studio","10094610014","E09000019","Highbury","E05013704",51.549148,-0.10740465,531322.1862,185058.7116,"Theatre_rehearsal_studios"
"Bold Elephant ","21 St.George’s Road","Elephant and Castle","","Southwark","https://boldtheatre.com/rehearsals/","2e+11","E09000028","St George's","E05011114",51.495296,-0.10269216,531804.2466,179078.7864,"Theatre_rehearsal_studios"
"Regent’s Park Rehearsal Studios","Regents Park Open Air Theatre","Inner Circle","","Westminster","https://openairtheatre.com/rehearsalstudios","10091898189","E09000033","Regent's Park","E05013805",51.5281,-0.15438,528124.422,182634.9204,"Theatre_rehearsal_studios"
"Empire 2, Ground Floor","Hackney Empire","291 Mare St","","Hackney","https://hackneyempire.co.uk/hire/spaces/","1e+11","E09000012","Hackney Central","E05009372",51.54552,-0.055504915,534931.142,184749.7775,"Theatre_rehearsal_studios"
"HiddenViewz HQ Studios","Happy Cottage B","Florentia Clothing Village","108 Vale Road","Haringey","https://www.hiddenviewz.co.uk/bookaspace","10093589894","E09000014","Hermitage & Gardens","E05013591",51.576583,-0.088513583,532552.2412,188143.6628,"Theatre_rehearsal_studios"
"Ample Space","17 Stroud Green Rd","Finsbury Park","","Islington","https://www.amplespace.co.uk/","10023220251","E09000019","Finsbury Park","E05013703",51.566418,-0.10766874,531254.2107,186978.7141,"Theatre_rehearsal_studios"
"London Performance Studios","Unit 30, Penarth Centre","Penarth St","","Southwark","https://www.londonperformancestudios.com/hires","2e+11","E09000028","Old Kent Road","E05011109",51.483793,-0.055366587,535123.2134,177885.8836,"Theatre_rehearsal_studios"
"Cromer Studios","The Holy Cross Church Basement","98 Cromer St, Kings Cross","","Camden","https://www.cromerstudios.co.uk/","5157720","E09000007","King's Cross","E05013666",51.527515,-0.12326629,530284.2271,182624.7539,"Theatre_rehearsal_studios"
"Ropekeepers Studio","Woolwich Works","The Fireworks Factory","11 No. 1 Street","Greenwich","https://www.woolwich.works/venues/ropekeepers-studio","10010229615","E09000011","Woolwich Arsenal","E05014092",51.494442,0.069067917,543729.1373,179306.9222,"Theatre_rehearsal_studios"
"The Big House Theatre Company","151 Englefield Rd","","","Islington","https://thebighouse.uk.com/#!/","5300031052","E09000019","Canonbury","E05013701",51.543494,-0.089814048,532558.1701,184461.7151,"Theatre_rehearsal_studios"
"English National Ballet, Mulryan Centre for Dance","41 Hopewell Square","","","Tower Hamlets","https://www.ballet.org.uk/venue-hire/","6721048","E09000030","Blackwall & Cubitt Town","E05009318",51.512769,0.006426868,539325.109,181223.7836,"Theatre_rehearsal_studios"
"The Pen Theatre ","Unit 22b, Penarth Centre","Penarth Street","South Bermondsey","Southwark","https://thepentheatre.com/","2e+11","E09000028","Old Kent Road","E05011109",51.483309,-0.054955072,535153.2152,177832.8226,"Theatre_rehearsal_studios"
"Studio 3 Arts ","Boundary Road","","","Barking and Dagenham","https://www.studio3arts.org.uk/ ","100053573","E09000002","Gascoigne","E05014061",51.530484,0.080289716,544394.1273,183336.8231,"Theatre_rehearsal_studios"
"Colomba","31 Oval Road","","","Camden","https://www.colomba.london/","5159675","E09000007","","",51.53882905,-0.147534669,528347.0068,183947.4645,"Theatre_rehearsal_studios"
"Troubadour Wembley Park Theatre","3 Fulton Road","Wembley Park","Wembley","Brent","https://www.troubadourtheatres.com/wembley-park","202228835","E09000005","Wembley Park","E05013516",51.56085054,-0.281788454,519201.3997,186061.7409,"Theatre"
"Assembly Rooms, Surbiton","138 Maple Road"," Surbiton","","Kingston upon Thames",NA,"128012933","E09000021","St Mark's & Seething Wells","E05013943",51.39623937,-0.308425963,517777.9526,167713.3855,"Theatre"
"George Wood Theatre ","Goldsmith's College"," University of London","","Lewisham",NA,"1.00023E+11","E09000023","Deptford","E05013719",51.47568861,-0.037712479,536373.0967,177017.4099,"Theatre"
"Piccadilly Theatre","16 Denman St"," Soho","","Westminster","https://www.piccadillytheatre.org/","1.00023E+11","E09000033","West End","E05013808",51.51156529,-0.136980332,529378.1477,180826.8227,"Theatre"
"Bacon's College Theatre","Timber Pond Road"," Rotherhithe","","Southwark",NA,"2.00003E+11","E09000028","Rotherhithe","E05011112",51.50287556,-0.043862524,535865.1904,180029.1413,"Theatre"
"Courtyard Theatre","40 Pitfield Street","","","Hackney",NA,"10091002509","E09000012","Hoxton West","E05009378",51.52838974,-0.084962889,532938.5301,182790.8857,"Theatre"
"Dugdale Arts Centre","39 London Road"," Enfield","","Enfield","https://www.dugdalecentre.co.uk/","207007119","E09000010","Grange Park","E05013681",51.65033225,-0.082311783,532766.6772,196356.1164,"Theatre"
"Bloomsbury Theatre","15 Gordon St"," Bloomsbury","","Camden","https://www.thebloomsbury.com/","5007085","E09000007","Bloomsbury","E05013653",51.52583301,-0.134581862,529504.1073,182417.648,"Theatre"
"Etcetera Theatre","265 Camden High St","","","Camden","http://www.etceteratheatre.com/","5007472","E09000007","Camden Town","E05013655",51.54065446,-0.145554108,528701.2098,184046.4691,"Theatre"
"KOKO","1A Camden High St"," Kings Cross","","Camden","http://www.koko.uk.com/","5023741","E09000007","Regent's Park","E05013668",51.53549102,-0.140876459,529040.1732,183480.5193,"Theatre"
"Phoenix Theatre","110 Charing Cross Road","","","Westminster",NA,"5037592","E09000033","West End","E05013808",51.51517556,-0.131318258,529760.77,181238.3041,"Theatre"
"Shaftesbury Theatre","210 Shaftesbury Ave","","","Camden","http://www.shaftesburytheatre.com/","5038488","E09000007","Holborn & Covent Garden","E05013662",51.51678597,-0.127702349,530007.0661,181423.7951,"Theatre"
"Conway Hall","25 Red Lion Square","","","Camden","https://conwayhall.org.uk/","5048256","E09000007","Holborn & Covent Garden","E05013662",51.52030279,-0.1199192,530537.0083,181828.7104,"Theatre"
"Theatro Technis","26 Crowndale Rd"," Kings Cross","","Camden","http://www.theatrotechnis.com/","5061419","E09000007","St Pancras & Somers Town","E05013669",51.53604907,-0.135763985,529393.1501,183551.5953,"Theatre"
"Lion and Unicorn Theatre","42-44 Gaisford St"," Kentish Town","","Camden","http://www.lionandunicorntheatre.co.uk/","5082943","E09000007","Kentish Town South","E05013664",51.54861882,-0.141422724,528965.1854,184939.3854,"Theatre"
"Dominion Theatre","268-269 Tottenham Court Rd"," Fitzrovia","","Camden","https://www.nederlander.co.uk/dominion-theatre","5083050","E09000007","Bloomsbury","E05013653",51.51747184,-0.131248013,529759.1197,181493.7774,"Theatre"
"Shaw Theatre","100-110 Euston Rd"," Kings Cross","","Camden","https://www.shaw-theatre.com/","5083194","E09000007","St Pancras & Somers Town","E05013669",51.5291548,-0.129717428,529832.0893,182795.646,"Theatre"
"Embassy Theatre","The Royal Central School of Speech and Drama"," 62-64 Eton Ave","","Camden","https://www.cssd.ac.uk/content/facilities","5084778","E09000007","Belsize","E05013652",51.5448335,-0.175782191,526593.4801,184458.4956,"Theatre"
"Cambridge Theatre","31 Earlham Street","","","Camden","http://www.reallyusefultheatres.co.uk/our-theatres/cambridge","5089373","E09000007","Holborn & Covent Garden","E05013662",51.51402122,-0.127988264,529995.098,181115.8447,"Theatre"
"Haverstock School Theatre ","Haverstock School"," 24 Haverstock Hill","","Camden",NA,"5090679","E09000007","Haverstock","E05013660",51.54480979,-0.155023519,528032.9049,184491.9494,"Theatre"
"St Martin's Theatre","West St","","","Westminster","https://www.the-mousetrap.co.uk/","5090739","E09000033","West End","E05013808",51.51335016,-0.129215629,529911.847,181039.0447,"Theatre"
"Roundhouse","Chalk Farm Rd"," Camden Town","","Camden","http://www.roundhouse.org.uk/","5109516","E09000007","Camden Town","E05013655",51.54354905,-0.15289144,528184.2796,184355.4829,"Theatre"
"Ambassadors Theatre","West St","","","Westminster","https://www.theambassadorstheatre.co.uk/Online/","5110511","E09000033","West End","E05013808",51.51350874,-0.129569398,529886.8498,181056.0516,"Theatre"
"Lauderdale House","Waterlow Park"," Highgate Hill","","Camden","http://lauderdalehouse.org.uk/","5132343","E09000007","Highgate","E05013661",51.57016551,-0.14491124,528662.5437,187329.3089,"Theatre"
"Hampstead Theatre","Eton Avenue"," Swiss Cottage","","Camden","https://www.hampsteadtheatre.com/","5134828","E09000007","Belsize","E05013652",51.54456256,-0.173976362,526719.4446,184431.49,"Theatre"
"Donmar Warehouse","41 Earlham St","","","Camden","https://www.donmarwarehouse.com/","5147687","E09000007","Holborn & Covent Garden","E05013662",51.51456818,-0.127317341,530040.0921,181177.8581,"Theatre"
"New Diorama Theatre","15-16 Triton St","Regent's Place","","Camden","http://www.newdiorama.com/","5155688","E09000007","Regent's Park","E05013668",51.52541488,-0.143924929,528857.1935,182354.673,"Theatre"
"Gillian Lynne Theatre","166 Drury Ln","","","Camden","http://www.reallyusefultheatres.co.uk/our-theatres/new-london","5157611","E09000007","Holborn & Covent Garden","E05013662",51.51594211,-0.12437866,530240.0696,181335.8613,"Theatre"
"Camden People's Theatre","58-60 Hampstead Rd"," Kings Cross","","Camden","https://www.cptheatre.co.uk/","5158137","E09000007","Regent's Park","E05013668",51.52689881,-0.139972353,529127.1745,182526.6492,"Theatre"
"Pentameters Theatre","The Horseshoe"," 28 Heath St","","Camden","http://www.pentameters.co.uk/","5162760","E09000007","Frognal","E05013657",51.5562823,-0.180041195,526266.4914,185724.2822,"Theatre"
"Upstairs at The Gatehouse","1 North Road","","","Haringey","http://www.upstairsatthegatehouse.com/","5166442","E09000014","Highgate","E05013592",51.57246809,-0.151935655,528169.2899,187573.0462,"Theatre"
"Platform Theatre","Central Saint Martin's"," 1 Handyside St"," Kings Cross","Camden",NA,"5167112","E09000007","King's Cross","E05013666",51.53743115,-0.125196079,530122.1026,183724.0079,"Theatre"
"Wiltons Music Hall","1 Graces Alley"," Whitechapel","","Tower Hamlets","https://www.wiltons.org.uk/","6006845","E09000030","Whitechapel","E05009336",51.51112423,-0.068550982,534127.5851,180900.8904,"Theatre"
"Half Moon Young People's Theatre","43 White Horse Road","","","Tower Hamlets","http://www.halfmoon.org.uk/","6044554","E09000030","Stepney Green","E05009334",51.51423921,-0.042220553,535945.3195,181295.8394,"Theatre"
"The Space","269 Westferry Rd"," Isle of Dogs","","Tower Hamlets","https://space.org.uk/","6060149","E09000030","Island Gardens","E05009324",51.49268043,-0.0258169,537148.1586,178929.0964,"Theatre"
"The Yard Theatre","Unit 2A"," Queens Yard","White Post Lane","Tower Hamlets","https://theyardtheatre.co.uk/","6077552","E09000030","Bow East","E05009319",51.54300956,-0.024359022,537098.1818,184528.4282,"Theatre"
"Chisenhale Dance Space","64-84 Chisenhale Rd","","","Tower Hamlets","http://www.chisenhaledancespace.co.uk/","6146768","E09000030","Bow West","E05009320",51.53413799,-0.04006913,536035.2875,183512.6216,"Theatre"
"Toynbee Studios","28 Commercial St","","","Tower Hamlets","https://www.artsadmin.co.uk/toynbee-studios","6183707","E09000030","Spitalfields & Banglatown","E05009333",51.51700362,-0.073923593,533737.5761,181544.8517,"Theatre"
"Rich Mix","35-47 Bethl Green Rd"," London","","Tower Hamlets","https://www.richmix.org.uk/","6192962","E09000030","Weavers","E05009335",51.52474282,-0.075412607,533611.6232,182402.7407,"Theatre"
"Grange Court Theatre ","Drama Studio London"," Grange Court","","Ealing",NA,"12084359","E09000009","Ealing Common","E05013521",51.50991716,-0.305456884,517692.0466,180359.4903,"Theatre"
"The Questors Theatre","12 Mattock Ln","","","Ealing","http://www.questors.org.uk/","12084402","E09000009","Walpole","E05013541",51.51221678,-0.31124231,517284.677,180605.9458,"Theatre"
"Lyric Hammersmith","Lyric Square"," King St","","Hammersmith and Fulham","https://lyric.co.uk/","34027053","E09000013","Grove","E05013740",51.49375939,-0.227877123,523118.9422,178690.1429,"Theatre"
"Eventim Apollo","45 Queen Caroline Street"," Hammersmith","","Hammersmith and Fulham",NA,"34030384","E09000013","Hammersmith Broadway","E05013741",51.49099869,-0.22701033,523186.5509,178384.604,"Theatre"
"Shepherds Bush Empire","211 Shepherd's Bush Green","","","Hammersmith and Fulham","https://academymusicgroup.com/o2shepherdsbushempire/","34030760","E09000013","Shepherd's Bush Green","E05013748",51.50393746,-0.226070492,523216.9056,179825.0028,"Theatre"
"Bush Theatre","7 Uxbridge Rd"," Shepherd's Bush","","Hammersmith and Fulham","https://www.bushtheatre.co.uk/","34032421","E09000013","Shepherd's Bush Green","E05013748",51.5055343,-0.227045431,523144.9406,180000.9356,"Theatre"
"Barons Court Theatre","28a Comeragh Rd","","","Hammersmith and Fulham","http://www.offwestend.com/index.php/theatres/view/42","34128758","E09000013","West Kensington","E05013751",51.48963907,-0.212337518,524208.8292,178258.1799,"Theatre"
"The Bhavan Centre","4A Castletown Rd"," Hammersmith","","Hammersmith and Fulham","http://www.bhavan.net/","34140084","E09000013","West Kensington","E05013751",51.48990812,-0.208193931,524495.7517,178295.1301,"Theatre"
"Riverside Studios","101 Queen Caroline Street"," Hammersmith","","Hammersmith and Fulham","http://www.riversidestudios.co.uk/","34153945","E09000013","West Kensington","E05013751",51.48990812,-0.208193931,524495.7517,178295.1301,"Theatre"
"Sainsbury Theatre","LAMDA","155 Talgarth Rd","","Hammersmith and Fulham","https://www.lamda.ac.uk/hire-our-spaces","34160370","E09000013","Avonmore","E05013734",51.49106288,-0.215523255,523983.8079,178411.1153,"Theatre"
"Teatr Polski","Polish Centre"," 238-46 King Street","","Hammersmith and Fulham","http://www.posk.org/c5/en/home/","34160956","E09000013","Ravenscourt","E05013746",51.49403514,-0.239015056,522345.0585,178702.1574,"Theatre"
"New Wimbledon Theatre","93 The Broadway"," Wimbledon","","Merton","http://www.atgtickets.com/venues/new-wimbledon-theatre/","48008413","E09000024","Wimbledon Town & Dundonald","E05013829",51.41980863,-0.202895753,525054.7531,170509.0183,"Theatre"
"Polka Theatre","240 The Broadway"," Wimbledon","","Merton","https://polkatheatre.com/","48008566","E09000024","Wimbledon Town & Dundonald","E05013829",51.42019874,-0.196078435,525527.6801,170564.0395,"Theatre"
"Merton Arts Space","Compton Rd"," Wimbledon","","Merton","https://arena.yourlondonlibrary.net/web/merton/merton-arts-space-wimbledon","48017144","E09000024","Hillside","E05013816",51.42374316,-0.208465413,524656.8122,170937.0607,"Theatre"
"Collyer Hall Theatre","King's College School"," Southside"," Wimbledon Common","Merton","https://www.kcs.org.uk/the-kings-community/venue-hire/performance-venues","48065710","E09000024","Village","E05013825",51.42244793,-0.227707485,523322.5446,170760.5082,"Theatre"
"Lantern Arts Centre","Tolverne Road"," Raynes Park","","Merton","https://www.lanternarts.org/","48111953","E09000024","Raynes Park","E05013823",51.41189908,-0.231459924,523089.9906,169581.1333,"Theatre"
"The Colour House Theatre","Merton Abbey Mills"," Watermill Way","","Merton","http://www.colourhousetheatre.co.uk/","48112460","E09000024","Abbey","E05013810",51.41351461,-0.184766213,526332.5929,169840.1794,"Theatre"
"Bridewell Theatre","14 Bride Ln"," Fleet St","","City of London","http://www.sbf.org.uk/venue-hire/bridewell-theatre/","95511225","E09000001","Castle Baynard","E05009297",51.51401962,-0.106603389,531478.872,181153.8322,"Theatre"
"The Red Hedgehog","255 - 257 Archway Road"," Highgate","","Haringey","http://www.theredhedgehog.co.uk/","10022938228","E09000014","Highgate","E05013592",51.57665107,-0.145578588,528598.0096,188049.3587,"Theatre"
"Milton Court","1 Milton Street","","","City of London","https://www.barbican.org.uk/hire/venue-hire/venues/milton-court-concert-hall","95511391","E09000001","Cripplegate","E05009302",51.52054719,-0.092682898,532425.8023,181904.7831,"Theatre"
"Barbican Theatre","Silk St","","","City of London","https://www.barbican.org.uk/","95512046","E09000001","Aldersgate","E05009288",51.52047017,-0.095713605,532215.7744,181890.7382,"Theatre"
"The Broadway","Broadway"," Barking","","Barking and Dagenham","https://www.thebroadwaybarking.com/","100058301","E09000002","Abbey","E05014053",51.53639032,0.075702276,544057.3222,183984.5699,"Theatre"
"Tara Theatre","356 Garratt Ln","","","Wandsworth","https://www.tara-arts.com/","121011012","E09000032","Wandle","E05014026",51.44228795,-0.189439175,525928.6031,173031.7366,"Theatre"
"Battersea Arts Centre","Lavender Hill","","","Wandsworth","https://www.bac.org.uk/","121015942","E09000032","Shaftesbury & Queenstown","E05014019",51.4656784,-0.162414822,527741.3687,175679.5045,"Theatre"
"Rose Theatre","24-26 High St"," Kingston upon Thames","","Richmond upon Thames","https://www.rosetheatrekingston.org/","128029778","E09000027","Hampton Wick & South Teddington","E05013780",51.40877768,-0.309291192,517685.6501,169106.2423,"Theatre"
"The Bull Theatre","68 High St"," Barnet","","Barnet","https://www.thebulltheatre.com/","200148795","E09000003","High Barnet","E05013644",51.6536034,-0.200963858,524549.7297,196511.0224,"Theatre"
"artsdepot","5 Nether St"," Tally Ho Corner"," North Finchley","Barnet","https://www.artsdepot.co.uk/","200198999","E09000003","West Finchley","E05013648",51.61346127,-0.177899683,526256.4723,192086.5269,"Theatre"
"The Kiln","269 Kilburn High Rd"," Kilburn","","Brent","https://kilntheatre.com/","202124574","E09000005","Kilburn","E05013503",51.54423111,-0.201993562,524777.6868,184346.5158,"Theatre"
"Millfield Theatre","Silver St"," Edmonton","","Enfield","https://www.millfieldtheatre.co.uk/","207016763","E09000010","Haselbury","E05013682",51.61670068,-0.079904458,533031.6236,192620.557,"Theatre"
"Intimate Theatre","521 Green Lanes"," Palmers Green","","Enfield","http://www.smptheatre.co.uk/faqs/the-intimate-theatre/","207035876","E09000010","Winchmore Hill","E05013696",51.62504172,-0.105149434,531259.8664,193502.4564,"Theatre"
"Chickenshed Theatre","290 Chase Side"," Southgate","","Enfield","https://www.chickenshed.org.uk/","207078080","E09000010","Cockfosters","E05013678",51.644931,-0.146851799,528317.2328,195640.2066,"Theatre"
"Chelsea Theatre","7 World's End Place"," King's Rd"," Chelsea","Kensington and Chelsea","http://www.chelseatheatre.org.uk/","217005389","E09000020","Stanley","E05009405",51.48215635,-0.18123719,526388.5309,177479.2591,"Theatre"
"Opera Holland Park Theatre","Ilchester Place"," Kensington","","Kensington and Chelsea","http://www.operahollandpark.com/","217038848","E09000020","Holland","E05009397",51.50115652,-0.204449343,524725.0085,179552.3416,"Theatre"
"The Playground Theatre","8 Latimer Industrial Estate"," Latimer Rd","","Hammersmith and Fulham","http://theplaygroundtheatre.london/","217052352","E09000013","College Park & Old Oak","E05013736",51.51831412,-0.226001748,523182.9018,181423.8364,"Theatre"
"The Coronet","103 Notting Hill Gate"," Kensington","","Kensington and Chelsea","https://www.the-print-room.org/","217059398","E09000020","Pembridge","E05009400",51.50899645,-0.200485076,524978.6995,180430.9131,"Theatre"
"The Tabercle W11","34-35 Powis Square","","","Kensington and Chelsea","https://www.tabernaclew11.com/","217070132","E09000020","Colville","E05009392",51.51721063,-0.203143963,524771.7537,181339.8145,"Theatre"
"Royal Court Theatre","Sloane Square"," Chelsea","","Kensington and Chelsea","https://royalcourttheatre.com/","217078033","E09000020","Royal Hospital","E05009403",51.49312267,-0.157998904,527971.3489,178739.0653,"Theatre"
"Cadogan Hall","5 Sloane Terrace"," Belgravia","","Kensington and Chelsea","https://www.cadoganhall.com/","217078765","E09000020","Royal Hospital","E05009403",51.49394058,-0.159103815,527892.3625,178828.0888,"Theatre"
"Drayton Arms Theatre","153 Old Brompton Road","","","Kensington and Chelsea","http://www.thedraytonarmstheatre.co.uk/index.php","217101579","E09000020","Redcliffe","E05009402",51.49115439,-0.185157211,526091.5519,178473.1068,"Theatre"
"Gate Theatre","11 Pembridge Rd"," Notting Hill","","Kensington and Chelsea","https://www.gatetheatre.co.uk/","217105236","E09000020","Pembridge","E05009400",51.51003837,-0.199262214,525060.7046,180548.8635,"Theatre"
"Finborough Theatre","118 Finborough Road"," Kensington","","Kensington and Chelsea","http://www.finboroughtheatre.co.uk/","217112560","E09000020","Redcliffe","E05009402",51.48666973,-0.191110467,525690.6088,177964.1778,"Theatre"
"Almeida Theatre","Almeida St"," Islington","","Islington","https://almeida.co.uk/","5300001086","E09000019","St Mary's & St James'","E05013710",51.53995318,-0.105570065,531475.8696,184039.523,"Theatre"
"Young Actors Theatre","70-72 Barnsbury Road","","","Islington",NA,"5300006610","E09000019","Barnsbury","E05013698",51.5366392,-0.112533377,531002.5156,183658.5167,"Theatre"
"Union Chapel","19b Compton Terrace","","","Islington","http://www.unionchapel.org.uk/","5300023057","E09000019","Laycock","E05013708",51.54477969,-0.104331307,531547.8545,184578.4692,"Theatre"
"The Little Angel Theatre","14 Dagmar Passage"," Islington","","Islington","https://littleangeltheatre.com/","5300026580","E09000019","St Mary's & St James'","E05013710",51.53952325,-0.102877318,531663.8363,183996.5564,"Theatre"
"Sadler's Wells Theatre","Rosebery Ave"," Clerkenwell","","Islington","https://www.sadlerswells.com/","5300080047","E09000019","Clerkenwell","E05013702",51.52993712,-0.107874625,531344.8802,182921.5871,"Theatre"
"Rosemary Branch Theatre","2 Shepperton Rd","","","Islington","http://www.rosemarybranchtheatre.co.uk/","5300082551","E09000019","Canonbury","E05013701",51.53813039,-0.088545651,532661.71,183867.56,"Theatre"
"Old Red Lion","418 St John St"," Clerkenwell","","Islington","http://www.oldredliontheatre.co.uk/","5300085363","E09000019","Barnsbury","E05013698",51.53191794,-0.107460709,531367.8891,183142.5989,"Theatre"
"Hen and Chickens Theatre","109 St Paul's Road","","","Islington","https://www.thehenandchickenstheatrebar.co.uk/","5300086694","E09000019","Highbury","E05013704",51.5465405,-0.103133475,531625.8279,184776.4311,"Theatre"
"Kings Head Theatre","115 Upper St"," Islington","","Islington","http://www.kingsheadtheatre.com/","5300094557","E09000019","St Mary's & St James'","E05013710",51.53849633,-0.104477141,531555.8573,183879.483,"Theatre"
"The Hope Theatre","207 Upper Street","","","Islington","http://www.thehopetheatre.com/","5300094879","E09000019","Laycock","E05013708",51.54408176,-0.105095213,531496.8993,184499.4839,"Theatre"
"Theatre Peckham","221 Havil St"," Camberwell","","Southwark","https://www.theatrepeckham.co.uk/","10000811503","E09000028","St Giles","E05011115",51.47751843,-0.085306286,533062.7368,177133.3351,"Theatre"
"Hampton Hill Theatre","90 High St"," Hampton Hill"," Hampton","Richmond upon Thames","http://www.hamptonhilltheatre.org.uk/","10002251133","E09000027","Fulwell & Hampton Hill","E05013776",51.42763905,-0.356547716,514352.0855,171128.9367,"Theatre"
"Richmond Theatre","Little Green"," Richmond","","Richmond upon Thames","http://www.atgtickets.com/venues/richmond-theatre/","10002264543","E09000027","South Richmond","E05013786",51.46257947,-0.305388877,517818.5964,175095.5195,"Theatre"
"The Beck Theatre","Grange Rd"," Hayes","","Hillingdon","https://becktheatre.org.uk/","10003001360","E09000017","Wood End","E05013582",51.52155421,-0.423374127,509481.6481,181470.7434,"Theatre"
"Alexandra Palace Theatre","Alexandra Palace"," Alexandra Palace Way","","Haringey","http://www.alexandrapalace.com/","10003974918","E09000014","Alexandra Park","E05013585",51.59498395,-0.132110964,529479.1091,190111.8065,"Theatre"
"Rose Lipman Building","43 De Beauvoir Rd","","","Hackney","http://www.themillcoproject.co.uk/spaces/the-rose-lipman-building/","10008241945","E09000012","De Beauvoir","E05009371",51.5394745,-0.083199392,533028.5376,184026.7409,"Theatre"
"Hackney Arts Centre - EartH (Evolutiory Arts Hackney)","11-17 Stoke Newington Road"," Stoke Newington","","Hackney","https://www.hackneyartscentre.org/","10008300562","E09000012","Shacklewell","E05009382",51.55140177,-0.076999466,533423.6151,185364.4012,"Theatre"
"Shoreditch Town Hall","380 Old St","","","Hackney","https://shoreditchtownhall.com/","10008305130","E09000012","Hoxton East & Shoreditch","E05009377",51.52759052,-0.081289113,533195.6801,182708.6934,"Theatre"
"Church Street Theatre ","St Mary’s Centre"," Church Street","Stoke Newington","Hackney",NA,"10008310096","E09000012","Clissold","E05009369",51.5616175,-0.086015172,532768.8758,186483.9942,"Theatre"
"Arcola Theatre","24 Ashwin St"," Dalston","","Islington","https://www.arcolatheatre.com/","10008321023","E09000019","Mildmay","E05013709",51.54760619,-0.076943219,533438.6006,184942.4285,"Theatre"
"Network Theatre","246A Lower Rd"," Waterloo","","Lambeth","https://networktheatre.org/","10008787031","E09000022","Waterloo & South Bank","E05014118",51.50274612,-0.113888522,531005.7229,179887.162,"Theatre"
"Brick Lane Music Hall","443 North Woolwich Road","","","Newham","https://www.bricklanemusichall.co.uk/","10008988100","E09000025","Royal Albert","E05013922",51.50293962,0.041183788,541767.2598,180197.5047,"Theatre"
"Theatre Royal Stratford East","Gerry Raffles Square","","","Newham","http://www.stratfordeast.com/","10009003230","E09000025","Stratford Olympic Park","E05013925",51.5430221,-0.000637702,538742.9788,184574.4949,"Theatre"
"Unicorn Theatre","147 Tooley St","","","Southwark","https://www.unicorntheatre.com/","10009804074","E09000028","London Bridge & West Bermondsey","E05011104",51.50458886,-0.082889513,533151.7147,180147.9641,"Theatre"
"Greenwich Theatre","Crooms Hill","","","Greenwich","https://www.greenwichtheatre.org.uk/","10010200382","E09000011","Greenwich Park","E05014081",51.47998282,-0.00924372,538337.0371,177548.3089,"Theatre"
"Edward Alderton Theatre","5 Brampton Rd"," Bexleyheath","","Bexley","http://www.edwardalderton.org/","10011844980","E09000004","Crook Log","E05011223",51.46207495,0.125228844,547731.8884,175819.448,"Theatre"
"Rose Theatre","Lamorbey House"," Burnt Oak Lane","","Bexley","https://www.bruford.ac.uk/","10011845091","E09000004","Blackfen & Lamorbey","E05011220",51.43979204,0.104842345,546387.0696,173300.7289,"Theatre"
"Erith Playhouse","38-40 Erith High St"," Erith","","Bexley","http://www.playhouse.org.uk/","10011845592","E09000004","Erith","E05011225",51.48217556,0.179388845,551427.3988,178165.1755,"Theatre"
"Pleasance Theatre","Carpenters Mews"," North Rd","","Islington","https://www.pleasance.co.uk/","10012788835","E09000019","Holloway","E05013706",51.5492461,-0.123196566,530227.0444,185041.3972,"Theatre"
"Platform","Hornsey Road Baths"," 2 Tiltman Place","","Islington",NA,"10012794343","E09000019","Tollington","E05013712",51.5617735,-0.11716881,530609.0907,186445.2199,"Theatre"
"The Scoop","Queen's Walk","","","Lambeth","https://www.visitlondon.com/things-to-do/place/3720745-scoop","10013532078","E09000022","Waterloo & South Bank","E05014118",51.50417225,-0.120831813,530519.7774,180033.3554,"Theatre"
"Battersea Barge","Nine Elms Lane","","","Wandsworth","http://www.batterseabarge.com/bbevents/","10025500313","E09000032","Nine Elms","E05014015",51.48265903,-0.139325265,529297.1685,177608.273,"Theatre"
"London Palladium","1-4 Argyll Street","","","Westminster","http://london-palladium.co.uk/","10033529083","E09000033","West End","E05013808",51.51436,-0.14022,529145.4522,181131.881,"Theatre"
"Britten Opera Theatre","Royal College of Music"," Prince Consort Road","","Westminster",NA,"10033558053","E09000033","Knightsbridge & Belgravia","E05013797",51.49979219,-0.178465057,526532.2033,179445.1804,"Theatre"
"Jermyn Street Theatre","16B Jermyn St"," St. James's","","Westminster","http://www.jermynstreettheatre.co.uk/","10033536763","E09000033","West End","E05013808",51.50967047,-0.136510341,529416.1273,180616.9467,"Theatre"
"Harold Pinter Theatre","Panton St","","","Westminster","http://www.atgtickets.com/venues/harold-pinter-theatre/","10033540343","E09000033","St James's","E05013806",51.50983451,-0.133275661,529640.1185,180640.9078,"Theatre"
"Gielgud Theatre","Shaftesbury Ave"," Soho","","Westminster","https://www.delfontmackintosh.co.uk/theatres/gielgud-theatre/","10033543105","E09000033","West End","E05013808",51.51252024,-0.134808564,529526.1341,180936.8522,"Theatre"
"Vaudeville Theatre","404 Strand","","","Westminster","https://www.nimaxtheatres.com/theatres/vaudeville-theatre/","10033544051","E09000033","St James's","E05013806",51.51085658,-0.124083583,530275.0458,180770.8705,"Theatre"
"Royal Opera House","Bow St","","","Westminster","http://www.roh.org.uk/","10033547198","E09000033","St James's","E05013806",51.51355733,-0.124260621,530255.0599,181070.8815,"Theatre"
"Institute of Contemporary Arts","The Mall"," St. James's","","Westminster","https://www.ica.art/","10033548625","E09000033","St James's","E05013806",51.50714179,-0.131915742,529742.1309,180343.8821,"Theatre"
"Apollo Theatre","Shaftesbury Ave"," Soho","","Westminster","https://www.nimaxtheatres.com/theatres/apollo-theatre/","10033548808","E09000033","West End","E05013808",51.51201028,-0.134987535,529515.1619,180879.8276,"Theatre"
"May Fair Theatre ","The May Fair Hotel"," Stratton Street"," Mayfair","Westminster","http://www.themayfairhotel.co.uk/en/may-fair-theatre.html","10033549456","E09000033","West End","E05013808",51.50802526,-0.14548366,528798.0998,180418.1826,"Theatre"
"Palace Theatre","Shaftesbury Ave"," Soho","","Westminster","https://www.nimaxtheatres.com/theatres/palace-theatre/","10033553103","E09000033","West End","E05013808",51.5135962,-0.131233936,529771.1076,181062.827,"Theatre"
"Soho Theatre","21 Dean Street","","","Westminster","https://sohotheatre.com/","10033554562","E09000033","West End","E05013808",51.51488794,-0.134513511,529539.8917,181200.6649,"Theatre"
"Theatre Royal Drury Lane ","Catherine St","","","Westminster","http://www.reallyusefultheatres.co.uk/our-theatres/theatre-royal","10033555899","E09000033","St James's","E05013806",51.51338539,-0.121947845,530416.0222,181055.8766,"Theatre"
"Puppet Theatre Barge","Blomfield Road (opposite 35)","","","Westminster","http://www.puppetbarge.com/Controllers/homepage.php","10033556397","E09000033","Little Venice","E05013799",51.52224162,-0.18632704,525924.6355,181928.0501,"Theatre"
"The Other Palace","12 Palace St"," Westminster","","Westminster","https://www.theotherpalace.co.uk/","10033568019","E09000033","St James's","E05013806",51.49923634,-0.143692437,528947.199,179443.9955,"Theatre"
"The Lyceum Theatre","21 Wellington St","","","Westminster","https://www.thelyceumtheatre.com/","10033572107","E09000033","St James's","E05013806",51.51193352,-0.121719838,530435.9882,180894.8335,"Theatre"
"Charing Cross Theatre","The Arches"," Villiers St","","Westminster","http://www.charingcrosstheatre.co.uk/","10033582545","E09000033","St James's","E05013806",51.50859876,-0.125703378,530169.0835,180516.9193,"Theatre"
"Criterion Theatre","218-223 Piccadilly"," St. James's","","Westminster","https://www.criterion-theatre.co.uk/","10033582954","E09000033","West End","E05013808",51.51020844,-0.135292471,529499.1111,180678.9219,"Theatre"
"Sarah Siddons Theatre","City of Westminster College"," Paddington Green Campus","","Westminster","https://www.cwc.ac.uk/private-hire/sarah-siddons-theatre","10033614767","E09000033","Little Venice","E05013799",51.5213937,-0.176027204,526641.5073,181851.5181,"Theatre"
"Novello Theatre","Aldwych"," London","","Westminster","http://www.novellotheatrelondon.info/","10033615106","E09000033","St James's","E05013806",51.51301144,-0.121040927,530480.0169,181015.9081,"Theatre"
"Normansfield Theatre","The Langdon Down Centre"," Normansfield"," 2A Langdon Park","Richmond upon Thames","https://langdondowncentre.org.uk/normansfield-theatre/","10070711098","E09000027","Hampton Wick & South Teddington","E05013780",51.41950034,-0.315912836,517197.7355,170288.0459,"Theatre"
"QEH Southbank Centre","Belvedere Rd"," Lambeth","","Lambeth","https://www.southbankcentre.co.uk/venues/queen-elizabeth-hall","10090198178","E09000022","Waterloo & South Bank","E05014118",51.50717504,-0.117552648,530738.7552,180373.1151,"Theatre"
"Park Theatre","Clifton Terrace"," Finsbury Park","","Islington","https://www.parktheatre.co.uk/","10090266645","E09000019","Finsbury Park","E05013703",51.56617243,-0.110020818,531091.9042,186947.1851,"Theatre"
"Blue Elephant Theatre","59A Bethwin Rd"," Camberwell","","Southwark","http://www.blueelephanttheatre.co.uk/","10090283293","E09000028","Camberwell Green","E05011096",51.48065992,-0.099891942,532040.8502,177456.281,"Theatre"
"Cada Water Theatre","21 Surrey Quays Road","","","Southwark","http://canadawaterculturespace.org.uk/","10090284129","E09000028","Rotherhithe","E05011112",51.49832275,-0.050768479,535399.4066,179510.0782,"Theatre"
"Theatre Utopia","1 Matthews Yard"," Croydon","","Croydon","http://www.matthewsyard.com/","10090382144","E09000008","Fairfield","E05011468",51.37268811,-0.102698376,532156.8983,165444.7196,"Theatre"
"The Bridge Theatre","3 Potters Fields Park","","","Southwark","https://bridgetheatre.co.uk/","10090749570","E09000028","London Bridge & West Bermondsey","E05011104",51.50414492,-0.078830885,533434.6702,180105.9898,"Theatre"
"The CLF Art Café","Block A"," Bussey Building"," 133 Rye Lane","Southwark","https://www.clfartcafe.org/theatre","10090750261","E09000028","Rye Lane","E05011113",51.47042121,-0.069824735,534158.5809,176372.3681,"Theatre"
"Sam Wamaker Playhouse","21 New Globe Walk","","","Southwark","http://www.shakespearesglobe.com/theatre/whats-on/sam-wanamaker-playhouse","10090750983","E09000028","Borough & Bankside","E05011095",51.50862325,-0.098181097,532078.8447,180568.9044,"Theatre"
"The Vaults","Leake Street","Lambeth","","Lambeth","https://www.thevaults.london/","10091121720","E09000022","Waterloo & South Bank","E05014118",51.50247048,-0.117556057,530751.9809,179849.9586,"Theatre"
"Cervantes Theatre","Arch 26"," Old Union Arches"," 229 Union Street","Southwark","http://www.cervantestheatre.com/","10091668523","E09000028","Borough & Bankside","E05011095",51.5038606,-0.103379478,531731.8482,180029.9375,"Theatre"
"Bernie Grant Arts Centre","Town Hall Approach Rd"," Tottenham Green","","Haringey","https://www.berniegrantcentre.co.uk/","10091817474","E09000014","Tottenham Central","E05013601",51.58808293,-0.074008677,533523.6184,189448.8989,"Theatre"
"Theatre503","503 Battersea Park Rd","","","Wandsworth","https://theatre503.com/","10091845630","E09000032","St Mary's","E05014018",51.47244361,-0.167282835,527384.4341,176423.3379,"Theatre"
"Chiswick Playhouse","2 Bath Rd"," Chiswick","","Hounslow","http://tabardtheatre.co.uk/","10091854897","E09000018","Chiswick Homefields","E05013610",51.49643256,-0.255056571,521225.173,178942.1034,"Theatre"
"The Place","17 Duke's Rd"," Bloomsbury","","Camden","https://www.theplace.org.uk/","10091861254","E09000007","St Pancras & Somers Town","E05013669",51.52781091,-0.130565311,529777.0988,182644.7016,"Theatre"
"Kings Place","90 York Way"," Kings Cross","","Camden","https://www.kingsplace.co.uk/","10091871351","E09000007","King's Cross","E05013666",51.53474842,-0.123577178,530242.0256,183428.5634,"Theatre"
"Battersea Power Station Village Hall","188 Kirtling St","","","Wandsworth","https://www.bac.org.uk/content/40704/to_archive/consultation_sessions_circus_west_village_hall_battersea","10091874090","E09000032","Nine Elms","E05014015",51.48170708,-0.142272912,529095.1921,177497.2176,"Theatre"
"Regents Park Open Air Theatre","Inner Circle","","","Westminster","https://openairtheatre.com/","10091898189","E09000033","Regent's Park","E05013805",51.52880735,-0.156039804,528007.3099,182710.6765,"Theatre"
"Waterloo East Theatre","Brad St"," Lambeth","","Lambeth","https://www.waterlooeast.co.uk/","10091908867","E09000022","Waterloo & South Bank","E05014118",51.50460339,-0.111517693,531164.9294,180097.9337,"Theatre"
"Ryan Theatre","5 Yew Walk"," Harrow","","Harrow","https://www.tagvenue.com/rooms/middlesex/1654/harrow-school/ryan-theatre","1.00021E+11","E09000015","Harrow on the Hill","E05013547",51.57331899,-0.341300733,515044.9071,187353.1587,"Theatre"
"The Bread & Roses Theatre","68 Clapham Manor St","","","Lambeth","https://www.breadandrosestheatre.co.uk/","1.00022E+11","E09000022","Clapham Town","E05014102",51.46690969,-0.138482219,529400.1926,175858.4045,"Theatre"
"The Royal Vauxhall Tavern","372 Kennington Lane"," Vauxhall","","Lambeth","http://www.vauxhalltavern.com/","1.00022E+11","E09000022","Vauxhall","E05014117",51.4870039,-0.121405222,530528.9942,178123.1983,"Theatre"
"White Bear Theatre","138 Kennington Park Rd"," Kennington","","Lambeth","https://www.whitebeartheatre.co.uk/","1.00022E+11","E09000022","Kennington","E05014105",51.48722009,-0.109658371,531343.8974,178168.2288,"Theatre"
"Landor Space","70 Landor Rd"," Clapham North","","Lambeth","https://www.landorspace.com/","1.00022E+11","E09000022","Clapham East","E05014100",51.46618085,-0.127632228,530155.8562,175796.5673,"Theatre"
"Deaton Theatre","Forest School"," College Place","","Waltham Forest","https://www.forest.org.uk/senior-school/news-events/facility-hire/","1.00023E+11","E09000031","Upper Walthamstow","E05013900",51.58609345,0.007758792,539193.7468,189380.1137,"Theatre"
"The Yaa Centre","1 Chippenham Mews","","","Westminster",NA,"1.00023E+11","E09000033","Harrow Road","E05013795",51.52406349,-0.196666428,525202.3744,182112.9209,"Theatre"
"Churchill Theatre","High Street"," Bromley","","Bromley","https://churchilltheatre.co.uk/","1.00023E+11","E09000006","Bromley Town","E05013991",51.40428912,0.012855665,540102.8403,169173.1978,"Theatre"
"Bromley Little Theatre","North Street"," Bromley","","Bromley","http://bromleylittletheatre.org/","1.00023E+11","E09000006","Bromley Town","E05013991",51.40821467,0.013632498,540144.865,169611.1992,"Theatre"
"Theatre 62","Wickham Theatre Centre"," Corkscrew Hill"," West Wickham","Bromley","https://theatre62.wordpress.com/","1.00023E+11","E09000006","West Wickham","E05014008",51.37342259,-0.011943755,538470.9908,165693.7065,"Theatre"
"Ashcroft Theatre (Fairfield Halls)","Park Lane","","","Croydon","https://en.wikipedia.org/wiki/Ashcroft_Theatre","1.00023E+11","E09000008","Fairfield","E05011468",51.37305115,-0.097382917,532525.7985,165494.6767,"Theatre"
"Geoffrey Whitworth Theatre","Beech Walk"," Crayford","","Bexley","http://www.thegwt.org.uk/","1.00023E+11","E09000004","Crayford","E05011222",51.45605783,0.188377569,552138.3113,175279.5507,"Theatre"
"Winterflood Theatre","City of London School"," Queen Victoria Street","","City of London","https://www.cityoflondonschool.org.uk/school-life/drama/winterflood-theatre","1.00023E+11","E09000001","Castle Baynard","E05009297",51.51153824,-0.100945095,531878.6303,180888.0723,"Theatre"
"CentrE17","1 Church Hill","","","Waltham Forest","https://thecentre17.com/","1.00023E+11","E09000031","High Street","E05013891",51.58584388,-0.019990926,537272.1358,189299.8898,"Theatre"
"Redbridge Drama Centre","Churchfields"," South Woodford","","Redbridge","http://www.redbridgedramacentre.co.uk/","1.00023E+11","E09000026","Churchfields","E05011238",51.5987895,0.025399644,540376.7187,190825.6884,"Theatre"
"Hackney Empire","291 Mare St","","","Hackney","https://hackneyempire.co.uk/","1.00023E+11","E09000012","Hackney Central","E05009372",51.54657726,-0.057085172,534818.4541,184864.4327,"Theatre"
"Chats Palace","42-44 Brooksby's Road","","","Hackney","https://chatspalace.com/","1.00023E+11","E09000012","Homerton","E05009376",51.5506371,-0.044378545,535687.3761,185339.3595,"Theatre"
"Winston Churchill Theatre","Manor Farm"," Pinn Way"," Ruislip","Hillingdon","http://www.hillingdontheatres.uk/index.php/hire/our-spaces/wct/","1.00023E+11","E09000017","Ruislip","E05013577",51.57944316,-0.430318955,508861.6631,187898.0265,"Theatre"
"Kenneth More Theatre","Oakfield Road"," Ilford","","Redbridge","https://www.kmtheatre.co.uk/","1.00023E+11","E09000026","Ilford Town","E05011246",51.56052556,0.071015406,543656.3244,186659.2119,"Theatre"
"the cornerHOUSE Community Arts Centre","116 Douglas Rd"," Surbiton","","Kingston upon Thames","http://www.thech.org/","1.00023E+11","E09000021","Tolworth","E05013945",51.38140612,-0.295613257,518707.5693,166084.5574,"Theatre"
"Cockpit Theatre","Gateforth St"," Marylebone","","Westminster","http://thecockpit.org.uk/","1.00023E+11","E09000033","Church Street","E05013794",51.52495745,-0.170869276,526989.418,182256.7444,"Theatre"
"tiol Centre for Circus Arts ","Coronet Street","","","Hackney",NA,"1.00023E+11","E09000012","Hoxton West","E05009378",51.52803008,-0.083867984,533015.5222,182752.8811,"Theatre"
"Hoxton Hall","130 Hoxton St","","","Hackney","https://www.hoxtonhall.co.uk/","1.00023E+11","E09000012","Hoxton East & Shoreditch","E05009377",51.53232501,-0.081609167,533159.6687,183234.595,"Theatre"
"Tower Theatre ","16 Northwold Road","","","Hackney","http://www.towertheatre.org.uk/relo.htm","1.00023E+11","E09000012","Stoke Newington","E05009385",51.56332345,-0.073542349,533628.4044,186696.4296,"Theatre"
"Jacksons Lane","Jacksons Lane","269a Archway Road ","","Haringey","https://www.jacksonslane.org.uk/","1.00023E+11","E09000014","Highgate","E05013592",51.57761261,-0.147975292,528429.2366,188152.0792,"Theatre"
"Arthouse","159A Tottenham Lane","","","Haringey",NA,"1.00023E+11","E09000014","Hornsey","E05013593",51.58233814,-0.12154867,530246.795,188724.2816,"Theatre"
"Queen's Theatre Hornchurch ","Billet Ln"," Hornchurch","","Havering","http://www.queens-theatre.co.uk/","1.00023E+11","E09000016","St Andrew's","E05013982",51.56571994,0.217790544,553812.0572,187535.085,"Theatre"
"Young Vic","66 The Cut"," Waterloo","","Lambeth","https://www.youngvic.org/","1.00023E+11","E09000022","Waterloo & South Bank","E05014118",51.50378941,-0.108874737,531350.6857,180012.1541,"Theatre"
"Blackheath Halls","23 Lee Rd"," Blackheath","","Lewisham",NA,"1.00023E+11","E09000023","Blackheath","E05013715",51.46530269,0.007909575,539572.8856,175948.3994,"Theatre"
"The Brockley Jack Theatre","410 Brockley Rd","","","Lewisham","http://www.brockleyjack.co.uk/","1.00023E+11","E09000023","Crofton Park","E05013718",51.45394088,-0.040139485,536269.2937,174594.5746,"Theatre"
"Bob Hope Theatre","2 Wythfield Rd"," Eltham","","Greenwich","http://www.bobhopetheatre.co.uk/","1.00023E+11","E09000011","Eltham Town & Avery Hill","E05014079",51.4500002,0.048885259,542466.5214,174325.5904,"Theatre"
"Putney Arts Theatre","Raven Rd"," Putney","","Wandsworth","http://www.putneyartstheatre.org.uk/","1.00023E+11","E09000032","West Putney","E05014030",51.46102652,-0.221703171,523635.8964,175060.5886,"Theatre"
"Trafalgar Studios","14 Whitehall"," Westminster","","Westminster","http://trafalgarentertainment.com/about-us/trafalgar-studios/","1.00023E+11","E09000033","St James's","E05013806",51.50697186,-0.129113012,529937.1083,180329.9532,"Theatre"
"Apollo Victoria","17 Wilton Rd"," Pimlico","","Westminster","https://www.theapollovictoria.com/","1.00023E+11","E09000033","Pimlico North","E05013802",51.49628761,-0.144258315,528916.2408,179115.0979,"Theatre"
"Her Majesty's Theatre","Haymarket"," St. James's","","Westminster","http://www.reallyusefultheatres.co.uk/our-theatres/her-majestys","1.00023E+11","E09000033","St James's","E05013806",51.50863462,-0.133612605,529620.1423,180506.8824,"Theatre"
"Streatham Space Project","Sternhold Avenue","","","Lambeth","https://www.streathamspaceproject.co.uk/","1.00023E+11","E09000022","Streatham Hill West & Thornton","E05014114",51.43917354,-0.128474733,530174.056,172791.8509,"Theatre"
"Omnibus Theatre","1 Clapham Common North Side","","","Lambeth","https://omnibus-clapham.org/","1.00023E+11","E09000022","Clapham Town","E05014102",51.46366993,-0.144545405,528988.1908,175487.451,"Theatre"
"The Mary Wallace Theatre","The Embankment"," Twickenham","","Richmond upon Thames","http://www.richmondshakespeare.org.uk/","1.00023E+11","E09000027","Twickenham Riverside","E05013789",51.44699383,-0.327664261,516310.8481,173326.7596,"Theatre"
"St Mary's University ","Waldegrave Road"," Twickenham","","Richmond upon Thames",NA,"1.00023E+11","E09000027","South Twickenham","E05013787",51.43617234,-0.333044849,515964.372,172114.8198,"Theatre"
"Paul Robeson Theatre (The Arts Centre Hounslow)","Treaty Centre"," High St","","Hounslow","http://www.hounslowartscentre.co.uk/","1.00023E+11","E09000018","Hounslow Central","E05013620",51.46864496,-0.364605576,513690.1275,175676.5148,"Theatre"
"Isleworth Public Hall","South Street"," Isleworth","","Hounslow","http://www.fusion-lifestyle.com/centres/isleworth-public-hall","1.00023E+11","E09000018","Isleworth","E05013625",51.46928924,-0.327225027,516284.7472,175806.8019,"Theatre"
"Watermans Art Centre","40 High St"," Brentford","","Hounslow","https://www.watermans.org.uk/","1.00023E+11","E09000018","Brentford East","E05013607",51.48627849,-0.299628859,518157.5499,177740.168,"Theatre"
"Orange Tree Theatre","1 Clarence St"," Richmond","","Richmond upon Thames","https://www.orangetreetheatre.co.uk/","1.00023E+11","E09000027","North Richmond","E05013784",51.46489827,-0.303460207,517946.5994,175356.4779,"Theatre"
"Compass Theatre","Glebe Ave"," Ickenham","","Hillingdon","http://www.hillingdontheatres.uk/","1.00023E+11","E09000017","Ickenham & South Harefield","E05013573",51.56134887,-0.441442996,508133.7822,185869.3192,"Theatre"
"Peacock Theatre","Portugal St","","","Camden","http://peacocktheatre.com/","1.00023E+11","E09000007","Holborn & Covent Garden","E05013662",51.51513727,-0.119599115,530573.981,181254.8711,"Theatre"
"Aldwych Theatre","49 Aldwych","","","Westminster","https://www.nederlander.co.uk/aldwych-theatre","10033615106","E09000033","St James's","E05013806",51.51358639,-0.120469995,530517.9886,181080.8601,"Theatre"
"Fortune Theatre","Russell St","","","Westminster","https://www.londontheatredirect.com/venue/52/fortune-theatre.aspx","1.00023E+11","E09000033","St James's","E05013806",51.51375935,-0.122321817,530389.0067,181096.7955,"Theatre"
"Duchess Theatre","3-5 Catherine St","","","Westminster","https://www.nimaxtheatres.com/theatres/duchess-theatre/","1.00023E+11","E09000033","St James's","E05013806",51.51270146,-0.121341891,530460.0196,180980.9021,"Theatre"
"Adelphi Theatre","Strand"," London","","Westminster","http://www.reallyusefultheatres.co.uk/our-theatres/adelphi","1.00023E+11","E09000033","St James's","E05013806",51.5106376,-0.124424545,530252.0113,180745.9134,"Theatre"
"Iris Theatre","St Paul's Church"," Bedford Street"," Covent Garden","Westminster","http://iristheatre.com/","1.00023E+11","E09000033","St James's","E05013806",51.51209234,-0.125333186,530184.8153,180906.0667,"Theatre"
"Wyndham's Theatre","Charing Cross Rd","","","Westminster","https://www.delfontmackintosh.co.uk/theatres/wyndhams-theatre/","1.00023E+11","E09000033","St James's","E05013806",51.51156841,-0.129818035,529875.1149,180839.844,"Theatre"
"Garrick Theatre","2 Charing Cross Rd","","","Westminster","https://www.nimaxtheatres.com/theatres/garrick-theatre/","1.00023E+11","E09000033","St James's","E05013806",51.51045553,-0.129388054,529908.1152,180716.8531,"Theatre"
"Arts Theatre","6-7 Great Newport St"," London","","Westminster","https://artstheatrewestend.co.uk/","1.00023E+11","E09000033","St James's","E05013806",51.51264433,-0.129054132,529925.0601,180960.8421,"Theatre"
"Leicester Square Theatre","6 Leicester Pl","","","Westminster","http://www.leicestersquaretheatre.com/","1.00023E+11","E09000033","St James's","E05013806",51.51185035,-0.131679857,529745.1264,180867.8967,"Theatre"
"Duke of York's Theatre","St Martin's Ln","","","Westminster","http://www.atgtickets.com/venues/duke-of-yorks/","1.00023E+11","E09000033","St James's","E05013806",51.51071651,-0.128787118,529949.0714,180746.9402,"Theatre"
"London Coliseum ","St Martin's Ln","","","Westminster","https://www.eno.org/","1.00023E+11","E09000033","St James's","E05013806",51.51042255,-0.127877202,530013.0463,180715.8661,"Theatre"
"Noel Coward Theatre","85-88 St Martin's Ln","","","Westminster","http://www.noelcowardtheatre.co.uk/","1.00023E+11","E09000033","St James's","E05013806",51.51131046,-0.128820128,529945.0912,180812.9295,"Theatre"
"Playhouse theatre","Northumberland Ave","","","Westminster","https://www.playhousetheatrelondon.com/","1.00023E+11","E09000033","St James's","E05013806",51.50747687,-0.125288396,530201.0774,180392.9016,"Theatre"
"Prince Edward Theatre","Old Compton St"," Soho","","Westminster","http://www.princeedwardtheatre.co.uk/","1.00023E+11","E09000033","West End","E05013808",51.51426411,-0.132532821,529679.0886,181134.799,"Theatre"
"Prince of Wales Theatre","Coventry St","","","Westminster","https://www.delfontmackintosh.co.uk/theatres/prince-of-wales-theatre/","1.00023E+11","E09000033","St James's","E05013806",51.51051045,-0.133377664,529631.1223,180715.8925,"Theatre"
"The Sondheim Theatre","51 Shaftesbury Ave"," Soho","","Westminster","http://www.queenstheatre.co.uk/","1.00023E+11","E09000033","West End","E05013808",51.51251524,-0.134506592,529547.101,180936.8302,"Theatre"
"Lyric Theatre","29 Shaftesbury Ave"," Soho","","Westminster","https://www.nimaxtheatres.com/theatres/lyric-theatre/","1.00023E+11","E09000033","West End","E05013808",51.51178329,-0.135400491,529487.1515,180853.856,"Theatre"
"Cal Cafe","2 Delamere Terrace","","","Westminster","https://canalcafetheatre.com/","1.00023E+11","E09000033","Westbourne","E05013809",51.5216805,-0.186277705,525929.6054,181865.7373,"Theatre"
"Brookside Theatre","21A Eastern Rd"," Romford","","Havering","http://www.brooksidetheatre.com/","1.00024E+11","E09000016","St Edward's","E05013983",51.57665762,0.183602281,551406.3515,188679.9814,"Theatre"
"Trinity Laban / Laban Theatre","Laban Building"," 30 Creekside","","Lewisham","https://www.trinitylaban.ac.uk/whats-on/our-venues/laban-theatre","1.00024E+11","E09000023","Deptford","E05013719",51.47906872,-0.021681215,537476.1741,177423.247,"Theatre"
"Sydenham Centre","44a Sydenham Road","","","Lewisham","https://www.lewisham.gov.uk/inmyarea/Pages/venue-detail.aspx?directoryid=5081","1.00024E+11","E09000023","Sydenham","E05013731",51.42641139,-0.053283626,535437.4283,171508.96,"Theatre"
"South London Theatre","The Old Fire Station"," 2A Norwood High Street","","Croydon","http://www.southlondontheatre.co.uk/","1.00024E+11","E09000008","South Norwood","E05011485",51.4009191,-0.077179031,533850.6681,168630.3046,"Theatre"
"Theatre Royal Haymarket","18 Suffolk St","","","Westminster","http://www.trh.co.uk/","10009003230","E09000033","St James's","E05013806",51.50934257,-0.132848692,529671.1424,180586.9592,"Theatre"
"Savoy Theatre","Savoy Court"," Strand","","Westminster","http://www.atg.co.uk/venues/london/savoy-theatre/","0 10009003230","E09000033","St James's","E05013806",51.51067863,-0.122476737,530387.051,180753.9411,"Theatre"
"The Albany","Douglas Way","","","Lewisham","https://www.thealbany.org.uk/","1.00024E+11","E09000023","Deptford","E05013719",51.47839273,-0.029025428,536968.2389,177334.3168,"Theatre"
"London Theatre Workshop","88 Gracechurch Street Leadenhall Market","","","City of London","http://londontheatreworkshop.co.uk/","2E+11","E09000001","Cornhill","E05009301",51.51334897,-0.085764417,532926.7106,181116.8753,"Theatre"
"Harrow Arts Centre","171 Uxbridge road"," Hatch End","","Harrow","https://harrowarts.com/","2E+11","E09000015","Hatch End","E05013549",51.60897493,-0.364087228,513377.1311,191282.6494,"Theatre"
"The Old Vic","The Cut"," Lambeth","","Lambeth","https://www.oldvictheatre.com/","2E+11","E09000022","Waterloo & South Bank","E05014118",51.5024496,-0.110626736,531232.9458,179860.0267,"Theatre"
"tiol Theatre","Upper Ground"," Lambeth","","Lambeth",NA,"2.00001E+11","E09000022","Waterloo & South Bank","E05014118",51.50737705,-0.115668338,530868.9371,180398.9433,"Theatre"
"Ye Olde Rose and Crown","53 Hoe Street"," Walthamstow","","Waltham Forest","http://www.yeolderoseandcrowntheatrepub.co.uk/","2.00001E+11","E09000031","William Morris","E05013902",51.58748661,-0.021954959,537131.1434,189478.8875,"Theatre"
"Victoria Palace","Victoria St"," Westminster","","Westminster","http://www.victoriapalacetheatre.co.uk/","2.00002E+11","E09000033","St James's","E05013806",51.49751449,-0.143949372,528934.2236,179252.0719,"Theatre"
"Andrew Lloyd Webber Foundation Theatre","Arts Ed"," 14 Bath Rd"," Chiswick","Hounslow","http://www.reallyusefultheatres.co.uk/our-group/andrew-lloyd-webber","2.00003E+11","E09000018","Chiswick Homefields","E05013610",51.49647058,-0.254003676,521298.1556,178948.0733,"Theatre"
"Union Theatre","Old Union Arches"," 229 Union St","","Southwark","http://www.uniontheatre.biz/","2.00003E+11","E09000028","Borough & Bankside","E05011095",51.5038606,-0.103379478,531731.8482,180029.9375,"Theatre"
"LSMT","London School of Musical Theatre"," 83 Borough Rd","","Southwark","https://www.lsmt.co.uk/","2.00003E+11","E09000028","St George's","E05011114",51.49951306,-0.100289685,531958.8313,179552.0499,"Theatre"
"Southwark Playhouse","77-85 Newington Causeway"," London","","Southwark","http://southwarkplayhouse.co.uk/","2.00003E+11","E09000028","St George's","E05011114",51.49821019,-0.099781703,531997.8512,179408.0853,"Theatre"
"The Calder Bookshop & Theatre","51 The Cut","","","Lambeth","http://calderbookshop.com/","2.00003E+11","E09000022","Waterloo & South Bank","E05014118",51.50354554,-0.108319985,531389.8864,179986.0304,"Theatre"
"Shakespeares Globe","21 New Globe Walk","","","Southwark","http://www.shakespearesglobe.com/","2.00003E+11","E09000028","Borough & Bankside","E05011095",51.50862325,-0.098181097,532078.8447,180568.9044,"Theatre"
"The MCT","Alleyn's School"," Townley Road","","Southwark","https://mct.alleyns.org.uk/","2.00003E+11","E09000028","Goose Green","E05011103",51.45529878,-0.083576692,533247.4966,174665.6659,"Theatre"
"Greenwood Theatre","55 Weston St","","","Southwark","https://www.kcl.ac.uk/greenwood/index.aspx","2.00003E+11","E09000028","London Bridge & West Bermondsey","E05011104",51.50311795,-0.087504035,532835.7519,179976.019,"Theatre"
"Menier Chocolate Factory","53 Southwark St","","","Southwark","https://www.menierchocolatefactory.com/","2.00004E+11","E09000028","Borough & Bankside","E05011095",51.5051726,-0.096077229,532234.8223,180188.9877,"Theatre"
"Chiswick House","Chiswick House and Gardens"," Burlington Lane"," Chiswick","Hounslow","http://chiswickhouseandgardens.org.uk/","2.00004E+11","E09000018","Chiswick Homefields","E05013610",51.48660867,-0.258922667,520982.8088,177843.2751,"Theatre"
"OSO Arts Centre","49 Station Rd","","","Richmond upon Thames","http://www.osoarts.org.uk/","2.00003E+11","E09000027","Mortlake & Barnes Common","E05013783",51.47279383,-0.248428132,521748.1419,176324.4165,"Theatre"
"The Tramshed","41 Woolwich New Road","","","Greenwich","https://www.tramshed.org/","1.00023E+11","E09000011","Woolwich Arsenal","E05014092",51.489729,0.068609625,543712.1405,178781.9408,"Theatre"
"Mountview","120 Peckham Hill Street","","","Southwark","https://www.mountview.org.uk/","10094742520","E09000028","Peckham","E05011110",51.47487,-0.069915779,534139.219,176866.9035,"Theatre"
"Applecart Arts","The Passmore Edwards Library","207 Plashet Grove","","Newham","https://applecartarts.com/our_venue.php#the_theatre","10008996260","E09000025","Plashet","E05013921",51.539588,0.045359576,541943.1405,184280.8922,"Theatre"
"Hackney Showroom","4 Murrain Road","Kings Crescent Estate","","Hackney","https://www.hackneyshowroom.com/","10008343497","E09000012","Brownswood","E05009367",51.56253,-0.092479079,532318.2026,186573.7441,"Theatre"
"Brixton House","385 Coldharbour Lane","Brixton","","Lambeth","https://brixtonhouse.co.uk/","10094957510","E09000022","Brixton Windrush","E05014098",51.461917,-0.11110208,531316.2185,175351.9145,"Theatre"
"Theatre Deli","2 Finsbury Avenue","","","City of London","https://www.theatredeli.co.uk/","1.00023E+11","E09000001","Bishopsgate","E05009292",51.519961,-0.08487465,532969.1944,181853.7575,"Theatre"
"Immersive LDN (UNIT HQ)","1-8 Davies Mews","","","Westminster","https://www.immersivedoctorwho.com/event/doctor-who-time-fracture","1.00023E+11","E09000033","West End","E05013808",51.513235,-0.14819517,528595.2726,180992.7486,"Theatre"
"Wildcard Theatre Company","18 Balderton Street","","","Westminster","https://www.wildcardtheatre.co.uk/","1.00023E+11","E09000033","West End","E05013808",51.513277,-0.15254592,528293.2758,180989.7902,"Theatre"
"Graeae Theatre Company","138 Kingsland Road","","","Hackney","https://graeae.org/event/","1.00023E+11","E09000012","Haggerston","E05009375",51.532797,-0.07683844,533489.163,183295.7811,"Theatre"
"Southwark Park Galleries ","1 Park Approach","Southwark Park","","Southwark","https://southwarkparkgalleries.org/","10000811264","E09000028","Rotherhithe","E05011112",51.494147,-0.053931951,535192.1915,179039.8886,"Theatre"
"Michael Frayn Theatre ","70 London Road","","","Kingston upon Thames","https://www.michaelfrayntheatre.com/","No UPRN","E09000021","Kingston Town","E05013938",51.41049,-0.29582,518618.0728,169318.3642,"Theatre"
"The Hammond Theatre","Hanworth Rd","Hampton","","Richmond upon Thames","https://www.thehammondtheatre.co.uk/","No UPRN","E09000027","Hampton North","E05013779",51.42877,-0.37191,513281.3313,171230.8495,"Theatre"
"Stanley Arts","12 South Norwood Hill","South Norwood","","Croydon","https://stanleyarts.org/","1.00024E+11","E09000008","South Norwood","E05011485",51.400257,-0.075329996,533981.2138,168560.0568,"Theatre"
"Oxford House Theatre","87 Derbyshire Street","","","Tower Hamlets","http://www.oxfordhouse.org.uk","6089004","E09000030","St Peter's","E05009331",51.526367,-0.061510951,534571.1484,182608.8377,"Theatre"
"Jazzbourne","443 New Cross Road","","","Lewisham","https://www.jazzbourne.com/","1.00023E+11","E09000023","Deptford","E05013719",51.475828,-0.030216617,536893.2038,177046.8951,"Theatre"
"RADA","Malet Street","","","Camden","https://www.rada.ac.uk/about-us/venue-hire/bar-and-cafe/","5110590","E09000007","Bloomsbury","E05013653",51.521704,-0.13157747,529724.2397,181963.8148,"Theatre"
"RADA Studios","16 Chenies Street","","","Camden","https://www.rada.ac.uk/about-us/venue-hire/rooms/","5087921","E09000007","Bloomsbury","E05013653",51.520667,-0.13258564,529657.2448,181846.7142,"Theatre"
"New London Performing Arts Centre","76 St James Lane","Muswell Hill","","Haringey","https://nlpac.co.uk/","10003973500","E09000014","Muswell Hill","E05013594",51.588142,-0.13965084,528976.2308,189337.6307,"Theatre"
"Seven Dials Playhouse ","1A Tower St","London","","Camden","https://www.sevendialsplayhouse.co.uk/","5077305","E09000007","Holborn & Covent Garden","E05013662",51.513361,-0.12833025,529973.2482,181041.8207,"Theatre"
"PunchDrunk","1 Cartridge Place","Royal Arsel","Woolwich","Greenwich","https://www.punchdrunk.com/","10010229733","E09000011","Woolwich Arsenal","E05014092",51.493857,0.070611723,543838.1369,179244.9011,"Theatre"
"Immersive LDN (Gatsby's Mansion)","56 Davies Street","","","Westminster","https://immersivegatsby.com/event/the-great-gatsby","1.00024E+11","E09000033","West End","E05013808",51.513392,-0.14846263,528576.2729,181009.7378,"Theatre"
"Bold Elephant ","21 St.George’s Road","Elephant and Castle","","Southwark","https://boldtheatre.com/","2.00003E+11","E09000028","St George's","E05011114",51.495296,-0.10269216,531804.2466,179078.7864,"Theatre"
"The Big House Theatre Company","151 Englefield Rd","","","Islington","https://thebighouse.uk.com/#!/","5300031052","E09000019","Canonbury","E05013701",51.543494,-0.089814048,532558.1701,184461.7151,"Theatre"
"The Pen Theatre ","Unit 22b, Perth Centre","Perth Street","South Bermondsey","Southwark","https://thepentheatre.com/","2.00003E+11","E09000028","Old Kent Road","E05011109",51.483309,-0.054955072,535153.2152,177832.8226,"Theatre"
"Golden Goose Theatre ","146 Camberwell New Road","Camberwell","London","Lambeth","www.goldengoosetheatre.co.uk","1.00023E+11","E09000022","Myatt's Fields","E05014107",51.478006,-0.10342414,531803.2331,177154.8031,"Theatre"
"Shipwright","The Master Shipwrights House","Watergate Street","Deptford","Lewisham","https://www.theshipwright.co.uk/","1.00023E+11","E09000023","Evelyn","E05013721",51.485378,-0.025354435,537202.1795,178117.9421,"Theatre"
"Studio 3 Arts ","Boundary Road","","","Barking and Dagenham","https://www.studio3arts.org.uk/ ","100053573","E09000002","Gascoigne","E05014061",51.530484,0.080289716,544394.1273,183336.8231,"Theatre"
"Tall Stories Theatre Company","68 Holloway Road, London N7 8JL","","","Islington","https://www.tallstories.org.uk/","10094610014","E09000019","Highbury","E05013704",51.549148,-0.10740465,531322.1862,185058.7116,"Theatre"
"Low Profile Studios","94 Vale Road","Harringay Warehouse District","","Haringey","",NA,"E09000014","Seven Sisters","E05013598",51.5755947174515,-0.0903037011117663,532431.072434575,188030.517444194,"Music_Nightclubs"
"Rio Nightclub","Gaumont Palace","9A The Broadway","High Road","Haringey","https://rionightclub.co.uk/",NA,"E09000014","Noel Park","E05013595",51.5965613079308,-0.109267969313981,531056.738751417,190327.909283913,"Music_Nightclubs"
"Colours Hoxton","2-4 Hoxton Square London","","2-4 Hoxton Square ","Hackney","www.hoxtonsquarebar.com","10091942715","E09000012","Hoxton East & Shoreditch","E05009377",51.5269956192006,-0.0804226747431209,533257.514900125,182644.117399541,"Music_Nightclubs"
"Star Of Bethnal Green","359 Bethnal Green Road; Bethnal Green; London E2 6","Tower Hamlets","359 Bethnal Green ","Tower Hamlets","www.starofbethnalgreen.co.uk/",NA,"E09000030","St Peter's","E05009331",51.5266999995099,-0.0624200000373268,534507.111800125,182644.195499566,"Music_Nightclubs"
"The Yard Theatre","Unit 2a Queens Yard","White Post Lane","Unit 2a Queens Yar","Tower Hamlets","www.theyardtheatre.co.uk","6077552","E09000030","Bow East","E05009319",51.5421289595865,-0.0217903319855499,537278.941500167,184435.312999339,"Music_Nightclubs"
"The Eagle","349 Kennington Lane; Vauxhall; London SE11 5QY; Un","","","Lambeth","www.eaglelondon.com/",NA,"E09000022","Vauxhall","E05014117",51.4863069993342,-0.119347999305246,530673.807600117,178049.368799497,"Music_Nightclubs"
"South Place Hotel","3 South Place","","","City of London","",NA,"E09000001","Bishopsgate","E05009292",51.5189999997054,-0.0848873790038793,532971.109600135,181746.869899529,"Music_Nightclubs"
"Number 90","90 Wallis Road","Hackney","90 Wallis Road","Hackney","www.number90bar.co.uk",NA,"E09000012","Hackney Wick","E05009374",51.5435999994755,-0.0211373940395293,537319.790900168,184600.11749934,"Music_Nightclubs"
"Fabric","77a Charterhouse St; Clerkenwell; London EC1M 6HJ;","","77a Charterhouse S","Islington","www.fabriclondon.com",NA,"E09000019","Clerkenwell","E05013702",51.5195739998731,-0.102504999573292,531747.213000155,181778.84449949,"Music_Nightclubs"
"Tipsy","20 Stoke Newington Road, London N16 7XN","Hackney","20 Stoke Newington","Hackney","","1e+11","E09000012","Shacklewell","E05009382",51.5511559991502,-0.0749509994888037,533566.349500197,185340.811799538,"Music_Nightclubs"
"Omeara","6 O'Meara Street, SE1 1TE, London","","6 O'meara St Londo","Southwark","www.omearalondon.com",NA,"E09000028","Borough & Bankside","E05011095",51.5041429995373,-0.0946029995534075,532340.111800158,180077.157999487,"Music_Nightclubs"
"Fire","39 Parry Street, South Lambeth Road, London, SW8 1","Lambeth","Arch 39-43 Parry S","Lambeth","www.firelondon.net/","1e+11","E09000022","Vauxhall","E05014117",51.4844029996351,-0.123444000616328,530394.864000056,177830.345299492,"Music_Nightclubs"
"Bar 512","512 Kingsland Road","Hackney","512 Kingsland Road","Hackney","",NA,"E09000012","London Fields","E05009381",51.542799999597,-0.0741903757336244,533643.53060016,184412.991699573,"Music_Nightclubs"
"Vfd","66 Stoke Newington Road; Dalston; London N16 7XB; ","Hackney","66 Stoke Newington","Hackney","","1e+11","E09000012","Shacklewell","E05009382",51.5525719995088,-0.0746489999841833,533583.145700197,185498.82539954,"Music_Nightclubs"
"Egg London","5-13 Vale Royal","London","5-13 Vale Royal","Islington","https://www.egglondon.co.uk",NA,"E09000019","Caledonian","E05013700",51.5417509994832,-0.125187999282696,530110.347200144,184204.393599512,"Music_Nightclubs"
"Heaven","11 The Arches; Villiers St; Charing Cross; London ","Villiers Street","11 The Arches","Westminster","www.heavennightclub-london.com",NA,"E09000033","St James's","E05013806",51.5080869997396,-0.124121999464434,530280.278400148,180462.822299503,"Music_Nightclubs"
"The Glory","281 Kingsland Road","Hackney","281 Kingsland Road","Hackney","www.theglory.co","1e+11","E09000012","Haggerston","E05009375",51.5356841795129,-0.0755288786815645,533571.536300109,183619.238499618,"Music_Nightclubs"
"Maddox Club","3-5 Mill Street, London, W1S 2AU","City Of Westminster","3-5 Mill St","Westminster","http://www.maddoxclub.com","1e+11","E09000033","West End","E05013808",51.5133059997792,-0.141384999769618,529067.598600143,181012.621499513,"Music_Nightclubs"
"Under The Bridge","Stamford Bridge, Fulham Road, London, SW6 1HS","Fulham","Stanford Bridge Fu","Hammersmith and Fulham","www.underthebridge.co.uk",NA,"E09000013","Walham Green","E05013749",51.481431999099,-0.191557000402843,525673.984400038,177380.962399523,"Music_Nightclubs"
"Ministry Of Sound","103 Gaunt Street, Elephant & Castle, London, SE1 6","Southwark","103 Gaunt Street","Southwark","www.club.ministryofsound.com",NA,"E09000028","St George's","E05011114",51.4976499990526,-0.099209000239812,532039.219700154,179346.823899491,"Music_Nightclubs"
"Rivoli Ballroom","350 Brockley Road, SE4 2BY London","Lewisham","350 Brockley Road","Lewisham","www.rivoliballroom.com","1e+11","E09000023","Crofton Park","E05013718",51.4552099996227,-0.0371390002452879,536473.973200215,174741.284899498,"Music_Nightclubs"
"Tiger Tiger London","29 The Haymarket, London, SW1Y 4SP","","","Westminster","www.tigertiger.co.uk",NA,"E09000033","St James's","E05013806",51.5097309996697,-0.132892000185045,529667.034700144,180630.07639951,"Music_Nightclubs"
"Bar A Bar","133-135 Stoke Newington Road; Stoke Newington; Lon","Hackney","133-135 Stoke Newi","Hackney","www.barabar.info/","1e+11","E09000012","Stoke Newington","E05009385",51.5563369995301,-0.0747010003626475,533568.530400195,185917.405299538,"Music_Nightclubs"
"Moustache Bar","58 Stoke Newington Road; Dalston; London N16 7XB; ","Hackney","58 Stoke Newington","Hackney","www.moustachebar.co.uk/","1e+11","E09000012","Shacklewell","E05009382",51.5523269995719,-0.0747980004370839,533573.532500197,185471.308699539,"Music_Nightclubs"
"Printworks","1 Surrey Quays Road, London, SE16 7PJ, United King","","1 Surrey Quays Roa","Southwark","http://www.printworksuk.com",NA,"E09000028","Surrey Docks","E05011117",51.4975229992785,-0.0435159998140254,535905.159600164,179434.58089949,"Music_Nightclubs"
"Ridley Road Market Bar","49 Ridley Road; London E8 2NP; United Kingdom","Hackney","49 Ridley Road","Hackney","www.ridleyroadmarketbar.com/","1e+11","E09000012","Dalston","E05009370",51.5481929995596,-0.0732430005692215,533693.433000199,185014.443199538,"Music_Nightclubs"
"Studio 338","338 Boord Street; Greenwich; London SE10 0PF; Unit","Greenwich","338 Tunnel Avenue","Greenwich","www.studio338.co.uk/","1e+11","E09000011","Greenwich Peninsula","E05014082",51.4954419996783,0.00482000033840507,539266.455000468,179293.998399359,"Music_Nightclubs"
"Loop Bar & Nightclub","19 Dering Street, London, W1S 1AH, UK","City Of Westminster","19 Dering Street","Westminster","www.theloopbar.co.uk/","1e+11","E09000033","West End","E05013808",51.514163999061,-0.145457999935409,528782.573100142,181100.863399514,"Music_Nightclubs"
"Tasty Bakery (Tasties)","207 Rye Lane, Peckham, London SE15 4TP","Southwark","207 Rye Lane","Southwark","","2e+11","E09000028","Rye Lane","E05011113",51.4677179997592,-0.0664880002973785,534398.257500221,176077.891099526,"Music_Nightclubs"
"Trafik","331 Old St; Hoxton; London EC1 9LE; United Kingdom","Hackney","331 Old Street","Hackney","www.trafik-london.com","1e+11","E09000012","Hoxton East & Shoreditch","E05009377",51.5270109991082,-0.0805570006645781,533248.152700126,182645.582999542,"Music_Nightclubs"
"The Lighthouse","Unit 1a 190 New North Road","Islington","Unit 1a 190 New No","Hackney","","10091889776","E09000012","Hoxton East & Shoreditch","E05009377",51.5256435793067,-0.0780429271070198,533426.533700126,182498.105999541,"Music_Nightclubs"
"Xoyo","32-37 Cowper Street; Shoreditch; London EC2A 4AP; ","Islington","32-37 Cowper Stree","Islington","www.xoyo.co.uk","5300025027","E09000019","Bunhill","E05013699",51.5255189998493,-0.0857040001806087,532895.481600128,182470.308599538,"Music_Nightclubs"
"Basing House","25 Kingsland Road; Shoreditch; London E2 8AA; Unit","Hackney","25 Kingsland Road","Hackney","www.basinghouse.co.uk/","1e+11","E09000012","Hoxton East & Shoreditch","E05009377",51.5284399995811,-0.0782039996352931,533407.189000126,182808.778399539,"Music_Nightclubs"
"Beduin","57-59 Charterhouse Street","Islington","57-59 Charterhouse","City of London","www.beduinbar.co.uk/smithfields",NA,"E09000001","Farringdon Without","E05009305",51.5186999997627,-0.101943545493974,531788.686100154,181682.66529949,"Music_Nightclubs"
"McQueen","55-61 Tabernacle Street; Shoreditch; London EC2A 4","Islington","55-61 Tabernacle S","Islington","www.mcqueen-shoreditch.co.uk/",NA,"E09000019","Bunhill","E05013699",51.5240249996088,-0.0858699996848858,532888.315100129,182303.871999539,"Music_Nightclubs"
"Piccadilly Institute","The London Pavillion; Piccadilly; London W1V 9LA; ","Piccadilly","The London Pavilio","Westminster","www.piccadillyinstitute.com/",NA,"E09000033","St James's","E05013806",51.5103779995497,-0.133987000020122,529589.216600143,180700.08579951,"Music_Nightclubs"
"The Hoxton Pony","104-108 Curtain Rd","","104-108 Curtain Rd","Hackney","http://www.thehoxtonpony.com","10008241848","E09000012","Hoxton East & Shoreditch","E05009377",51.524914169521,-0.078535011594814,533394.531100127,182416.09719954,"Music_Nightclubs"
"Junction House","578 Kingsland Road, London, E8 4AH","Hackney","578 Kingsland Road","Hackney","","1e+11","E09000012","Dalston","E05009370",51.5455869997743,-0.0756029997431179,533537.428200166,184720.334199582,"Music_Nightclubs"
"Nomad London","58 Old Street; Hoxton; London EC1V 9AJ; United Kin","Islington","58 Old Street","Islington","www.nomadlondon.com/",NA,"E09000019","Bunhill","E05013699",51.5240659991868,-0.0958049996799647,532199.023600125,182290.434099543,"Music_Nightclubs"
"Ladybird / Basement Club","70 Upper Street; Islington; London N1 0NY; United ","Islington","70 Upper Street","Islington","www.ladybirdbar.co.uk","10091816806","E09000019","St Mary's & St James'","E05013710",51.5359909991755,-0.104013999297339,531595.198000133,183601.719699533,"Music_Nightclubs"
"Hootananny Brixton","95 Effra Road, Brixton, London, SW2 1DF","Brixton","","Lambeth","https://www.hootanannybrixton.co.uk/",NA,"E09000022","Herne Hill & Loughborough Junction","E05014104",51.4553819990488,-0.113253999784645,531185.456400169,174621.369699525,"Music_Nightclubs"
"Porky's Wine Bar","23-27 Sternhold Avenue, Streatham Hill, SW2 4PA","Lambeth","23-27 Sternhold Av","Lambeth","","1e+11","E09000022","Streatham Hill West & Thornton","E05014114",51.43845999945,-0.127680999412305,530231.24680015,172713.914599521,"Music_Nightclubs"
"Brixton Jamm Limited","261 Brixton Rd","","","Lambeth","","1e+11","E09000022","Brixton North","E05014096",51.4702811694362,-0.110280435803737,531349.298300114,176283.4846995,"Music_Nightclubs"
"The Steel Yard","13-16 Allhallows Lane","City Of London","13-16 Allhallows L","City of London","https://thesteelyard.london/","95510144","E09000001","Dowgate","E05009303",51.5094895296284,-0.0889560204916399,532716.474600154,180681.912299497,"Music_Nightclubs"
"Montezuma London Club","17 Harrington Road","Kensington And Chelsea","17 Harrington Road","Kensington and Chelsea","www.montezumalondon.com","217036855","E09000020","Courtfield","E05009393",51.4934715199022,-0.174155601448453,526848.845900121,178749.763799528,"Music_Nightclubs"
"The London Reign","215-217 Piccadilly","City Of Westminster","215-217 Piccadilly","Westminster","","10033541003","E09000033","St James's","E05013806",51.5090089390706,-0.133381231659248,529635.135600144,180548.916599509,"Music_Nightclubs"
"Vuvu Club","30 East Street","","30 East Street","Bromley","","10070003296","E09000006","Bromley Town","E05013991",51.4066074594036,0.0179836963047803,540452.397100477,169440.796099172,"Music_Nightclubs"
"Vision Video Bar","588 Kingsland Road","Hackney","588 Kingsland Road","Hackney","","10008291713","E09000012","Dalston","E05009370",51.5453881694349,-0.0738789085294501,533657.552300167,184701.374899576,"Music_Nightclubs"
"The Lighthouse Bar And Club","62 Rivington Street","Hackney","62 Rivington Stree","Hackney","","10091889776","E09000012","Hoxton East & Shoreditch","E05009377",51.5256435793067,-0.0780429271070198,533426.533700126,182498.105999541,"Music_Nightclubs"
"Trapeze Bar","89 Great Eastern Street","Hackney","89 Great Eastern S","Hackney","www.trapezebar.co.uk","10091904454","E09000012","Hoxton East & Shoreditch","E05009377",51.5251838792002,-0.0818253157274102,533165.507100126,182440.095099542,"Music_Nightclubs"
"Fold","Gillian House, Stephenson St, London E16 4SA, UK","Stephenson Street","Gillian House","Newham","https://www.fold.london",NA,"E09000025","Canning Town North","E05013906",51.5190319992705,0.00375799956603875,539120.839100254,181915.118199423,"Music_Nightclubs"
"The George & Dragon","2 Blackheath Hill","","","Greenwich","http://www.georgedragon.com/",NA,"E09000011","Greenwich Park","E05014081",51.4733622995075,-0.0165437648017711,537850.108700288,176798.355099473,"Music_Nightclubs"
"W London","10 Wardour Street, Leicester Square, London, W1D 6","","","Westminster","http://www.westrockshotel.co.uk","10033615454","E09000033","St James's","E05013806",51.5102659996591,-0.131580999315025,529756.486200144,180691.890399508,"Music_Nightclubs"
"Union Bar","Building 5, Chiswick Park, 566 Chiswick High Road,","","","Hounslow","www.faucetinn.com","1e+11","E09000018","Chiswick Gunnersbury","E05013609",51.4961279996252,-0.272920000650872,519986.036100105,178878.842399546,"Music_Nightclubs"
"Village Soho","81 Wardour Street","","","Westminster","","10033570802","E09000033","St James's","E05013806",51.5119063198195,-0.131778198147476,529738.143800143,180873.946499508,"Music_Nightclubs"
"Colour Factory","8 Queen's Yard, Hackney Wick, London E9 5EN","Hackney Wick","","Tower Hamlets","https://www.colourfactory.com",NA,"E09000030","Bow East","E05009319",51.5431829991909,-0.0226639994894369,537215.192100167,184550.887199342,"Music_Nightclubs"
"Mascara Bar","72 Stamford Hill; Stoke Newington; London N16 6XS","","","Hackney","http://www.mascarabar.co.uk","10091817946","E09000012","Cazenove","E05009368",51.5670409994885,-0.0729549997894425,533658.2307002,187110.902499537,"Music_Nightclubs"
"Press","47 Whitcomb Street, London, WC2H 7DH","","","Westminster","http://www.sgul.ac.uk","1e+11","E09000033","St James's","E05013806",51.5098239990664,-0.13151600016667,529762.252000145,180642.854599507,"Music_Nightclubs"
"Thirst","53 Greek St, Soho, London W1D 3DR, UK","","","Westminster","","10033593423","E09000033","West End","E05013808",51.5142839996962,-0.131226999452154,529769.634800143,181139.32339951,"Music_Nightclubs"
"Tramp","40 Jermyn St, St. James's, London SW1Y 6DN","","","Westminster","www.tramp.co.uk/exclusive-hire.php",NA,"E09000033","St James's","E05013806",51.5081169996636,-0.137622999410688,529343.317200143,180442.233999511,"Music_Nightclubs"
"Vout-O-Reenee's","The Crypt, 30 Prescot St, London E1 8BB, United Ki","","","Tower Hamlets","www.vout-o-reenees.com","6086724","E09000030","Whitechapel","E05009336",51.5113899995619,-0.071967000264273,533889.77690013,180924.188599535,"Music_Nightclubs"
"E1","110 Pennington Street, Wapping, London E1W 2BB","","110 Pennington Str","Tower Hamlets","https://e1ldn.co/our-story",NA,"E09000030","St Katharine's & Wapping","E05009330",51.5090579994306,-0.0616639994334215,534611.545500159,180683.763199482,"Music_Nightclubs"
"Mannequin Magazine","378 Kingsland Road, London, E8 4AA","","","Hackney","","1e+11","E09000012","London Fields","E05009381",51.5411599992695,-0.0763069999306933,533501.55870015,184226.747999582,"Music_Nightclubs"
"Floripa","91-93 Great Eastern Street, Shoreditch, London EC2","","","Hackney","www.floripalondon.com",NA,"E09000012","Hoxton East & Shoreditch","E05009377",51.5258279991139,-0.0833859999939386,533055.371100128,182508.882699538,"Music_Nightclubs"
"Soda Room","Downstairs, The Botanist, Broadgate Circle, London","","","City of London","",NA,"E09000001","Bishopsgate","E05009292",51.5189719994418,-0.0832809995418894,533082.635100129,181746.676199534,"Music_Nightclubs"
"Pryzm Kingston","154 Clarence Street Kingston Upon Thames KT1 1QP, ","Kingston","154 Clarence Stree","Kingston upon Thames","https://www.pryzm.co.uk/club/kingston-upon-thames/",NA,"E09000021","Kingston Town","E05013938",51.4115239998393,-0.29985900046642,518334.523700104,169426.824099513,"Music_Nightclubs"
"Hoxton Basement","12-18 Hoxton St, N1 6NG (Basement Entrance on Drys","","","Hackney","",NA,"E09000012","Hoxton East & Shoreditch","E05009377",51.5279849990723,-0.079147000176169,533343.110300126,182756.462399541,"Music_Nightclubs"
"Addictive Bar","28 Park Royal Road London NW10 7JW","","","Ealing","","12141434","E09000009","North Acton","E05013527",51.5267579992959,-0.267182999292035,520303.579300109,182294.401099546,"Music_Nightclubs"
"La Pollera Colora","4-6 London Bridge Street, London, SE1 9SG","","","Southwark","",NA,"E09000028","London Bridge & West Bermondsey","E05011104",51.5050689990145,-0.0874919995064951,532830.915300166,180192.99929947,"Music_Nightclubs"
"Peckham Audio","133a Rye Lane, Peckham, London, SE15 4BQ","Peckham","","Southwark","https://www.peckhamaudio.co.uk/",NA,"E09000028","Rye Lane","E05011113",51.4697979991384,-0.0682639993785088,534268.80390022,176305.927799527,"Music_Nightclubs"
"Le Fez","200b Upper Richmond Rd, Putney, London SW15 2SH, U","","200 Upper Richmond","Wandsworth","Home | Le Fez",NA,"E09000032","East Putney","E05014011",51.4608329990836,-0.216609000052826,523990.290400087,175047.669999548,"Music_Nightclubs"
"Scotch","13 Masons Yard, St James, London SW1A 1PL","","","Westminster","",NA,"E09000033","St James's","E05013806",51.5077689996387,-0.137020999542145,529386.077400143,180404.59909951,"Music_Nightclubs"
"Bar Rumba","36 Shaftesbury Avenue; Soho; London W1D 7EP; Unite","","36 Shaftesbury Ave","Westminster","https://barrumbalondon.com/",NA,"E09000033","St James's","E05013806",51.5111379994564,-0.133503999463341,529620.575300143,180785.453199508,"Music_Nightclubs"
"Night Tales Loft","207, 1 Westgate St, Hackney, London E8 3RL","","","Hackney","",NA,"E09000012","London Fields","E05009381",51.537583999041,-0.0577230002542885,534800.76350016,183863.190799485,"Music_Nightclubs"
"Salt Lounge","269 West End Lane","","","Camden","","5163150","E09000007","West Hampstead","E05013671",51.5505279994852,-0.191585999689065,525482.018600083,185064.533099554,"Music_Nightclubs"
"Electric Ballroom","184 Camden High St; Camden Town; London NW1 8QP; U","London","184 Camden High St","Camden","https://www.electricballroom.co.uk/","5021260","E09000007","Camden Town","E05013655",51.5396809998919,-0.14306300056855,528876.701800145,183942.599899511,"Music_Nightclubs"
"Electrowerkz","7 Torrens Street; Islington; London EC1V 1NQ; Unit","Islington","7 Torrens Street","Islington","https://www.electrowerkz.co.uk","5300092109","E09000019","St Peter's & Canalside","E05013711",51.5325279992102,-0.105192000634689,531523.48130014,183214.51219952,"Music_Nightclubs"
"Koko","1a Camden High Street; Camden Town; London NW1 7JE","London","1A Camden High St","Camden","https://www.koko.co.uk/",NA,"E09000007","Regent's Park","E05013668",51.534616999381,-0.138337999839244,529218.693700143,183387.802999511,"Music_Nightclubs"
"Lafayette London","11 Goods Way, Kings Cross, London N1C 4DP","Kings Cross","11 Goods Way","Camden","What’s On - Lafayette London",NA,"E09000007","King's Cross","E05013666",51.5346129991627,-0.1250759994417,530138.464400147,183410.840199504,"Music_Nightclubs"
"Grow","98C Wallis Road; Main Yard; London E9 5LN","","","Hackney","www.grow-hackney.squarespace.com",NA,"E09000012","Hackney Wick","E05009374",51.54416099946,-0.02363299977243,537145.063800167,184657.828099342,"Music_Nightclubs"
"The Garage","20-26 Highbury Corner","Islington","20-26 Highbury Cor","Islington","www.thegarage.london","10008978416","E09000019","Highbury","E05013704",51.5461994194054,-0.102130813460136,531696.330900115,184740.307599574,"Music_Nightclubs"
"Biddle Bros","88 Lower Clapton,  London, E5 0QR","Hackney","88 Lower Clapton R","Hackney","","1e+11","E09000012","Springfield","E05009383",51.5714949998138,-0.0661670005499577,534115.580800126,187618.631099478,"Music_Nightclubs"
"Boom Boom Club","Sutton United Football Club The Borough Sports Gro","Gander Green Ln","Sutton United Foot","Sutton","www.feenstra.co.uk/boomboom",NA,"E09000029","Sutton West & East Cheam","E05013768",51.3670862891307,-0.202794140568609,525205.517300119,164646.37569953,"Music_Nightclubs"
"St. Moritz Club","159 Wardour Street; W1F 8WH","Wardour Street","159 Wardour St","Westminster","www.stmoritzclub.co.uk","10033622399","E09000033","West End","E05013808",51.5144669995502,-0.135025999731264,529505.527300143,181152.949699511,"Music_Nightclubs"
"Grace (The)/Garage (The)","20-22 Highbury Corner Highbury East","","20-22 Highbury Cor","Islington","www.thegrace.london",NA,"E09000019","Highbury","E05013704",51.546240029268,-0.102417610247828,531676.328800114,184744.306999574,"Music_Nightclubs"
"Moth Club","Valette Street, London, Hackney, E9 6NU","Hackney","Hackney Trades Hal","Hackney","www.mothclub.co.uk",NA,"E09000012","Homerton","E05009376",51.545250999203,-0.0546499999712989,534991.212800137,184721.441599475,"Music_Nightclubs"
"Union Chapel","Union Chapel, Compton Terrace, London N1 2UN","Islington","19a Compton Terrac","Islington","www.unionchapel.org.uk","10008975865","E09000019","Laycock","E05013708",51.544764999248,-0.102481000198205,531676.190900118,184580.165699566,"Music_Nightclubs"
"Redon","Arch 289, Cambridge Heath Road, London, E2 9HA, UK","","","Tower Hamlets","",NA,"E09000030","St Peter's","E05009331",51.5321139991449,-0.0572299995061854,534851.113500138,183255.812499546,"Music_Nightclubs"
"Scala","275 Pentonville Road","London","275 Pentonville Rd","Camden","www.scala.co.uk","0","E09000007","King's Cross","E05013666",51.5301845995416,-0.11904751957522,530569.222000149,182929.127599499,"Music_Nightclubs"
"93 Feet East","The Old Truman Brewery, 150 Brick Lane; Shoreditch","London","150 Brick Ln Shore","Tower Hamlets","www.93feeteast.co.uk",NA,"E09000030","Spitalfields & Banglatown","E05009333",51.5217059996416,-0.0722889994246485,533837.19930013,182070.751499537,"Music_Nightclubs"
"Ain't Nothin' But...","20 Kingly Street","Soho","20 Kingly Street","Westminster","http://www.aintnothinbut.co.uk/","1e+11","E09000033","West End","E05013808",51.512472189084,-0.13795289624915,529308.096300142,180925.953699513,"Music_Nightclubs"
"Vortex Jazz Club","11 Gillett Square; De Beauvoir; London N16 8JH; Un","Hackney","11 Gillett Square","Hackney","https://www.vortexjazz.co.uk/","10091818908","E09000012","Dalston","E05009370",51.5493199998426,-0.0765170001035304,533463.145200197,185133.78529954,"Music_Nightclubs"
"100 Club","100 Oxford Street, London, W1D 1LL","City Of Westminster","100 Oxford Street","Westminster","www.the100club.co.uk","10033540054","E09000033","West End","E05013808",51.5162149994137,-0.13533299968503,529479.271100143,181346.78659951,"Music_Nightclubs"
"Dingwalls","Middle Yard; Camden Town; London NW1 8AB; United K","London","Middle Yard Camden","Camden","www.dingwalls.com","5084282","E09000007","Camden Town","E05013655",51.5413569990892,-0.146086000102485,528662.345700144,184123.657899513,"Music_Nightclubs"
"Green Note","106 Parkway, Camden, London NW1 7AN","Camden","106 Parkway","Camden","www.greennote.co.uk","5124523","E09000007","Camden Town","E05013655",51.5372529998014,-0.145812999987839,528692.847800142,183667.767399515,"Music_Nightclubs"
"Oslo Hackney","1a Amhurst Road, Hackney, London,  E8 1LL","","1A Amhurst Rd","Hackney","www.oslohackney.com","10008289187","E09000012","Hackney Central","E05009372",51.5479819994174,-0.0575200002426425,534784.161400137,185019.840499473,"Music_Nightclubs"
"Servant Jazz Quarters","10a Bradbury Street , Dalston, N16 8JH","Hackney","10 Bradbury Street","Hackney","www.servantjazzquarters.com","10008302207","E09000012","Dalston","E05009370",51.5486419993965,-0.0767220005849972,533450.912800197,185058.01619954,"Music_Nightclubs"
"Sebright Arms","34 Coate Street; Bethnal Green; London E2 9AG; Uni","Tower Hamlets","31-35 Coate Street","Tower Hamlets","www.sebrightarms.co.uk","6021840","E09000030","St Peter's","E05009331",51.5320909995533,-0.0630570000891024,534447.046900144,183242.523399527,"Music_Nightclubs"
"Village Underground","54 Holywell Lane; Shoreditch; London EC2A 3PQ; Uni","Hackney","54 Holywell Lane","Hackney","www.villageunderground.co.uk","10091784233","E09000012","Hoxton East & Shoreditch","E05009377",51.5237879996263,-0.0780339999669496,533432.575700127,182291.779099541,"Music_Nightclubs"
"229 The Venue","229 Great Portland Street, Fitzrovia, London, W1W ","City Of Westminster","229 Great Portland","Westminster","www.229thevenue.com","1e+11","E09000033","West End","E05013808",51.5227259998898,-0.143750000056544,528876.916700136,182055.973799518,"Music_Nightclubs"
"Gladstone Arms","64 Lant Street","Southwark","64 Lant Street","Southwark","www.thegladpub.co.uk","2e+11","E09000028","Chaucer","E05011098",51.5003904896569,-0.093530014176636,532425.449800161,179661.816599482,"Music_Nightclubs"
"Jazz After Dark","9 Greek Street","Soho","9 Greek Street","Camden","http://www.jazzafterdark.co.uk/","10033551268","E09000007","Holborn & Covent Garden","E05013662",51.5139823792927,-0.129430232795275,529895.158800143,181108.967599509,"Music_Nightclubs"
"Notting Hill Arts Club","21 Notting Hill Gate; Notting Hill; London W11 3JQ","Kensington And Chelsea","19-21 Notting Hill","Kensington and Chelsea","www.nottinghillartsclub.com","217059366","E09000020","Campden","E05009390",51.5093759998477,-0.194550000053701,525389.506300124,180483.261699539,"Music_Nightclubs"
"Piano Works","113-117 Farringdon Rd","","","Islington","https://www.pianoworks.bar","10012787103","E09000019","Clerkenwell","E05013702",51.5223558493874,-0.106481583337277,531463.327100155,182081.043499493,"Music_Nightclubs"
"Red Room (Ealing Jazz Club)","42a The Broadway","","","Ealing","www.ealingclub.com/","12133012","E09000009","Ealing Broadway","E05013520",51.5139035996358,-0.300944676054851,517994.863000168,180810.051499493,"Music_Nightclubs"
"Troxy","490 Commercial Road, London E1 0HX","Tower Hamlets","490 Commercial Roa","Tower Hamlets","www.troxy.co.uk","6027797","E09000030","Shadwell","E05009332",51.5131469990284,-0.0433199997067114,535872.286100182,181172.34459944,"Music_Nightclubs"
"Three Crowns","175 Stoke Newington High Street; Stoke Newington; ","Hackney","175 Stoke Newingto","Hackney","http://www.threecrownsn16.com","1e+11","E09000012","Stoke Newington","E05009385",51.5625839993394,-0.0737930005070349,533613.195400197,186613.743099537,"Music_Nightclubs"
"Raffles Chelsea Ltd","25 Lonsdale Road","","","Richmond upon Thames","",NA,"E09000027","Barnes","E05013774",51.486109984797,-0.237250021097954,522488.806600063,177823.809799569,"Music_Nightclubs"
"Scandals","82 Norwood High Street","","","Lambeth","",NA,"E09000022","Knight's Hill","E05014106",51.4296199804874,-0.101360008373086,532086.021700169,171778.010599525,"Music_Nightclubs"
"Medicine Bar & Nightclub","89 Great Eastern Street","","","Hackney","",NA,"E09000012","Hoxton East & Shoreditch","E05009377",51.5259000106383,-0.0833499796215054,533057.659800127,182516.955999539,"Music_Nightclubs"
"The Penthouse","1 Leicester Square","","","Westminster","",NA,"E09000033","St James's","E05013806",51.5107399978938,-0.13044001557521,529834.311600144,180746.621199509,"Music_Nightclubs"
"The Aviary Cave Bar","164 Basin Approach","","","Tower Hamlets","",NA,"E09000030","Limehouse","E05009326",51.5108200027004,-0.0338099987771274,536539.089400187,180931.264799435,"Music_Nightclubs"
"The Planet Nollywood","319 Camberwell Road","","","Southwark","",NA,"E09000028","Camberwell Green","E05011096",51.476079989095,-0.0935400284602338,532495.148900163,176958.456099512,"Music_Nightclubs"
"Pier One","162 Bidder St N","","162 Bidder St N","Newham","Pier One Nightspot | London Nightclub | Afro-Beat Music Nightclub",NA,"E09000025","Canning Town North","E05013906",51.517710010501,0.00354998634709067,539110.436500245,181767.724299415,"Music_Nightclubs"
"Maggie's Club ","329 Fulham Rd","","329 Fulham Rd","Kensington and Chelsea","Maggie's Club - The 80s are back! Chelsea's premier eighties nightclub (maggies-club.com)",NA,"E09000020","Stanley","E05009405",51.4863899819012,-0.180059959562125,526458.574700106,177952.080799535,"Music_Nightclubs"
"Unit 58 Ltd","5 Albert Street","","","Camden","",NA,"E09000007","Regent's Park","E05013668",51.5345899900616,-0.141800009244345,528978.669200138,183378.696999517,"Music_Nightclubs"
"The Roxy","3-5 Rathbone Pl","Soho","3-5 Rathbone Pl","Westminster","http://www.theroxy.co.uk/",NA,"E09000033","West End","E05013808",51.5166900163621,-0.133009990863497,529639.094900144,181403.71789951,"Music_Nightclubs"
"Fantazya","69 Albert Embankment","","69 Albert Embankme","Lambeth","Fantazya | Arabic Night Club",NA,"E09000022","Vauxhall","E05014117",51.4878999818925,-0.12322001180351,530400.447900118,178219.612499501,"Music_Nightclubs"
"Ligthbox","6 S Lambeth Pl","","6 S Lambeth Pl","Lambeth","",NA,"E09000022","Vauxhall","E05014117",51.4856499858822,-0.123489993543653,530388.11830011,177968.930199502,"Music_Nightclubs"
"The Watershed","267 The Broadway","","","Merton","",NA,"E09000024","Abbey","E05013810",51.4194200008377,-0.194940018357674,525608.963600083,170479.391999541,"Music_Nightclubs"
"Libertine","2 Winsley Street","","","Westminster","",NA,"E09000033","West End","E05013808",51.51594997853,-0.138440039451157,529264.452300143,181311.828299511,"Music_Nightclubs"
"The Cuckoo Club","Swallow Street","","Swallow Street","Westminster","https://www.thecuckooclub.com/",NA,"E09000033","West End","E05013808",51.5099099797172,-0.13789001855335,529319.712400141,180641.143999511,"Music_Nightclubs"
"Zoo Bar","13-17 Bear Street","","","Westminster","",NA,"E09000033","St James's","E05013806",51.5109099826,-0.12897997204704,529935.139100145,180768.112499509,"Music_Nightclubs"
"The Drumsheds","Meridian Water, Argon Road, Enfield, N18 3BW","Argon Road","Meridian Water","Enfield","https://thedrumshedslondon.co.uk/",NA,"E09000010","Upper Edmonton","E05013694",51.6092199838131,-0.0429200373908264,535614.24230014,191856.674099456,"Music_Nightclubs"
"The Big Chill Bar","The Old Truman Brewery","14 Dray Walk, Shadwell","","Tower Hamlets","",NA,"E09000030","Spitalfields & Banglatown","E05009333",51.5210400158323,-0.0720700341755217,533854.34150013,181997.093799538,"Music_Nightclubs"
"Paradise London","65 Albert Embankment","","65 Albert Embankme","Lambeth","",NA,"E09000022","Vauxhall","E05014117",51.4878999818925,-0.12322001180351,530400.447900118,178219.612499501,"Music_Nightclubs"
"Union","66 Albert Embankment","","66 Albert Embankme","Lambeth","Union :: Vauxhall :: London (clubunion.co.uk)",NA,"E09000022","Vauxhall","E05014117",51.4878999818925,-0.12322001180351,530400.447900118,178219.612499501,"Music_Nightclubs"
"West Five Bar","Popes Ln, S Ealing Rd, London W5 4NT","","","Ealing","",NA,"E09000009","Ealing Common","E05013521",51.4990500081468,-0.302299959838962,517939.155600122,179156.09579953,"Music_Nightclubs"
"Club 33 Limited","9 Wadeson Stree","","","Tower Hamlets","",NA,"E09000030","Bethnal Green","E05009317",51.5309249994041,-0.0516097832917039,535244.429700195,183133.964499287,"Music_Nightclubs"
"The Box Soho ","11-12 Walker's Ct","","11-12 Walker's Ct","Westminster","https://www.theboxsoho.com/",NA,"E09000033","West End","E05013808",51.5130949993055,-0.134889589422184,529518.882300142,181000.622899512,"Music_Nightclubs"
"Luxx Club","15 Berkeley Street","","","Westminster","",NA,"E09000033","West End","E05013808",51.5083200167061,-0.14338997135456,528942.555900141,180454.643099516,"Music_Nightclubs"
"Club 49","49 Greek Street","","","Westminster","",NA,"E09000033","West End","E05013808",51.5141000083744,-0.130970002533392,529787.989000143,181119.318699509,"Music_Nightclubs"
"M.O.T Venue Ltd","Unit 18","Orion Business Centre Surrey Canal Ro","","Lewisham","",NA,"E09000023","New Cross Gate","E05013728",51.4844100084355,-0.0480999703727701,535625.900100158,177967.927899504,"Music_Nightclubs"
"Exhibition ","Ariel Way","London","Ariel Way","Hammersmith and Fulham","https://exhibitionlondon.co.uk/",NA,"E09000013","Shepherd's Bush Green","E05013748",51.5097610595523,-0.222872172898028,523423.1367,180477.983899999,"Music_Venues_All"
"Koko","1a Camden High Street; Camden Town; London NW1 7JE","London","1A Camden High St","Camden","https://www.koko.co.uk/",NA,"E09000007","Regent's Park","E05013668",51.5346169993854,-0.138337999841126,529218.6937,183387.802999999,"Music_Venues_All"
"Lafayette London","11 Goods Way, Kings Cross, London N1C 4DP","Kings Cross","11 Goods Way","Camden","What’s On - Lafayette London",NA,"E09000007","King's Cross","E05013666",51.5346129991672,-0.125075999443642,530138.4644,183410.8402,"Music_Venues_All"
"OVO Arena Wembley (SSE)","Arena Square; Empire Way; Wembley; London HA9 0DH;","Engineers Way ","Arena Square","Brent","OVO Arena Wembley","0","E09000005","Wembley Park","E05013516",51.5581779999164,-0.282724000028396,519143.5295,185763.0185,"Music_Venues_All"
"The O2 Arena","Peninsula Square, SE10 0DX","London","Peninsula Square","Greenwich","The O2 arena | The O2","10010224811","E09000011","Greenwich Peninsula","E05014082",51.501493539358,0.00637951561075195,539356.2352,179969.8971,"Music_Venues_All"
"Wembley Stadium","South Way, London","","","Brent","Home | Wembley Stadium","0","E09000005","Wembley Park","E05013516",51.555521939142,-0.277926759463656,519483.0114,185475.4758,"Music_Venues_All"
"London Stadium","Queen Elizabeth Olympic Park, London, E20 2ST","","Queen Elizabeth Ol","Tower Hamlets","www.london-stadium.com","10014035637","E09000030","Bow East","E05009319",51.5432959991715,-0.0165520002922095,537638.6515,184574.9143,"Music_Venues_All"
"Eventim Apollo","45 Queen Caroline Street, London, W6 9QH","London","45 Queen Caroline ","Hammersmith and Fulham","Eventim Apollo","34030384","E09000013","Hammersmith Broadway","E05013741",51.4908399995005,-0.224503999559446,523360.9683,178371.173699999,"Music_Venues_All"
"Deptford Albany","Albany Centre & Theatre Douglas Way","Lewisham","Albany Centre & Th","Lewisham","www.thealbany.org.uk","1e+11","E09000023","Deptford","E05013719",51.4769476891971,-0.0247563177106846,537269.0152,177181.623199999,"Music_Venues_All"
"Rich Mix","35-47 Bethnal Green Road; Bethnal Green; London E1","Tower Hamlets","35-47 Bethnal Gree","Tower Hamlets","www.richmix.org.uk","6150258","E09000030","Weavers","E05009335",51.5242309994865,-0.0738119999353549,533724.1513,182348.75,"Music_Venues_All"
"Iklectik","20 Carlisle Lane, SE1 7LG London, United Kingdom","Carlisle Lane","The Grey Studio 20","Lambeth","www.iklectikartlab.com","10091119428","E09000022","Waterloo & South Bank","E05014118",51.4984519991712,-0.116546000315249,530833.5846,179404.903999999,"Music_Venues_All"
"Ripley Arts Center (Bromley Arts Trust)","24 Sundridge Avenue Bromley","","24 Sundridge Avenu","Bromley","http://www.bromleyarts.com/ripley-arts-centre/","0","E09000006","Plaistow","E05014004",51.4124826292462,0.0239096394232652,540846.477,170105.4684,"Music_Venues_All"
"Harrow Arts Centre","Uxbridge Road Harrow","","Uxbridge Road Harr","Harrow","www.harrowarts.com","2e+11","E09000015","Hatch End","E05013549",51.6079905697513,-0.362241913323442,513507.3572,191176.047900001,"Music_Venues_All"
"Alexandra Palace","Alexandra Palace Way; Alexandra Palace; London N22","Alexandra Palace Way ","Alexandra Palace","Haringey","www.alexandrapalace.com","10003974918","E09000014","Alexandra Park","E05013585",51.5936419998119,-0.131921000150352,529496.0779,189962.9112,"Music_Venues_All"
"Kings Place","90 York Way, London, N1 9AG","London","90 York Way","Islington","www.kingsplace.co.uk","10091005851","E09000019","Caledonian","E05013700",51.5349659996565,-0.122145000080802,530340.7297,183455.306299999,"Music_Venues_All"
"St John's Smith Square","London, SW1P 3HA","London","Smith Square  ","Westminster","www.sjss.org.uk","0","E09000033","St James's","E05013806",51.4960909993955,-0.126962999612506,530117.2868,179123.808,"Music_Venues_All"
"Purcell Room","Southbank Centre, Belvedere Rd, London SE1 8XX","London"," Belvedere Road","Lambeth","https://www.southbankcentre.co.uk/venues/purcell-room?","0","E09000022","Waterloo & South Bank","E05014118",51.5060809998678,-0.116304000522516,530828.5371,180253.6863,"Music_Venues_All"
"Fairfield Halls","Park Lane, Croydon, CR9 1DG","Croydon","Park Lane","Croydon","Home | Fairfield Halls | Croydon",NA,"E09000008","Fairfield","E05011468",51.3725249996429,-0.0958039994324436,532637.206,165439.022700001,"Music_Venues_All"
"The Royal Festival Hall","Belvedere Road","London"," Belvedere Road","Lambeth","https://www.southbankcentre.co.uk/venues/royal-festival-hall?","2e+11","E09000022","Waterloo & South Bank","E05014118",51.5060809998678,-0.116304000522516,530828.5371,180253.6863,"Music_Venues_All"
"The Royal Albert Hall","Kensington Gore","South Kensington","Kensington Gore","Westminster","Royal Albert Hall — Royal Albert Hall","1e+11","E09000033","Knightsbridge & Belgravia","E05013797",51.5014409993787,-0.176567999456242,526659.3008,179631.808499999,"Music_Venues_All"
"Barbican Centre","Silk Street ","London","Silk Street ","City of London","Welcome to the Barbican | Barbican","2e+11","E09000001","Coleman Street","E05009299",51.5193738991209,-0.090084712853185,532609.4544,181779.0173,"Music_Venues_All"
"Milton Court Barbican","Silk Street","Barbican","Silk Street","City of London","Milton Court | Guildhall School of Music & Drama (gsmd.ac.uk)","10025504329","E09000001","Coleman Street","E05009299",51.5193699197781,-0.0898398095144466,532626.4562,181779.0186,"Music_Venues_All"
"The Clapham Grand","21-25 St. John's Hill","Wandsworth","21-25 St. John's H","Wandsworth","www.claphamgrand.com","1e+11","E09000032","Lavender","E05014014",51.4624426991616,-0.167749265547983,527379.8456,175310.4058,"Music_Venues_All"
"Blackheath Halls - Trinity Laban Faculty Of Music","King Charles Court Old Royal Naval College","London","King Charles Court","Greenwich","https:/www.trinitylaban.ac.uk/whats-on","0","E09000011","Greenwich Park","E05014081",51.4830324894699,-0.00535897809629383,538597.5349,177894.7685,"Music_Venues_All"
"LSO St. Luke's","161 Old Street","Islington","161 Old Street","Islington","www.lso.co.uk/lso-st-lukes.html","5300069641","E09000019","Bunhill","E05013699",51.5246454190426,-0.0923727555009264,532435.4314,182361.0733,"Music_Venues_All"
"Cadogan Hall Limited","5 Sloane Terrace","","","Westminster","","217078765","E09000033","Knightsbridge & Belgravia","E05013797",51.4933533998273,-0.155689880314622,528130.9856,178768.758099999,"Music_Venues_All"
"Royal Opera House","Bow Street, Covent Garden, London WC2E 9DD","","Covent Garden City","Westminster","www.roh.org.uk","10033547198","E09000033","St James's","E05013806",51.5136869998391,-0.12286999965069,530351.1778,181087.774599999,"Music_Venues_All"
"The Hammersmith Club","11 Rutland Grove","Hammersmith And Fulham","11 Rutland Grove","Hammersmith and Fulham","","34149712","E09000013","Hammersmith Broadway","E05013741",51.4892432094488,-0.228592552615648,523081.4395,178186.7325,"Music_Venues_All"
"O2 Forum Kentish Town","9-17 Highgate Rd ","London","9-17 Highgate Rd ","Camden","www.academymusicgroup.com/o2forumkentishtown","0","E09000007","Kentish Town North","E05013663",51.5521529996732,-0.141834000314694,528926.6841,185331.668,"Music_Venues_All"
"O2 Academy Brixton","211 Stockwell Road; Stockwell; London SW9 9SL; Uni","Lambeth","211 Stockwell Road","Lambeth","www.academymusicgroup.com/o2academybrixton","1e+11","E09000022","Brixton North","E05014096",51.4651199991537,-0.114890000446175,531043.9272,175701.3058,"Music_Venues_All"
"O2 Academy Islington","N1 Centre; 16 Parkfield Street; Angel; London N1 0","Islington","16 Parkfield Stree","Islington","www.academymusicgroup.com/o2academyislington","10001296717","E09000019","St Mary's & St James'","E05013710",51.5348269993759,-0.105766000329072,531477.0491,183469.1325,"Music_Venues_All"
"The Old Blue Last","38 Great Eastern Street","Hackney","38 Great Eastern S","Hackney","www.theoldbluelast.com","1e+11","E09000012","Hoxton East & Shoreditch","E05009377",51.5238702095203,-0.0784924613651052,533400.5328,182300.084899999,"Music_Venues_All"
"Troy Bar","10 Hoxton St; Hoxton; London N1 6NG; United Kingdo","Hackney","10 Hoxton Street","Hackney","www.troybar.co.uk","10008242403","E09000012","Hoxton East & Shoreditch","E05009377",51.5276309991032,-0.0801290003621385,533276.0303,182715.307600001,"Music_Venues_All"
"Amersham Arms","388 New Cross Road; New Cross; London SE14 6TY; Un","","","Lewisham","https://www.theamershamarms.net","1e+11","E09000023","Deptford","E05013719",51.4754279992342,-0.03046399932062,536877.2225,177001.953199999,"Music_Venues_All"
"Blues Kitchen Camden (The)","111-113 Camden High Street","Camden","111-113 Camden Hig","Camden","www.theblueskitchen.com/camden","5082330","E09000007","Regent's Park","E05013668",51.5365660895111,-0.139666350632272,529121.0552,183602.201099999,"Music_Venues_All"
"The Boogaloo","312 Archway Road","","312 Archway Road","Haringey","","1e+11","E09000014","Highgate","E05013592",51.5758709791166,-0.142146357136783,528838.029,187968.6435,"Music_Venues_All"
"The Camden Assembly Pub","49 Chalk Farm Road","Camden","49 Chalk Farm Road","Camden","www.camdenassembly.com","5020249","E09000007","Camden Town","E05013655",51.5426109390598,-0.147698663969619,528546.9869,184260.265799999,"Music_Venues_All"
"Windmill Brixton","22 Blenheim Gardens","Lambeth","22 Blenheim Garden","Lewisham","www.windmillbrixton.co.uk","1e+11","E09000023","Perry Vale","E05013729",51.4410035694528,-0.0486142843472168,535718.8201,173140.2313,"Music_Venues_All"
"Oval Space","29-32 The Oval; Bethnal Green; London  E2 9DT; Uni","Tower Hamlets","29-32 The Oval","Tower Hamlets","www.ovalspace.co.uk/about/the-venues/oval-space","6155537","E09000030","St Peter's","E05009331",51.5331549995377,-0.0592619994679834,534707.1107,183367.830499999,"Music_Venues_All"
"O2 Shepherd's Bush Empire","211 Shepherd's Bush Grn","London","211 Shepherd's Bus","Hammersmith and Fulham","www.academymusicgroup.com/o2shepherdsbushempire","34030760","E09000013","Addison","E05013733",51.5038499994352,-0.219812999588922,523651.4146,179825.819800001,"Music_Venues_All"
"Folklore","186 Hackney Rd, London, E2 7QL","Tower Hamlets","186 Hackney Road","Tower Hamlets","https://www.folklorehoxton.com","6005502","E09000030","Weavers","E05009335",51.5305089994152,-0.0727680004288231,533778.1725,183048.785,"Music_Venues_All"
"Royal Vauxhall Tavern","372 Kennington Lane; Oval; London SE11 5HY; United","Lambeth","372 Kennington Lan","Lambeth","www.vauxhalltavern.com","1e+11","E09000022","Oval","E05014108",51.4848689990748,-0.115209000205583,530965.2779,177896.8506,"Music_Venues_All"
"Grow","98C Wallis Road; Main Yard; London E9 5LN","","","Hackney","www.grow-hackney.squarespace.com",NA,"E09000012","Hackney Wick","E05009374",51.544160999466,-0.0236329997745812,537145.0638,184657.8281,"Music_Venues_All"
"Biddle Bros","88 Lower Clapton,  London, E5 0QR","Hackney","88 Lower Clapton R","Hackney","","1e+11","E09000012","Springfield","E05009383",51.5714949998186,-0.0661670005515842,534115.5808,187618.631100001,"Music_Venues_All"
"Boom Boom Club","Sutton United Football Club The Borough Sports Gro","Gander Green Ln","Sutton United Foot","Sutton","www.feenstra.co.uk/boomboom","0","E09000029","Sutton West & East Cheam","E05013768",51.367086289135,-0.20279414057014,525205.5173,164646.375700001,"Music_Venues_All"
"St. Moritz Club","159 Wardour Street; W1F 8WH","Wardour Street","159 Wardour St","Westminster","www.stmoritzclub.co.uk","10033622399","E09000033","West End","E05013808",51.5144669995546,-0.13502599973314,529505.5273,181152.9497,"Music_Venues_All"
"Grace (The)/Garage (The)","20-22 Highbury Corner Highbury East","","20-22 Highbury Cor","Islington","www.thegrace.london","0","E09000019","Laycock","E05013708",51.5461999995947,-0.103760660851042,531583.3247,184737.4378,"Music_Venues_All"
"Moth Club","Valette Street, London, Hackney, E9 6NU","Hackney","Hackney Trades Hal","Hackney","www.mothclub.co.uk","1e+11","E09000012","Homerton","E05009376",51.5452509992078,-0.0546499999730804,534991.2128,184721.4416,"Music_Venues_All"
"Union Chapel","Union Chapel, Compton Terrace, London N1 2UN","Islington","19a Compton Terrac","Islington","www.unionchapel.org.uk","10008975865","E09000019","Laycock","E05013708",51.5447649992519,-0.10248100019975,531676.1909,184580.1657,"Music_Venues_All"
"Redon","Arch 289, Cambridge Heath Road, London, E2 9HA, UK","","","Tower Hamlets","",NA,"E09000030","St Peter's","E05009331",51.532113999149,-0.0572299995079959,534851.1135,183255.8125,"Music_Venues_All"
"Scala","275 Pentonville Road","London","275 Pentonville Rd","Camden","www.scala.co.uk","0","E09000007","King's Cross","E05013666",51.5301845995461,-0.119047519577175,530569.222,182929.127599999,"Music_Venues_All"
"93 Feet East","The Old Truman Brewery, 150 Brick Lane; Shoreditch","London","150 Brick Ln Shore","Tower Hamlets","www.93feeteast.co.uk","6717071","E09000030","Spitalfields & Banglatown","E05009333",51.5217059996457,-0.072288999426333,533837.1993,182070.751499999,"Music_Venues_All"
"Ain't Nothin' But...","20 Kingly Street","Soho","20 Kingly Street","Westminster","http://www.aintnothinbut.co.uk/","1e+11","E09000033","West End","E05013808",51.5124721890884,-0.137952896251008,529308.0963,180925.9537,"Music_Venues_All"
"Vortex Jazz Club","11 Gillett Square; De Beauvoir; London N16 8JH; Un","Hackney","11 Gillett Square","Hackney","https://www.vortexjazz.co.uk/","10091818908","E09000012","Dalston","E05009370",51.5493199998467,-0.0765170001062005,533463.1452,185133.7853,"Music_Venues_All"
"100 Club","100 Oxford Street, London, W1D 1LL","City Of Westminster","100 Oxford Street","Westminster","www.the100club.co.uk","10033540054","E09000033","West End","E05013808",51.5162149994181,-0.135332999686917,529479.2711,181346.786599999,"Music_Venues_All"
"Dingwalls","Middle Yard; Camden Town; London NW1 8AB; United K","London","Middle Yard Camden","Camden","www.dingwalls.com","5084282","E09000007","Camden Town","E05013655",51.5413569990936,-0.146086000104371,528662.3457,184123.6579,"Music_Venues_All"
"Green Note","106 Parkway, Camden, London NW1 7AN","Camden","106 Parkway","Camden","www.greennote.co.uk","5124523","E09000007","Camden Town","E05013655",51.5372529998058,-0.145812999989707,528692.8478,183667.7674,"Music_Venues_All"
"Oslo Hackney","1a Amhurst Road, Hackney, London,  E8 1LL","","1A Amhurst Rd","Hackney","www.oslohackney.com","10008289187","E09000012","Hackney Central","E05009372",51.5479819994222,-0.0575200002444169,534784.1614,185019.840500001,"Music_Venues_All"
"Servant Jazz Quarters","10a Bradbury Street , Dalston, N16 8JH","Hackney","10 Bradbury Street","Hackney","www.servantjazzquarters.com","10008302207","E09000012","Dalston","E05009370",51.5486419994007,-0.076722000587668,533450.9128,185058.0162,"Music_Venues_All"
"Sebright Arms","34 Coate Street; Bethnal Green; London E2 9AG; Uni","Tower Hamlets","31-35 Coate Street","Tower Hamlets","www.sebrightarms.co.uk","6021840","E09000030","St Peter's","E05009331",51.5320909995576,-0.063057000090994,534447.0469,183242.523399999,"Music_Venues_All"
"Village Underground","54 Holywell Lane; Shoreditch; London EC2A 3PQ; Uni","Hackney","54 Holywell Lane","Hackney","www.villageunderground.co.uk","10091784233","E09000012","Hoxton East & Shoreditch","E05009377",51.5237879996304,-0.078033999968605,533432.5757,182291.779100001,"Music_Venues_All"
"229 The Venue","229 Great Portland Street, Fitzrovia, London, W1W ","City Of Westminster","229 Great Portland","Westminster","www.229thevenue.com","1e+11","E09000033","West End","E05013808",51.5227259998942,-0.14375000005833,528876.9167,182055.9738,"Music_Venues_All"
"Gladstone Arms","64 Lant Street","Southwark","64 Lant Street","Southwark","www.thegladpub.co.uk","2e+11","E09000028","Chaucer","E05011098",51.5003904896616,-0.0935300141787702,532425.4498,179661.8166,"Music_Venues_All"
"Jazz After Dark","9 Greek Street","Soho","9 Greek Street","Camden","http://www.jazzafterdark.co.uk/","10033551268","E09000007","Holborn & Covent Garden","E05013662",51.5139823792971,-0.129430232797153,529895.1588,181108.967599999,"Music_Venues_All"
"Notting Hill Arts Club","21 Notting Hill Gate; Notting Hill; London W11 3JQ","Kensington And Chelsea","19-21 Notting Hill","Kensington and Chelsea","www.nottinghillartsclub.com","217059366","E09000020","Campden","E05009390",51.5093759998519,-0.194550000055335,525389.5063,180483.261700001,"Music_Venues_All"
"Piano Works","113-117 Farringdon Rd","","","Islington","https://www.pianoworks.bar","10012787103","E09000019","Clerkenwell","E05013702",51.522355849392,-0.106481583339321,531463.3271,182081.043500001,"Music_Venues_All"
"Red Room (Ealing Jazz Club)","42a The Broadway","","","Ealing","www.ealingclub.com/","12133012","E09000009","Ealing Broadway","E05013520",51.5139035996404,-0.300944676057099,517994.863,180810.0515,"Music_Venues_All"
"Roadtrip And The Workshop","243 Old Street","Hackney","","Hackney","www.roadtripbar.com","1e+11","E09000012","Hoxton East & Shoreditch","E05009377",51.5261558998431,-0.0824188512587223,533121.5016,182547.1051,"Music_Venues_All"
"Roundhouse","Chalk Farm Road","Chalk Farm","Chalk Farm Road Ca","Camden","www.roundhouse.org.uk/","5109516","E09000007","Camden Town","E05013655",51.5428169999082,-0.148537999319255,528488.2064,184281.7071,"Music_Venues_All"
"Shacklewell Arms","71 Shaclewell Lane","Hackney","71 Shacklewell Lan","Hackney","www.shacklewellarms.com","10091775225","E09000012","Shacklewell","E05009382",51.5519776593997,-0.0698785645731481,533915.6036,185441.4618,"Music_Venues_All"
"Slaughtered Lamb","34-35 Great Sutton Street","Islington","","Islington","www.theslaughteredlambpub.com","10008975751","E09000019","Bunhill","E05013699",51.5228030890493,-0.0996582354666067,531935.3795,182143.046,"Music_Venues_All"
"Betsey Trotwood (The)","56 Farringdon Road","","","Islington","https://www.thebetsey.com/","5300032921","E09000019","Clerkenwell","E05013702",51.5228499296597,-0.106446667147307,531464.3269,182136.0483,"Music_Venues_All"
"George Tavern (The)","373 Commercial Road","","","Tower Hamlets","http://thegeorgetavern.co.uk/","6027924","E09000030","Shadwell","E05009332",51.5138252795097,-0.0512977226060248,535316.7454,181233.001,"Music_Venues_All"
"Harrison (The)","28 Harrison Street","","","Camden","https://harrisonbar.co.uk/","5058943","E09000007","King's Cross","E05013666",51.5270536696728,-0.118974721546792,530583.2254,182581.095899999,"Music_Venues_All"
"Jazz Cafe","5-7 Parkway London","","","Camden","https://thejazzcafelondon.com/","5048630","E09000007","Camden Town","E05013655",51.5381506696373,-0.141476550072591,528991.0397,183775.2183,"Music_Venues_All"
"Lexington (The)","96-98 Pentonville Road","","","Islington","https://www.thelexington.co.uk/","5300073232","E09000019","Clerkenwell","E05013702",51.531259569459,-0.109832348420074,531205.2923,183065.134199999,"Music_Venues_All"
"Macbeth (The)","70 Hoxton St","","","Hackney","https://www.themacbeth.co.uk/","1e+11","E09000012","Hoxton East & Shoreditch","E05009377",51.529634209147,-0.0784371834175015,533387.5256,182941.1514,"Music_Venues_All"
"Social (The)","5 Little Portland St","","","Westminster","https://www.thesocial.com/","1e+11","E09000033","West End","E05013808",51.5168812992859,-0.139228970636386,529207.0805,181414.000399999,"Music_Venues_All"
"Spice Of Life (The)","6 Moor Street","City Of Westminster","","Westminster","https://www.spiceoflifesoho.com","1e+11","E09000033","St James's","E05013806",51.5129101391193,-0.128176925103612,529985.1697,180991.956700001,"Music_Venues_All"
"Underworld","174 Camden High Street","","","Camden","https://www.theunderworldcamden.co.uk","5048636","E09000007","St Pancras & Somers Town","E05013669",51.5386820096688,-0.140387680981688,529065.0478,183836.2223,"Music_Venues_All"
"Water Rats","328 Grays Inn Rd","Kings Cross","","Camden","https://www.thewaterratsvenue.london/","5021978","E09000007","King's Cross","E05013666",51.5285550093938,-0.117817010315502,530659.233,182750.110400001,"Music_Venues_All"
"Tooting Tram And Social","46-48 Mitcham Road; Tooting; London SW17 9NA; Unit","","46-48 Mitcham Rd","Wandsworth","https://www.tootingtramandsocial.co.uk","0","E09000032","Tooting Broadway","E05014024",51.4267679997689,-0.166487999843917,527566.7246,171345.5735,"Music_Venues_All"
"The Oval (Formerly The Oval Tavern)","130 Oval Road","Croydon","","Croydon","www.theovaltavern.co.uk","1e+11","E09000008","Addiscombe West","E05011463",51.3778010391041,-0.0860393953480597,533301.5051,166043.4058,"Music_Venues_All"
"Leytonstone Ex-Servicemens Club","2 Harvey Road","Waltham Forest","2 Harvey Road","Waltham Forest","www.leytonstonesocial.club","1e+11","E09000031","Leytonstone","E05013897",51.5668678696327,0.0132542441081256,539633.2732,187252.6258,"Music_Venues_All"
"Beehive (The)","104 Empson Street","","","Tower Hamlets","N/A","6072864","E09000030","Bromley South","E05009322",51.5211171290525,-0.0120617555679965,538017.029,182117.045700001,"Music_Venues_All"
"St John At Hackney Church","St. John At Hackney Church","Lower Clapton Road","","Hackney","https://saint.church/","10091775145","E09000012","Homerton","E05009376",51.5486917092392,-0.0517265084105685,535183.732,185109.4483,"Music_Venues_All"
"Queen Of Hoxton","1-5 Curtain Road; Hoxton; London EC2A 3JX; United ","Hackney","1 Curtain Road","Hackney","www.queenofhoxton.com/","1e+11","E09000012","Hoxton East & Shoreditch","E05009377",51.522174999108,-0.0814280006886356,533201.8448,182106.226399999,"Music_Venues_All"
"Strongroom","120-124 Curtain Road","Shoreditch","","Hackney","https://www.strongroombar.com/","0","E09000012","Hoxton East & Shoreditch","E05009377",51.5254993093787,-0.0785388062366054,533392.5583,182481.1587,"Music_Venues_All"
"Fighting Cocks Bar And Venue (The)","56 Old London Road","Kingston Upon Thames","","Kingston upon Thames","https://www.the-fighting-cocks.co.uk/","1e+11","E09000021","Kingston Town","E05013938",51.4101550299136,-0.296596694611042,518564.9264,169279.857899999,"Music_Venues_All"
"Waiting Room","175 Stoke Newington High St","Stoke Newington","","Hackney","https://threecrownsn16.com/index.php/gigs/","1e+11","E09000012","Stoke Newington","E05009385",51.561558729228,-0.0722432505396337,533723.6122,186502.565199999,"Music_Venues_All"
"Finsbury (The)","336 Green Lanes","Harringay","","Hackney","https://www.thefinsbury.co.uk/","1e+11","E09000012","Woodberry Down","E05009387",51.5714405193381,-0.0946860143040423,532139.4431,187560.626,"Music_Venues_All"
"World's End","21-23 Stroud Green Rd","Finsbury Park","21-23 Stroud Green","Haringey","https://www.worldsendfinsburypark.com/","10007028978","E09000014","Stroud Green","E05013600",51.566464869861,-0.106770576416539,531316.3235,186985.5394,"Music_Venues_All"
"Black Heart (The)","3 Greenland Place","Camden","","Camden","https://www.ourblackheart.com/","5082934","E09000007","Camden Town","E05013655",51.5391119998138,-0.14181499973621,528964.8527,183881.5233,"Music_Venues_All"
"Dublin Castle (The)","94 Parkway","","","Camden","https://thedublincastle.com/","5037821","E09000007","Camden Town","E05013655",51.5369403996495,-0.14399190615493,528820.0212,183636.2075,"Music_Venues_All"
"Powerhaus (Dingwalls)","Middle Yard","Camden Town","","Camden","http://dingwalls.com/","5084282","E09000007","Camden Town","E05013655",51.5409419897245,-0.143958879280576,528811.0177,184081.2475,"Music_Venues_All"
"Dome (The)","2a Dartmouth Park Hill","","","Islington","https://www.dometufnellpark.co.uk","5300027158","E09000019","Junction","E05013707",51.5570042797945,-0.137144326994526,529238.0572,185879.404999999,"Music_Venues_All"
"Fiddlers Elbow (The)","1 Malden Rd","Belsize Park","","Camden","https://www.thefiddlerselbow.co.uk/","5051822","E09000007","Haverstock","E05013660",51.5455631198843,-0.149554848877484,528409.9698,184585.2961,"Music_Venues_All"
"Olivers Jazz Bar","9 Nevada Street","Greenwich","9 Nevada Street","Greenwich","www.oliversjazzbar.co.uk","10010246216","E09000011","Greenwich Park","E05014081",51.4791279696222,-0.00638429612245717,538538.1784,177458.6505,"Music_Venues_All"
"New Cross Inn","323 New Cross Road; New Cross; London SE14 6AS; Un","Lewisham","323 New Cross Road","Lewisham","www.newcrossinn.com","1e+11","E09000023","Deptford","E05013719",51.4757729998464,-0.0370789993220414,536416.8348,177027.9738,"Music_Venues_All"
"Off The Cuff","Arch 645, 301-303 Railton Rd, Herne Hill SE24 0JN","Lambeth","301-303 Railton Ro","Lambeth","www.offthecuffbar.com","1e+11","E09000022","Herne Hill & Loughborough Junction","E05014104",51.4529839993485,-0.102127000066738,531965.4022,174374.692399999,"Music_Venues_All"
"Bedford (The) ","77 Bedford Hill","Balham","","Wandsworth","https://thebedford.com/","1e+11","E09000032","Balham","E05014009",51.4421616595879,-0.147693672705152,528829.9637,173090.171700001,"Music_Venues_All"
"Half Moon Putney","93 Lower Richmond Rd","Putney","","Wandsworth","https://www.halfmoon.co.uk/","121002857","E09000032","Thamesfield","E05014022",51.4667779191216,-0.218533971187137,523840.4943,175705.498,"Music_Venues_All"
"White Lion Sw16","232 Streatham High Road","Lambeth","","Lambeth","www.whitelionsw16.co.uk","1e+11","E09000022","Streatham St Leonard's","E05014115",51.4301061797914,-0.1281969095023,530219.1172,171784.0448,"Music_Venues_All"
"Electric Brixton","Town Hall Parade; Brixton; London SW2 1RJ; United ","Brixton","","Lambeth","https://www.electricbrixton.uk.com/",NA,"E09000022","Brixton Acre Lane","E05014095",51.4598419992963,-0.11686800030718,530921.627,175110.857100001,"Music_Venues_All"
"Pizza Express (The Pheasantry)","The Pheasantry, 152/154 King's Road","","","Kensington and Chelsea","www.pizzaexpresslive.com/venues/chelsea-the-pheasantry","217047024","E09000020","Royal Hospital","E05009403",51.4885714290562,-0.163878228305419,527575.9266,178222.708900001,"Music_Venues_All"
"Troubadour","263-267 Old Brompton Rd","","","Kensington and Chelsea","https://www.troubadourlondon.com/","217114565","E09000020","Redcliffe","E05009402",51.4883209295989,-0.189991804278026,525763.7316,178149.713199999,"Music_Venues_All"
"Nell's Jazz & Blues","3 North End Crescent","Hammersmith And Fulham","3 North End Cresce","Hammersmith and Fulham","https://nells.co.uk/","34151679","E09000013","Avonmore","E05013734",51.4917277090312,-0.205675684070297,524665.6098,178501.7531,"Music_Venues_All"
"Pizza Express (Jazz Club Soho)","10 Dean Street","City Of Westminster","","Westminster","www.pizzaexpresslive.com/venues/soho-jazz-club","1e+11","E09000033","West End","E05013808",51.5151199994726,-0.133300000546893,529623.4298,181228.617000001,"Music_Venues_All"
"Ronnie Scotts","47 Frith Street","City Of Westminster","47 Frith Street","Westminster","https://www.ronniescotts.co.uk/","10033534558","E09000033","West End","E05013808",51.5128959896443,-0.130108948183708,529851.1551,180986.956599999,"Music_Venues_All"
"Boston Room (The) At George Iv","185 Chiswick High Rd","","","Hounslow","https://www.georgeiv.co.uk","1e+11","E09000018","Chiswick Homefields","E05013610",51.4917152694262,-0.255509594373368,521206.2331,178416.7787,"Music_Venues_All"
"Phoenix Arts Club","1 Phoenix Street","","","Camden","https://www.phoenixartsclub.com","5169960","E09000007","Holborn & Covent Garden","E05013662",51.513969319592,-0.127484864528668,530030.1736,181110.9669,"Music_Venues_All"
"The Magic Garden","231 Battersea Park Road","Wandsworth","231 Battersea Park","Wandsworth","http://www.magicgardenpub.com/","10024085883","E09000032","Battersea Park","E05014010",51.4747964495091,-0.149208915158876,528633.0128,176716.5452,"Music_Venues_All"
"Arch 1","Unit 1, West Ham Arches, Cranberry Lane, London E1","Cranberry Lane","Unit 1 The Arches","Newham","","10023994435","E09000025","Canning Town North","E05013906",51.5222799991197,0.00471999939025526,539177.6855,182278.1252,"Music_Venues_All"
"Primo Bar","Park Plaza, Westminster Bridge, 200 Westminster Br","Lambeth","200 Westminster Br","Lambeth","","10008793643","E09000022","Waterloo & South Bank","E05014118",51.5009119994307,-0.116496999695609,530829.9429,179678.5452,"Music_Venues_All"
"Crazy Coqs","20 Sherwood Street","City Of Westminster","20 Sherwood Street","Westminster","www.brasseriezedel.com/live-at-zedel","10033616450","E09000033","St James's","E05013806",51.510052619347,-0.133972733315724,529591.1296,180663.928400001,"Music_Venues_All"
"Matthews Yard","1 Matthews Yard, Croydon CR0 1FF","Croydon","1 Matthews Yard","Croydon","","10090382144","E09000008","Fairfield","E05011468",51.3718629994296,-0.100952999520557,532280.7485,165356.113500001,"Music_Venues_All"
"Toulouse Lautrec Jazz Club","140 Newington Butts, Kennington, London SE11 4RN","Kennington","","Lambeth","https://www.toulouselautrec.co.uk/","2e+11","E09000022","Kennington","E05014105",51.4911169995522,-0.10337100042651,531769.1686,178612.8573,"Music_Venues_All"
"Cafe 1001","1 Dray Walk, Shadwell","","","Tower Hamlets","","10091893758","E09000030","Spitalfields & Banglatown","E05009333",51.5210268790951,-0.0707407987122457,533946.5924,181998.0657,"Music_Venues_All"
"Rosemary Branch","2 Shepperton Road","","","Hackney","","5300082551","E09000012","Hoxton East & Shoreditch","E05009377",51.5371129695654,-0.0853473267223667,532886.4657,183760.226600001,"Music_Venues_All"
"The Cavern","100-102 Coombe Lane","","","Merton","","48126372","E09000024","Raynes Park","E05013823",51.4092929194479,-0.232317388155158,523037.3564,169289.881899999,"Music_Venues_All"
"Spiritual Caipirinha Bar","4 Ferdinand Street, Camden Town, London, NW1 8ER","","4-6 Ferdinand St L","Camden","www.spiritualrecords.co.uk/spiritualbarlive","5138352","E09000007","Haverstock","E05013660",51.5432169991164,-0.148903999877678,528461.7017,184325.545499999,"Music_Venues_All"
"Ivy House","40 Stuart Road, Nunhead, London SE15 3BE","Southwark","40 Stuart Road","Southwark","www.ivyhousenunhead.com","10013526983","E09000028","Peckham Rye","E05011111",51.458257999138,-0.0521549994179854,535421.7374,175052.349400001,"Music_Venues_All"
"Spread Eagle","3-5 Kingsland Road, London, E2 8DA, United Kingdom","City Of Westminster","8 Woodstock Street","Hackney","www.greeneking-pubs.co.uk/pub/spread-eagle-marylebone","10033584775","E09000012","Hoxton East & Shoreditch","E05009377",51.528465999456,-0.0781669994184767,533409.6794,182811.7371,"Music_Venues_All"
"Old Red Lion Theatre","42 Kennington Park Rd, London SE11 4RS, United Kin","Lambeth","42 Kennington Park","Lambeth","www.theoldredlion.com","1e+11","E09000022","Kennington","E05014105",51.4894729991525,-0.105134000076349,531651.5154,178426.8738,"Music_Venues_All"
"Phonox","418 Brixton Road Brixton London SW9 7AY","Lambeth","418 Brixton Road","Lambeth","www.phonox.co.uk/","1e+11","E09000022","Brixton North","E05014096",51.4643989997842,-0.114648999464729,531062.7306,175621.5617,"Music_Venues_All"
"The Bread & Roses","68 Clapham Manor Street","","","Lambeth","","1e+11","E09000022","Clapham Town","E05014102",51.4653522096075,-0.134962016191406,529649.0982,175691.4309,"Music_Venues_All"
"Goldsmiths Arms","3 Croydon Road","","3 Croydon Road","Bromley","www.goldsmithsarms.com","1e+11","E09000006","Penge & Cator","E05014002",51.4127841896576,-0.0504204085888083,535676.7754,169998.9276,"Music_Venues_All"
"The Star Of Kings","126 York Way","Islington","126 York Way","Islington","www.starofkings.co.uk","5300100171","E09000019","Caledonian","E05013700",51.535855379346,-0.120472127415695,530454.2055,183557.184599999,"Music_Venues_All"
"Forest Tavern","173 Forest Lane, London E7 9BB","Newham","173 Forest Lane","Newham","www.foresttavern.com","10008986026","E09000025","Forest Gate North","E05013911",51.5498639994991,0.024494000622999,540464.5807,185383.292099999,"Music_Venues_All"
"Charlie Wright Bar","5 Houghton Street Charing Cross","","","Hackney","","1e+11","E09000012","Hoxton East & Shoreditch","E05009377",51.527187099123,-0.0822313345499403,533131.5016,182662.1173,"Music_Venues_All"
"The George & The Dragon","183-185 High Street","","","Ealing","","12103477","E09000009","South Acton","E05013536",51.5067184998741,-0.270227218351822,520145.1073,180060.948799999,"Music_Venues_All"
"Queens Arms","1 Kilburn High Road","City Of Westminster","1 Kilburn High Roa","Westminster","www.queensarmspub.co.uk","1e+11","E09000033","Abbey Road","E05013792",51.5345344398385,-0.188562689658715,525735.6823,183291.1972,"Music_Venues_All"
"Brave New World","22-26 Berrylands Road","Kingston Upon Thames","22-26 Berrylands R","Kingston upon Thames","www.bravebar.co.uk","128001583","E09000021","Berrylands","E05013929",51.3925102594444,-0.294161461435012,518779.8925,167321.697799999,"Music_Venues_All"
"Mnky Hse","10 Dover Street Mayfair, London, W1S 4LQ","City Of Westminster","10 Dover Street","Westminster","http://www.mnky-hse.com","10091854778","E09000033","West End","E05013808",51.5081799994669,-0.141670999647728,529062.2358,180442.100099999,"Music_Venues_All"
"Boisdale Of Belgravia","15 Eccleston St, Belgravia, London SW1W 9LX, Unite","","","Westminster","www.boisdale.co.uk/belgravia/the-venue",NA,"E09000033","Knightsbridge & Belgravia","E05013797",51.4944159995422,-0.148085000353552,528655.8939,178900.2467,"Music_Venues_All"
"Boisdale Of Canary Wharf","Cabbot Place, London E14 4QT","","","Tower Hamlets","www.boisdale.co.uk/canary-wharf/the-venue","10091775667","E09000030","Canary Wharf","E05009323",51.5053569998937,-0.0222440001264793,537358.0592,180345.4136,"Music_Venues_All"
"Colours Hoxton","2-4 Hoxton Square London","","2-4 Hoxton Square ","Hackney","www.hoxtonsquarebar.com","10091942715","E09000012","Hoxton East & Shoreditch","E05009377",51.5269956192047,-0.0804226747447569,533257.5149,182644.1174,"Music_Venues_All"
"Star Of Bethnal Green","359 Bethnal Green Road; Bethnal Green; London E2 6","Tower Hamlets","359 Bethnal Green ","Tower Hamlets","www.starofbethnalgreen.co.uk/","6169765","E09000030","St Peter's","E05009331",51.5266999995138,-0.0624200000389597,534507.1118,182644.195499999,"Music_Venues_All"
"The Yard Theatre","Unit 2a Queens Yard","White Post Lane","Unit 2a Queens Yar","Tower Hamlets","www.theyardtheatre.co.uk","6077552","E09000030","Bow East","E05009319",51.5421289595925,-0.0217903319877103,537278.9415,184435.312999999,"Music_Venues_All"
"The Eagle","349 Kennington Lane; Vauxhall; London SE11 5QY; Un","","","Lambeth","www.eaglelondon.com/","1e+11","E09000022","Vauxhall","E05014117",51.4863069993387,-0.119347999306741,530673.8076,178049.368799999,"Music_Venues_All"
"South Place Hotel","3 South Place","","","City of London","","10090266586","E09000001","Bishopsgate","E05009292",51.518524689626,-0.084887378910361,532972.4936,181694.014799999,"Music_Venues_All"
"Number 90","90 Wallis Road","Hackney","90 Wallis Road","Hackney","www.number90bar.co.uk","1e+11","E09000012","Hackney Wick","E05009374",51.5438806990386,-0.0211373937684836,537318.9464,184631.331599999,"Music_Venues_All"
"Fabric","77a Charterhouse St; Clerkenwell; London EC1M 6HJ;","","77a Charterhouse S","Islington","www.fabriclondon.com","5300037740","E09000019","Clerkenwell","E05013702",51.5195739998777,-0.102504999575327,531747.213,181778.8445,"Music_Venues_All"
"Tipsy","20 Stoke Newington Road, London N16 7XN","Hackney","20 Stoke Newington","Hackney","","1e+11","E09000012","Shacklewell","E05009382",51.5511559991543,-0.074950999491475,533566.3495,185340.811799999,"Music_Venues_All"
"Omeara","6 O'Meara Street, SE1 1TE, London","","6 O'meara St Londo","Southwark","www.omearalondon.com","0","E09000028","Borough & Bankside","E05011095",51.5041429995419,-0.0946029995554931,532340.1118,180077.158,"Music_Venues_All"
"Fire","39 Parry Street, South Lambeth Road, London, SW8 1","Lambeth","Arch 39-43 Parry S","Lambeth","www.firelondon.net/","1e+11","E09000022","Vauxhall","E05014117",51.4844029996396,-0.123444000616945,530394.864,177830.3453,"Music_Venues_All"
"Bar 512","512 Kingsland Road","Hackney","512 Kingsland Road","Hackney","","1e+11","E09000012","London Fields","E05009381",51.543477649035,-0.0741903753597435,533641.5475,184488.3487,"Music_Venues_All"
"Vfd","66 Stoke Newington Road; Dalston; London N16 7XB; ","Hackney","66 Stoke Newington","Hackney","","1e+11","E09000012","Shacklewell","E05009382",51.552571999513,-0.0746489999868482,533583.1457,185498.8254,"Music_Venues_All"
"Egg London","5-13 Vale Royal","London","5-13 Vale Royal","Islington","https://www.egglondon.co.uk",NA,"E09000019","Caledonian","E05013700",51.5417509994877,-0.125187999284587,530110.3472,184204.3936,"Music_Venues_All"
"Heaven","11 The Arches; Villiers St; Charing Cross; London ","Villiers Street","11 The Arches","Westminster","www.heavennightclub-london.com","10033544602","E09000033","St James's","E05013806",51.5080869997441,-0.124121999466381,530280.2784,180462.8223,"Music_Venues_All"
"The Glory","281 Kingsland Road","Hackney","281 Kingsland Road","Hackney","www.theglory.co","1e+11","E09000012","Haggerston","E05009375",51.5356841795164,-0.0755288786829925,533571.5363,183619.238500001,"Music_Venues_All"
"Maddox Club","3-5 Mill Street, London, W1S 2AU","City Of Westminster","3-5 Mill St","Westminster","http://www.maddoxclub.com","1e+11","E09000033","West End","E05013808",51.5133059997836,-0.141384999771504,529067.5986,181012.6215,"Music_Venues_All"
"Under The Bridge","Stamford Bridge, Fulham Road, London, SW6 1HS","Fulham","Stanford Bridge Fu","Hammersmith and Fulham","www.underthebridge.co.uk","0","E09000013","Walham Green","E05013749",51.4814319991033,-0.191557000403218,525673.9844,177380.962400001,"Music_Venues_All"
"Ministry Of Sound","103 Gaunt Street, Elephant & Castle, London, SE1 6","Southwark","103 Gaunt Street","Southwark","www.club.ministryofsound.com","2e+11","E09000028","St George's","E05011114",51.4976499990572,-0.0992090002418285,532039.2197,179346.823899999,"Music_Venues_All"
"Rivoli Ballroom","350 Brockley Road, SE4 2BY London","Lewisham","350 Brockley Road","Lewisham","www.rivoliballroom.com","1e+11","E09000023","Crofton Park","E05013718",51.4552099996273,-0.0371390002481953,536473.9732,174741.2849,"Music_Venues_All"
"Tiger Tiger London","29 The Haymarket, London, SW1Y 4SP","","","Westminster","www.tigertiger.co.uk","10014052022","E09000033","St James's","E05013806",51.5097309996742,-0.132892000186935,529667.0347,180630.076400001,"Music_Venues_All"
"Bar A Bar","133-135 Stoke Newington Road; Stoke Newington; Lon","Hackney","133-135 Stoke Newi","Hackney","www.barabar.info/","1e+11","E09000012","Stoke Newington","E05009385",51.5563369995343,-0.0747010003652949,533568.5304,185917.405300001,"Music_Venues_All"
"Moustache Bar","58 Stoke Newington Road; Dalston; London N16 7XB; ","Hackney","58 Stoke Newington","Hackney","www.moustachebar.co.uk/","1e+11","E09000012","Shacklewell","E05009382",51.5523269995761,-0.0747980004397496,533573.5325,185471.308700001,"Music_Venues_All"
"Printworks","1 Surrey Quays Road, London, SE16 7PJ, United King","","1 Surrey Quays Roa","Southwark","http://www.printworksuk.com","2e+11","E09000028","Surrey Docks","E05011117",51.4975229992831,-0.0435159998161961,535905.1596,179434.5809,"Music_Venues_All"
"Ridley Road Market Bar","49 Ridley Road; London E8 2NP; United Kingdom","Hackney","49 Ridley Road","Hackney","www.ridleyroadmarketbar.com/","1e+11","E09000012","Dalston","E05009370",51.5481929995638,-0.0732430005719178,533693.433,185014.4432,"Music_Venues_All"
"Studio 338","338 Boord Street; Greenwich; London SE10 0PF; Unit","Greenwich","338 Tunnel Avenue","Greenwich","www.studio338.co.uk/","1e+11","E09000011","Greenwich Peninsula","E05014082",51.4954419996842,0.00482000033192946,539266.455,179293.998400001,"Music_Venues_All"
"Loop Bar & Nightclub","19 Dering Street, London, W1S 1AH, UK","City Of Westminster","19 Dering Street","Westminster","www.theloopbar.co.uk/","1e+11","E09000033","West End","E05013808",51.5141639990653,-0.145457999937279,528782.5731,181100.863399999,"Music_Venues_All"
"Tasty Bakery (Tasties)","207 Rye Lane, Peckham, London SE15 4TP","Southwark","207 Rye Lane","Southwark","","2e+11","E09000028","Rye Lane","E05011113",51.4677179997635,-0.066488000300377,534398.2575,176077.891100001,"Music_Venues_All"
"Trafik","331 Old St; Hoxton; London EC1 9LE; United Kingdom","Hackney","331 Old Street","Hackney","www.trafik-london.com","1e+11","E09000012","Hoxton East & Shoreditch","E05009377",51.5270109991123,-0.0805570006662125,533248.1527,182645.583000001,"Music_Venues_All"
"The Lighthouse","Unit 1a 190 New North Road","Islington","Unit 1a 190 New No","Islington","","0","E09000019","St Mary's & St James'","E05013710",51.5371659593588,-0.0897003970010712,532584.4342,183758.219699999,"Music_Venues_All"
"Xoyo","32-37 Cowper Street; Shoreditch; London EC2A 4AP; ","Islington","32-37 Cowper Stree","Islington","www.xoyo.co.uk","5300025027","E09000019","Bunhill","E05013699",51.5255189998535,-0.0857040001822833,532895.4816,182470.308599999,"Music_Venues_All"
"Basing House","25 Kingsland Road; Shoreditch; London E2 8AA; Unit","Hackney","25 Kingsland Road","Hackney","www.basinghouse.co.uk/","1e+11","E09000012","Hoxton East & Shoreditch","E05009377",51.5284399995853,-0.0782039996369327,533407.189,182808.7784,"Music_Venues_All"
"Beduin","57-59 Charterhouse Street","Islington","57-59 Charterhouse","City of London","www.beduinbar.co.uk/smithfields","10010439992","E09000001","Farringdon Without","E05009305",51.5188109697336,-0.101943545499726,531788.3659,181695.0052,"Music_Venues_All"
"McQueen","55-61 Tabernacle Street; Shoreditch; London EC2A 4","Islington","55-61 Tabernacle S","Islington","www.mcqueen-shoreditch.co.uk/","10008977886","E09000019","Bunhill","E05013699",51.524024999613,-0.0858699996865703,532888.3151,182303.872,"Music_Venues_All"
"Piccadilly Institute","The London Pavillion; Piccadilly; London W1V 9LA; ","Piccadilly","The London Pavilio","Westminster","www.piccadillyinstitute.com/","1e+11","E09000033","St James's","E05013806",51.5103779995541,-0.133987000022003,529589.2166,180700.0858,"Music_Venues_All"
"The Big Chill Bar","The Old Truman Brewery","14 Dray Walk, Shadwell","","Tower Hamlets","","6151992","E09000030","Spitalfields & Banglatown","E05009333",51.5203771792974,-0.0706096827136742,533957.5942,181926.0583,"Music_Venues_All"
"The Hoxton Pony","104-108 Curtain Rd","","104-108 Curtain Rd","Hackney","http://www.thehoxtonpony.com","10008241848","E09000012","Hoxton East & Shoreditch","E05009377",51.5249141695252,-0.0785350115964643,533394.5311,182416.097200001,"Music_Venues_All"
"Junction House","578 Kingsland Road, London, E8 4AH","Hackney","578 Kingsland Road","Hackney","","1e+11","E09000012","Dalston","E05009370",51.5455869997781,-0.0756029997453506,533537.4282,184720.3342,"Music_Venues_All"
"Nomad London","58 Old Street; Hoxton; London EC1V 9AJ; United Kin","Islington","58 Old Street","Islington","www.nomadlondon.com/","5300069544","E09000019","Bunhill","E05013699",51.5240659991909,-0.0958049996815884,532199.0236,182290.4341,"Music_Venues_All"
"Ladybird / Basement Club","70 Upper Street; Islington; London N1 0NY; United ","Islington","70 Upper Street","Islington","www.ladybirdbar.co.uk","10091816806","E09000019","St Mary's & St James'","E05013710",51.5359909991798,-0.104013999299086,531595.198,183601.719699999,"Music_Venues_All"
"Hootananny Brixton","95 Effra Road, Brixton, London, SW2 1DF","Brixton","","Lambeth","https://www.hootanannybrixton.co.uk/","1e+11","E09000022","Herne Hill & Loughborough Junction","E05014104",51.4553819990531,-0.113253999786902,531185.4564,174621.3697,"Music_Venues_All"
"Porky's Wine Bar","23-27 Sternhold Avenue, Streatham Hill, SW2 4PA","Lambeth","23-27 Sternhold Av","Lambeth","","1e+11","E09000022","Streatham Hill West & Thornton","E05014114",51.4384599994543,-0.127680999414284,530231.2468,172713.9146,"Music_Venues_All"
"Brixton Jamm Limited","261 Brixton Rd","","","Lambeth","","1e+11","E09000022","Brixton North","E05014096",51.4702811694407,-0.110280435805193,531349.2983,176283.4847,"Music_Venues_All"
"The Steel Yard","13-16 Allhallows Lane","City Of London","13-16 Allhallows L","City of London","https://thesteelyard.london/","95510144","E09000001","Dowgate","E05009303",51.509489529633,-0.0889560204936568,532716.4746,180681.9123,"Music_Venues_All"
"Montezuma London Club","17 Harrington Road","Kensington And Chelsea","17 Harrington Road","Kensington and Chelsea","www.montezumalondon.com","217036855","E09000020","Courtfield","E05009393",51.4934715199065,-0.174155601450025,526848.8459,178749.763800001,"Music_Venues_All"
"The London Reign","215-217 Piccadilly","City Of Westminster","215-217 Piccadilly","Westminster","","10033541003","E09000033","St James's","E05013806",51.509008939075,-0.133381231661141,529635.1356,180548.9166,"Music_Venues_All"
"Vuvu Club","30 East Street","","30 East Street","Bromley","","10070003296","E09000006","Bromley Town","E05013991",51.4066074594112,0.017983696298251,540452.3971,169440.7961,"Music_Venues_All"
"Vision Video Bar","588 Kingsland Road","Hackney","588 Kingsland Road","Hackney","","10008291713","E09000012","Dalston","E05009370",51.5453881694388,-0.0738789085317035,533657.5523,184701.3749,"Music_Venues_All"
"The Lighthouse Bar And Club","62 Rivington Street","Hackney","62 Rivington Stree","Hackney","","10091889776","E09000012","Hoxton East & Shoreditch","E05009377",51.5256435793108,-0.0780429271086685,533426.5337,182498.106000001,"Music_Venues_All"
"Trapeze Bar","89 Great Eastern Street","Hackney","89 Great Eastern S","Hackney","www.trapezebar.co.uk","10091904454","E09000012","Hoxton East & Shoreditch","E05009377",51.5251838792044,-0.0818253157290482,533165.5071,182440.0951,"Music_Venues_All"
"The Old Baths & Cre8 Galleries","80 Eastway","Hackney","80 Eastway","Hackney","","1e+11","E09000012","Hackney Wick","E05009374",51.5466654098265,-0.0278826731337656,536842.8923,184928.3771,"Music_Venues_All"
"Jazzlive At The Crypt","St. Giles Church Camberwell Church St","London","St. Giles Church C","Southwark","www.jazzlive.co.uk","0","E09000028","St Giles","E05011115",51.4725462692931,-0.0852585460342124,533080.5088,176580.519200001,"Music_Venues_All"
"The Broadway Theatre","Old Town Hall Rushey Green","Lewisham","Old Town Hall Rush","Lewisham","www.broadwaytheatre.org.uk","10091912968","E09000023","Rushey Green","E05013730",51.4446829596054,-0.0197157256331551,537716.0682,173603.2718,"Music_Venues_All"
"The Broadway Theatre","Broadway Barking And Dagenham","","Broadway Barking A","Barking and Dagenham","www.thebroadwaybarking.com","100058301","E09000002","Abbey","E05014053",51.5351578490699,0.0796481855893655,544334.8621,183855.2893,"Music_Venues_All"
"Indigo At The O2","205 Peninsula Square","London","205 Peninsula Squa","Greenwich","indigo at The O2 | The O2","0","E09000011","Greenwich Peninsula","E05014082",51.5020451798256,0.00773155284478054,539448.3863,180033.8117,"Music_Venues_All"
"Troxy","490 Commercial Road, London E1 0HX","Tower Hamlets","490 Commercial Roa","Tower Hamlets","www.troxy.co.uk","6027797","E09000030","Shadwell","E05009332",51.5131469990335,-0.0433199997091131,535872.2861,181172.3446,"Music_Venues_All"
"Tobacco Dock","50 Porters Walk; London; E1W 2SF","Tower Hamlets","50 Porters Walk","Tower Hamlets","www.tobaccodocklondon.com","6009847","E09000030","St Katharine's & Wapping","E05009330",51.5083239994058,-0.0584600003064419,534836.0401,180608.0371,"Music_Venues_All"
"Shoreditch Town Hall","380 Old Street; Shoreditch; London EC1V 9LT; Unite","Hackney","380 Old Street","Hackney","www.shoreditchtownhall.com","10091784164","E09000012","Hoxton East & Shoreditch","E05009377",51.5271249993485,-0.0795200003524757,533319.7497,182660.1493,"Music_Venues_All"
"Scream Lounge","20 South End Croydon, Surrey CR0 1DN","Croydon","20 South End","Croydon","http://www.screamstudios.net","1e+11","E09000008","Fairfield","E05011468",51.3666159996803,-0.0992179994498058,532416.6173,164775.784700001,"Music_Venues_All"
"The House Of St. Barnabas","House Of St. Barnabas In Soho 1","Greek Street","House Of St. Barna","Camden","","10033599927","E09000007","Holborn & Covent Garden","E05013662",51.5143983398422,-0.129571745992558,529884.1572,181154.971899999,"Music_Venues_All"
"The Others","6-8 Manor Rd Stoke Newington","London","6-8 Manor Rd Stoke","Hackney","www.theothers.uk.com","0","E09000012","Cazenove","E05009368",51.5653495096481,-0.0730641624018545,533655.6167,186922.605900001,"Music_Venues_All"
"The Vaults","Arch 236 Leake Street","Lambeth","Arch 236 Leake Str","Lambeth","","10091121720","E09000022","Waterloo & South Bank","E05014118",51.5014632095513,-0.113702737326693,531022.295,179744.833799999,"Music_Venues_All"
"Bourne & Hollingsworth Bar","28 Rathbone Pl","","","Camden","","5143602","E09000007","Bloomsbury","E05013653",51.5174062594749,-0.132648671216923,529662.1298,181484.0045,"Music_Venues_All"
"Conway Hall","25 Red Lion Square, London WC1","","","Camden","www.conwayhall.org.uk","5048256","E09000007","Holborn & Covent Garden","E05013662",51.5197479991927,-0.118356000150263,530647.0418,181769.804099999,"Music_Venues_All"
"Station","14 Staplehurst Rd Hither Green","London","14 Staplehurst Rd ","Lewisham","www.stationhotelhithergreen.co.uk","0","E09000023","Lee Green","E05013726",51.4525497290678,0.00162697959565287,539175.2545,174518.3356,"Music_Venues_All"
"Upstairs At The Ritzy","Brixton Oval; Coldharbour Lane; London SW2 1JG; Un","Chaplin House","Brixton Rd London","Lambeth","www.picturehouses.com/cinema/Ritzy_Picturehouse/Whats_On?filter=Upstairs","1e+11","E09000022","Brixton Windrush","E05014098",51.4612719993305,-0.114641000557554,531072.237,175273.8541,"Music_Venues_All"
"St. James's Piccadilly","197 Piccadilly","City Of Westminster","197 Piccadilly","Westminster","www.sjp.org.uk","1e+11","E09000033","St James's","E05013806",51.5083609895382,-0.135050723247018,529521.1237,180473.910800001,"Music_Venues_All"
"The Round Chapel","1d Glenarm Road","Hackney","1d Glenarm Road","Hackney","","10008322921","E09000012","Homerton","E05009376",51.5516772798212,-0.0500841811269721,535288.7494,185444.4791,"Music_Venues_All"
"The Passage","27 Dalston Lane","Hackney","27 Dalston Lane","Hackney","","1e+11","E09000012","Dalston","E05009370",51.5459027493023,-0.0712607998108,533837.575,184763.388599999,"Music_Venues_All"
"St. Stephen Walbrook","39 Walbrook","City Of London","39 Walbrook","City of London","www.ststephenwalbrook.net","2e+11","E09000001","Candlewick","E05009296",51.5122075696089,-0.0885251554488652,532738.4746,180984.9417,"Music_Venues_All"
"St. Bartholomews Church","4 Westwood Hill","Lewisham","4 Westwood Hill","Lewisham","www.stbartschurchsydenham.org","1e+11","E09000023","Sydenham","E05013731",51.4269778997062,-0.0553839307209132,535289.7493,171568.0766,"Music_Venues_All"
"St. Andrew Holborn Church","5 St. Andrew Street","City Of London","5 St. Andrew Stree","City of London","www.standrewholborn.org.uk","10091906423","E09000001","Farringdon Within","E05009304",51.5165200993266,-0.10487854247442,531591.3453,181434.9834,"Music_Venues_All"
"St. Martin-In-The-Fields","5 St. Martin's Place","City Of Westminster","5 St. Martin's Pla","Westminster","www.stmartin-in-the-fields.org","1e+11","E09000033","St James's","E05013806",51.5086399194683,-0.124907407723803,530224.2004,180522.911,"Music_Venues_All"
"St. Giles-In-The-Fields","60 St Giles High St London","","60 St Giles High S","Camden","www.stgilesonline.org","0","E09000007","Holborn & Covent Garden","E05013662",51.5147766196966,-0.126788692717175,530076.1778,181201.975500001,"Music_Venues_All"
"St. Anne And St. Agnes Church","Gresham Centre Gresham St","London","Gresham Centre Gre","City of London","www.greshamcentre.com","0","E09000001","Bassishaw","E05009290",51.5159861295787,-0.0946806275640379,532300.4241,181393.9778,"Music_Venues_All"
"The Old Church","Hackney ","","Hackney ","Hackney","","10008252145","E09000012","Clissold","E05009369",51.5604912295831,-0.0822876347558624,533030.5211,186365.5286,"Music_Venues_All"
"St. Magnus The Martyr","Lower Thames Street City Of London","","Lower Thames Stree","City of London","www.stmagnusmartyr.org.uk","2e+11","E09000001","Billingsgate","E05009291",51.5086096996178,-0.0813398142952595,533247.5329,180597.907199999,"Music_Venues_All"
"St Stephen's Church","Richmond Road East Twickenham Middlesex Tw1 2pd ","","Richmond Road East","Richmond upon Thames","https://www.st-stephens.org.uk/","0","E09000027","Twickenham Riverside","E05013789",51.4523836995702,-0.311313370870099,517433.1834,173952.2158,"Music_Venues_All"
"St. Mary's Church","St. Marys Church Office Upper Street","Islington","St. Marys Church O","Islington","www.stmaryislington.org","5300095124","E09000019","St Mary's & St James'","E05013710",51.5378973190437,-0.100399528422925,531840.3554,183820.2115,"Music_Venues_All"
"Fold","Gillian House, Stephenson St, London E16 4SA, UK","Stephenson Street","Gillian House","Newham","https://www.fold.london",NA,"E09000025","Canning Town North","E05013906",51.5190319992757,0.00375799956261647,539120.8391,181915.1182,"Music_Venues_All"
"Building Six","The O2; Greenwich; London SE10 0AX; United Kingdom","","","Greenwich","",NA,"E09000011","Greenwich Peninsula","E05014082",51.5025249995158,0.00366400070182203,539164.6258,180079.429099999,"Music_Venues_All"
"Queen Elizabeth Hall","Southbank Centre, Belvedere Rd, London, SE1 8XX; U","London"," Belvedere Road","Lambeth","https://www.southbankcentre.co.uk/venues/queen-elizabeth-hall?",NA,"E09000022","Waterloo & South Bank","E05014118",51.5060809998678,-0.116304000522516,530828.5371,180253.6863,"Music_Venues_All"
"Old Cholmeley Boys Club","68 Boleyn Rd, London N16 8JG","","","Hackney","",NA,"E09000012","Dalston","E05009370",51.548899999189,-0.0771989997832453,533417.088,185085.8356,"Music_Venues_All"
"Old Street Records","350-354 Old Street, London, EC1V 9NQ, United Kingd","","","Hackney","https://www.oldstreetrecords.com/",NA,"E09000012","Hoxton East & Shoreditch","E05009377",51.5267869999014,-0.0806480002178653,533242.4944,182620.508199999,"Music_Venues_All"
"Bermondsey Social Club","Arch 19 Almond Road, Bermondsey, London, SE16 3LR","Bermondsey","","Southwark","https://www.bermondseysocialclub.co.uk/",NA,"E09000028","South Bermondsey","E05011116",51.491721999354,-0.0595669994189716,534808.1947,178759.840299999,"Music_Venues_All"
"Venn Street Records","78 Vemm Street, Clapham, London, SW4 0BD","","","Lambeth","https://www.vennstreetrecords.com",NA,"E09000022","Clapham Town","E05014102",51.4625249992752,-0.138030000001939,529443.9897,175371.6185,"Music_Venues_All"
"Masons Arms","665 Harrow Road; Kensal Green; London NW10 5NU; Un","","","Brent","www.themasonsarmsnw10.co.uk","202001640","E09000005","Queens Park","E05013507",51.5300319995549,-0.227298999420061,523061.3142,182724.7148,"Music_Venues_All"
"Pickle Factory","13-14 The Oval","","13-14 The Oval","Tower Hamlets","www.ovalspace.co.uk",NA,"E09000030","St Peter's","E05009331",51.5320976698769,-0.0577047947003537,534818.2321,183253.120999999,"Music_Venues_All"
"Earth Hackney","11-17 Stoke Newington Rd","","11-17 Stoke Newing","Hackney","https://www.earthackney.co.uk",NA,"E09000012","Shacklewell","E05009382",51.5511039996023,-0.0752909996333303,533542.9299,185334.408199999,"Music_Venues_All"
"Map Studio Cafe","46 Grafton Road; London NW5 3DU; United Kingdom","","","Camden","http://www.mapmusic.net","5029686","E09000007","Kentish Town South","E05013664",51.5477209993794,-0.14504399931892,528716.6488,184833.174900001,"Music_Venues_All"
"Alchemy","28-30 St. Georges Walk","Croydon","","Croydon","N/A",NA,"E09000008","Fairfield","E05011468",51.3729309995861,-0.0981290005764857,532474.2191,165479.968900001,"Music_Venues_All"
"Space 289 (Formerly Redon)","289 Cambridge Heath Rd","","","Tower Hamlets","https://www.space289.com/",NA,"E09000030","St Peter's","E05009331",51.532113999149,-0.0572299995079959,534851.1135,183255.8125,"Music_Venues_All"
"Paper Dress Vintage","352A Mare Street, Hackney E8 1HR","","352 Mare Street","Hackney","www.paperdressvintage.co.uk",NA,"E09000012","Hackney Central","E05009372",51.5472919993213,-0.054639000232472,534985.9447,184948.4242,"Music_Venues_All"
"Kansas Smitty's (Looking For A New Home)","63-65 Broadway Market","","","Hackney","https://www.kansassmittys.com","0","E09000012","London Fields","E05009381",51.5368171390732,-0.0598061981273814,534658.5621,183774.074999999,"Music_Venues_All"
"Eastcheap Records","20 Eastcheap, London, EC3M 1EB, United Kingdom","","","City of London","https://www.eastcheaprecords.com",NA,"E09000001","Billingsgate","E05009291",51.5105019998458,-0.0837739994972142,533073.1087,180803.9043,"Music_Venues_All"
"Boston Music Room","2a Dartmouth Park Hill","","","Islington","https://www.bostonmusicroom.co.uk/","5300053516","E09000019","Tufnell Park","E05013713",51.5568017495601,-0.136849623607536,529259.0596,185857.4035,"Music_Venues_All"
"Jam In A Jar","599A Green Lanes, Harringay, London N8 0RE, United","Harringay","","Haringey","https://www.jaminajar.co.uk",NA,"E09000014","Harringay","E05013590",51.5844719993537,-0.100421000343053,531704.3938,188999.4277,"Music_Venues_All"
"Fox And Firkin (The)","316 Lewisham High Street","","","Lewisham","https://foxfirkin.com/","1e+11","E09000023","Ladywell","E05013725",51.4564649191383,-0.0128138535636656,538160.1396,174926.399700001,"Music_Venues_All"
"The Guitar Social - King's Cross","26 Caledonian Rd","","","Islington","",NA,"E09000019","Caledonian","E05013700",51.5318126291354,-0.120654931247573,530453.0805,183107.3016,"Music_Venues_All"
"Buster Mantis","3-4 Resolution Way, SE8 4NT London","","","Lewisham","www.bustermantis.com",NA,"E09000023","Deptford","E05013719",51.4785439990343,-0.0247559999793623,537264.2449,177359.1314,"Music_Venues_All"
"Scenario","97 Stoke Newington Road; London N16 8BX; United Ki","","","Hackney","http://www.barscenario.co.uk","10008306167","E09000012","Shacklewell","E05009382",51.5543959996469,-0.0749410005450503,533557.5691,185701.124,"Music_Venues_All"
"The Birds","692 High Road Leytonstone, Leytonstone, London E11","","","Waltham Forest","http://www.bird.org.uk","1e+11","E09000031","Leytonstone","E05013897",51.5691159998352,0.0122379993536085,539555.9638,187500.682499999,"Music_Venues_All"
"T-Bird","132 Blackstock Road; London N4 2DX","","","Islington","http://www.tbirdbar.co.uk","10012787505","E09000019","Arsenal","E05013697",51.5613779991271,-0.099456999853248,531837.8807,186433.030099999,"Music_Venues_All"
"Quaglinos","16 Bury Street, St James's, London, SW1Y 6AJ, UK","","","Westminster","http://www.danddlondon.com","1e+11","E09000033","St James's","E05013806",51.5072199995945,-0.138582999489966,529279.238,180340.791999999,"Music_Venues_All"
"Putney Pies & Vaults","2 Putney High Street, SW15 1SL","","","Wandsworth","","1e+11","E09000032","Thamesfield","E05014022",51.4660049992577,-0.214549999934231,524119.3025,175626.284299999,"Music_Venues_All"
"Tia Maria Restaurant & Music Bar","126 South Lambeth Road, Vauxhall, London, SW8 1RB","","","Lambeth","","1e+11","E09000022","Oval","E05014108",51.4809309992808,-0.124864999608864,530306.0863,177441.725299999,"Music_Venues_All"
"The George & Dragon","2 Blackheath Hill","","","Greenwich","http://www.georgedragon.com/",NA,"E09000011","Greenwich Park","E05014081",51.4733622995123,-0.0165437648057158,537850.1087,176798.3551,"Music_Venues_All"
"W London","10 Wardour Street, Leicester Square, London, W1D 6","","","Westminster","http://www.westrockshotel.co.uk","10033615454","E09000033","St James's","E05013806",51.5102659996636,-0.131580999316921,529756.4862,180691.8904,"Music_Venues_All"
"Union Bar","Building 5, Chiswick Park, 566 Chiswick High Road,","","","Hounslow","www.faucetinn.com","1e+11","E09000018","Chiswick Gunnersbury","E05013609",51.4961279996293,-0.272920000652235,519986.0361,178878.8424,"Music_Venues_All"
"Village Soho","81 Wardour Street","","","Westminster","","10033570802","E09000033","St James's","E05013806",51.5119063198239,-0.131778198149362,529738.1438,180873.9465,"Music_Venues_All"
"Colour Factory","8 Queen's Yard, Hackney Wick, London E9 5EN","Hackney Wick","","Tower Hamlets","https://www.colourfactory.com",NA,"E09000030","Bow East","E05009319",51.5431829991968,-0.0226639994915929,537215.1921,184550.8872,"Music_Venues_All"
"Mascara Bar","72 Stamford Hill; Stoke Newington; London N16 6XS","","","Hackney","http://www.mascarabar.co.uk","10091817946","E09000012","Cazenove","E05009368",51.5670409994927,-0.0729549997921511,533658.2307,187110.9025,"Music_Venues_All"
"Press","47 Whitcomb Street, London, WC2H 7DH","","","Westminster","http://www.sgul.ac.uk","1e+11","E09000033","St James's","E05013806",51.5098239990708,-0.13151600016857,529762.252,180642.854599999,"Music_Venues_All"
"Thirst","53 Greek St, Soho, London W1D 3DR, UK","","","Westminster","","10033593423","E09000033","West End","E05013808",51.5142839997007,-0.131226999454034,529769.6348,181139.3234,"Music_Venues_All"
"Tramp","40 Jermyn St, St. James's, London SW1Y 6DN","","","Westminster","www.tramp.co.uk/exclusive-hire.php",NA,"E09000033","St James's","E05013806",51.508116999668,-0.137622999412561,529343.3172,180442.233999999,"Music_Venues_All"
"Vout-O-Reenee's","The Crypt, 30 Prescot St, London E1 8BB, United Ki","","","Tower Hamlets","www.vout-o-reenees.com","6086724","E09000030","Whitechapel","E05009336",51.5113899995661,-0.071967000265969,533889.7769,180924.1886,"Music_Venues_All"
"E1","110 Pennington Street, Wapping, London E1W 2BB","","110 Pennington Str","Tower Hamlets","https://e1ldn.co/our-story",NA,"E09000030","St Katharine's & Wapping","E05009330",51.5090579994353,-0.061663999435508,534611.5455,180683.7632,"Music_Venues_All"
"Mannequin Magazine","378 Kingsland Road, London, E8 4AA","","","Hackney","","1e+11","E09000012","London Fields","E05009381",51.5411599992733,-0.0763069999327006,533501.5587,184226.748,"Music_Venues_All"
"Floripa","91-93 Great Eastern Street, Shoreditch, London EC2","","","Hackney","www.floripalondon.com",NA,"E09000012","Hoxton East & Shoreditch","E05009377",51.525827999118,-0.0833859999956008,533055.3711,182508.8827,"Music_Venues_All"
"Soda Room","Downstairs, The Botanist, Broadgate Circle, London","","","City of London","",NA,"E09000001","Bishopsgate","E05009292",51.518971999446,-0.0832809995435815,533082.6351,181746.676200001,"Music_Venues_All"
"Pryzm Kingston","154 Clarence Street Kingston Upon Thames KT1 1QP, ","Kingston","154 Clarence Stree","Kingston upon Thames","https://www.pryzm.co.uk/club/kingston-upon-thames/",NA,"E09000021","Kingston Town","E05013938",51.4115239998438,-0.299859000467755,518334.5237,169426.824100001,"Music_Venues_All"
"Hoxton Basement","12-18 Hoxton St, N1 6NG (Basement Entrance on Drys","","","Hackney","",NA,"E09000012","Hoxton East & Shoreditch","E05009377",51.5279849990765,-0.0791470001778065,533343.1103,182756.4624,"Music_Venues_All"
"Addictive Bar","28 Park Royal Road London NW10 7JW","","","Ealing","","12141434","E09000009","North Acton","E05013527",51.5267579993,-0.267182999293451,520303.5793,182294.4011,"Music_Venues_All"
"La Pollera Colora","4-6 London Bridge Street, London, SE1 9SG","","","Southwark","",NA,"E09000028","London Bridge & West Bermondsey","E05011104",51.5050689990193,-0.0874919995086857,532830.9153,180192.999299999,"Music_Venues_All"
"Peckham Audio","133a Rye Lane, Peckham, London, SE15 4BQ","Peckham","","Southwark","https://www.peckhamaudio.co.uk/",NA,"E09000028","Rye Lane","E05011113",51.4697979991426,-0.0682639993815041,534268.8039,176305.9278,"Music_Venues_All"
"Le Fez","200b Upper Richmond Rd, Putney, London SW15 2SH, U","","200 Upper Richmond","Wandsworth","Home | Le Fez",NA,"E09000032","East Putney","E05014011",51.4608329990877,-0.216609000053914,523990.2904,175047.67,"Music_Venues_All"
"Scotch","13 Masons Yard, St James, London SW1A 1PL","","","Westminster","",NA,"E09000033","St James's","E05013806",51.5077689996431,-0.137020999544021,529386.0774,180404.599099999,"Music_Venues_All"
"Bar Rumba","36 Shaftesbury Avenue; Soho; London W1D 7EP; Unite","","36 Shaftesbury Ave","Westminster","https://barrumbalondon.com/",NA,"E09000033","St James's","E05013806",51.5111379994608,-0.133503999465223,529620.5753,180785.453199999,"Music_Venues_All"
"Night Tales Loft","207, 1 Westgate St, Hackney, London E8 3RL","","","Hackney","",NA,"E09000012","London Fields","E05009381",51.5375839990457,-0.0577230002563944,534800.7635,183863.1908,"Music_Venues_All"
"Rolling Stock","48 Kingsland Road, Shoreditch E2 8AA","","","Hackney","",NA,"E09000012","Hoxton East & Shoreditch","E05009377",51.5290669993031,-0.0778059996482987,533432.9621,182879.227600001,"Music_Venues_All"
"Total Refreshment Centre","Unit 2, Farleigh Place, N16 7SX","","2A Foulden Road","Hackney","www.totalrefreshment.net",NA,"E09000012","Stoke Newington","E05009385",51.5553509993273,-0.0735470006709406,533651.4113,185809.8695,"Music_Venues_All"
"Hackney Showroom","Hackney Downs Studio, Amhurst Terrace London, Engl","","","Hackney","www.hackneyshowroom.com",NA,"E09000012","Shacklewell","E05009382",51.5547309997212,-0.0668649995222664,534116.44,185753.1623,"Music_Venues_All"
"East Wintergarden","43 Bank Street, Canary Wharf, London E14 5NX, Unit","","","Tower Hamlets","www.canarywharf.com/east-wintergarden",NA,"E09000030","Canary Wharf","E05009323",51.502595999757,-0.0175390004646063,537692.8919,180047.238299999,"Music_Venues_All"
"The Dutch Master","Tower Millennium Pier, Lower Thames St, London EC3","","","Tower Hamlets","http://www.dutchmasters.org.uk",NA,"E09000030","St Katharine's & Wapping","E05009330",51.5073259994231,-0.0788890001497688,533421.3474,180459.6237,"Music_Venues_All"
"House Of Vans","Arches 228 - 232 Station Approach Road; London SE1","","","Lambeth","",NA,"E09000022","Waterloo & South Bank","E05014118",51.5037929998042,-0.113863000604967,531004.4927,180003.621400001,"Music_Venues_All"
"Love Vinyl Records","5 Pearson Street E2 8JD","","","Hackney","www.lovevinyl.london",NA,"E09000012","Haggerston","E05009375",51.5328469996046,-0.0760430000033461,533544.184,183302.794,"Music_Venues_All"
"The Greenwich Pensioner","28 Bazely St, Poplar, London E14 0ES","","","Tower Hamlets","","6153306","E09000030","Poplar","E05009328",51.5097109994021,-0.0108149997334091,538138.0213,180851.068299999,"Music_Venues_All"
"Porchester Hall","Porchester Road, Bayswater, London, W2 5HS","","","Westminster","www.everyoneevents.com",NA,"E09000033","Bayswater","E05013793",51.5174519998606,-0.188384000703519,525795.1325,181391.9003,"Music_Venues_All"
"Canvas One","148-150 Curtain Road, EC2A 3AR","","","Hackney","www.blankcanvas.co.uk/london-venues/canvas-one",NA,"E09000012","Hoxton East & Shoreditch","E05009377",51.5267559991895,-0.0801089999375139,533279.972,182618.0427,"Music_Venues_All"
"Sugahill Cafe","250 Kirkdale, London SE26 4NL","","","Lewisham","","1e+11","E09000023","Sydenham","E05013731",51.4273269992355,-0.0564439994940388,535215.0276,171604.939999999,"Music_Venues_All"
"Subterania","12 Acklam Rd, London W10 5QS","","","Kensington and Chelsea","https://subterania.net/",NA,"E09000020","Golborne","E05009396",51.5197539990608,-0.205805000605188,524580.1927,181618.113299999,"Music_Venues_All"
"Hippodrome","Cranbourn St, Leicester Square, London WC2H 7JH","","","Westminster","","10033600458","E09000033","St James's","E05013806",51.5113519998879,-0.128399999295669,529974.125,180818.294199999,"Music_Venues_All"
"8 Northumberland","8 Northumberland Avenue, WC2N 5BY","","","Westminster","","10091861562","E09000033","St James's","E05013806",51.5069349997013,-0.126011999452729,530152.4074,180331.359300001,"Music_Venues_All"
"100 Shoreditch","100 Shoreditch High Street","","","Hackney","",NA,"E09000012","Hoxton East & Shoreditch","E05009377",51.5255563495047,-0.0772956323771719,533478.6252,182489.769099999,"Music_Venues_All"
"Bistrotheque","23-27 Wadeson St","","","Tower Hamlets","",NA,"E09000030","St Peter's","E05009331",51.5342757597909,-0.0559669333024514,534932.323,183498.5392,"Music_Venues_All"
"Guest Projects","Sunbury House, 1 Andrews Road, E8 4QL Londres","Andrews Road","Sunbury House 1","Hackney","http://www.guestprojects.com","1e+11","E09000012","London Fields","E05009381",51.5356419996433,-0.0616429996552573,534534.6471,183640.0133,"Music_Venues_All"
"The Lower Third (formerly 12 Bar Club)","26 Denmark Place; Soho; London WC2H 8NL; United Ki","","","Camden","http://www.12barclub.com","5300047855","E09000007","Holborn & Covent Garden","E05013662",51.5155969995131,-0.129247999492339,529903.2107,181288.838199999,"Music_Venues_All"
"HERE London","141 Charing Cross Rd, London, W1 4DG","","","Camden","https://hereldn.com",NA,"E09000007","Holborn & Covent Garden","E05013662",51.5156846695613,-0.129970515266732,529852.8321,181297.3061,"Music_Venues_All"
"Gremio De Brixton","St. Matthew's Church Brixton, Effra Rd, London, SW","","Lambeth ","Lambeth","","10090196516","E09000022","Brixton Acre Lane","E05014095",51.4531289999001,-0.120718000645815,530673.3299,174357.5002,"Music_Venues_All"
"Salt Lounge","269 West End Lane","","","Camden","","5163150","E09000007","West Hampstead","E05013671",51.5505279994892,-0.191585999690103,525482.0186,185064.5331,"Music_Venues_All"
"Three Crowns","175 Stoke Newington High Street; Stoke Newington; ","Hackney","175 Stoke Newingto","Hackney","http://www.threecrownsn16.com","1e+11","E09000012","Stoke Newington","E05009385",51.5625839993437,-0.0737930005097038,533613.1954,186613.743100001,"Music_Venues_All"
"Electric Ballroom","184 Camden High St; Camden Town; London NW1 8QP; U","London","184 Camden High St","Camden","https://www.electricballroom.co.uk/","5021260","E09000007","Camden Town","E05013655",51.5396809998963,-0.143063000570455,528876.7018,183942.5999,"Music_Venues_All"
"Electrowerkz","7 Torrens Street; Islington; London EC1V 1NQ; Unit","Islington","7 Torrens Street","Islington","https://www.electrowerkz.co.uk","5300092109","E09000019","St Peter's & Canalside","E05013711",51.5325279992145,-0.105192000636532,531523.4813,183214.5122,"Music_Venues_All"
"New River Studios","199 Eade Road, London, N4 1DN","","","Haringey","https://newriverstudios.com/",NA,"E09000014","Hermitage & Gardens","E05013591",51.574926999221,-0.088162000682726,532581.4146,187960.147,"Music_Venues_All"
"Islington Assembly Hall","Upper Street, London, N1 2UD","Islington","Town Hall Upper St","Islington","www.islingtonassemblyhall.co.uk","10091816915","E09000019","St Mary's & St James'","E05013710",51.5396629998261,-0.102498999454464,531689.6674,184012.777899999,"Music_Venues_All"
"Tchances Arts & Music Centre","399 High Road","","399 High Road","Haringey","www.t-chances.com","1e+11","E09000014","Tottenham Hale","E05013602",51.5893364590924,-0.0693059144151784,533845.7109,189596.8983,"Music_Venues_All"
"Blues Kitchen Shoreditch (The)","134-146 Curtain Road","","","Hackney","https://www.theblueskitchen.com/shoreditch/",NA,"E09000012","Hoxton East & Shoreditch","E05009377",51.5262900201286,-0.0799900117334559,533289.5859,182566.4419,"Music_Venues_All"
"The Drumsheds","Meridian Water, Argon Road, Enfield, N18 3BW","Argon Road","Meridian Water","Enfield","https://thedrumshedslondon.co.uk/",NA,"E09000010","Upper Edmonton","E05013694",51.609219983818,-0.042920037392637,535614.2423,191856.6741,"Music_Venues_All"
"Paradise London","65 Albert Embankment","","65 Albert Embankme","Lambeth","",NA,"E09000022","Vauxhall","E05014117",51.487899981897,-0.123220011805019,530400.4479,178219.612500001,"Music_Venues_All"
"Gigis Hoxton Underbelly","11 Hoxton Square","","","Hackney","https://www.gigishoxton.com",NA,"E09000012","Hoxton East & Shoreditch","E05009377",51.5277900030234,-0.0815900315061416,533174.2257,182730.328400001,"Music_Venues_All"
"Piano Works West End (Formerly Studio 88)","47 Whitcomb Street","","","Islington","https://pianoworks.bar/venues/tpw-west-end/",NA,"E09000019","Clerkenwell","E05013702",51.5230300045855,-0.108110038360548,531348.4199,182153.0885,"Music_Venues_All"
"Effra Hall Tavern","38 Kellet Road London","","","Lambeth","https://theeffra.com/",NA,"E09000022","Brixton Windrush","E05014098",51.4598299932367,-0.113920038960444,531126.4477,175114.793299999,"Music_Venues_All"
"Blues Kitchen Brixton (The)","40 Ace Lane","Brixton","","Lambeth","https://theblueskitchen.com/brixton/",NA,"E09000022","Brixton Acre Lane","E05014095",51.4603699975447,-0.120379970408288,530676.1542,175163.3017,"Music_Venues_All"
"The Garage","20-26 Highbury Corner","Islington","20-26 Highbury Cor","Islington","www.thegarage.london","10008978416","E09000019","Highbury","E05013704",51.5465899834878,-0.103810037874798,531578.7764,184780.7161,"Music_Venues_All"
"The Beehive","365 Footscray Road","","","Greenwich","",NA,"E09000011","Eltham Town & Avery Hill","E05014079",51.4487550004075,0.0743854306915246,544242.211,174237.017000001,"Music_Venues_All"
"Olympia","Hammersmith Rd","London","Hammersmith Rd","Kensington and Chelsea","Olympia London |",NA,"E09000020","Holland","E05009397",51.4991446502916,-0.208450000290758,524452.8244,179321.8149,"Music_Venues_All"
"Twickenham Stoop","Langhorn Dr","Twickenham","Langhorn Dr","Richmond upon Thames","Stadium | Your Club | Harlequins Rugby Union",NA,"E09000027","St Margarets & North Twickenham","E05013785",51.450860016348,-0.34294003546854,515239.6574,173732.569800001,"Music_Venues_All"
"Twickenham Stadium","200 Whitton Rd","Twickenham","200 Whitton Rd","Richmond upon Thames","Twickenham Stadium - The Official Home of England Rugby",NA,"E09000027","St Margarets & North Twickenham","E05013785",51.4547000176151,-0.339990025705133,515434.9429,174164.244000001,"Music_Venues_All"
"Amaryllis Fleming Concert Hall, Royal College Of Musi","Prince Consort Road","London","Prince Consort Roa","Westminster","www.rcm.ac.uk",NA,"E09000033","Knightsbridge & Belgravia","E05013797",51.4989000146445,-0.176880033670247,526644.686,179348.707699999,"Music_Venues_All"
"The Duke's Hall","Marylebone Rd","London","Marylebone Rd","Westminster","www.ram.ac.uk",NA,"E09000033","Regent's Park","E05013805",51.5233100027389,-0.151699957956646,528323.7792,182106.957,"Music_Venues_All"
"Wigmore Hall","36 Wigmore St","London","36 Wigmore St","Westminster","Wigmore Hall (wigmore-hall.org.uk)",NA,"E09000033","Marylebone","E05013801",51.5165100154621,-0.148270000708765,528580.8605,181356.8036,"Music_Venues_All"
"Recital Hall ","Prince Consort Road","London","Prince Consort Roa","Westminster","Recital Hall | Performances | Rehearsals | Screenings | Presentations (rcm.ac.uk)",NA,"E09000033","Knightsbridge & Belgravia","E05013797",51.4989000146445,-0.176880033670247,526644.686,179348.707699999,"Music_Venues_All"
"606 Club (The)","90 Lots Road","","","Kensington and Chelsea","https://www.606club.co.uk",NA,"E09000020","Chelsea Riverside","E05009391",51.478619999826,-0.181109961177358,526407.1263,177086.227299999,"Music_Venues_All"
"Linbury Theatre","35-36 Bow St, London WC2E 9DD, United Kingdom","London","Bow St","Westminster","Linbury Theatre — Venues — Royal Opera House (roh.org.uk)",NA,"E09000033","St James's","E05013806",51.513260016672,-0.122799994424864,530357.2536,181040.418299999,"Music_Venues_All"
"The Grosvenor Chapel","24 South Audley Street","","","Westminster","",NA,"E09000033","West End","E05013808",51.5091400174684,-0.151269966844156,528393.4356,180531.987600001,"Music_Venues_All"
"Aces & Eights","156-158 Fortess Road","Tufnell Park","","Camden","http://www.acesandeightssaloonbar.com/",NA,"E09000007","Kentish Town North","E05013663",51.5562300107701,-0.138800042170692,529125.4767,185790.384,"Music_Venues_All"
"Slim Jim's Liquor Store","112 Upper St","","112 Upper St","Islington","www.slimjimsliquorstore.com",NA,"E09000019","St Mary's & St James'","E05013710",51.5378699969075,-0.102709996778862,531680.2095,183813.012700001,"Music_Venues_All"
"Nightjar","129 City Road","","","Hackney","https://www.barnightjar.com",NA,"E09000012","Hoxton West","E05009378",51.5266900042419,-0.0877300278211195,532751.5396,182596.847999999,"Music_Venues_All"
"Stanley Arts (Formerly Stanley Halls)","12 S Norwood Hill","","","Croydon","https://stanleyarts.org/",NA,"E09000008","South Norwood","E05011485",51.4002399841611,-0.0757099596496185,533954.8344,168557.469900001,"Music_Venues_All"
"Engine Rooms (The)","Unit 30 Bow Triangle Business Centre","","","Tower Hamlets","https://www.engineroomsstudios.com",NA,"E09000030","Bromley North","E05009321",51.5241900180305,-0.0231400035491255,537239.2691,182437.951400001,"Music_Venues_All"
"Jago Dalston (The)","440 Kingsland Rd","Dalston","","Hackney","https://www.thejagodalston.com",NA,"E09000012","London Fields","E05009381",51.5415600035324,-0.0761599835626449,533510.5836,184271.4987,"Music_Venues_All"
"Colours","2-4 Hoxton Square","","","Hackney","https://colourshoxton.com/",NA,"E09000012","Hoxton East & Shoreditch","E05009377",51.5277900030234,-0.0815900315061416,533174.2257,182730.328400001,"Music_Venues_All"
"Devonshire Arms (The Dev)","33 Kentish Town Road","Camden","","Camden","https://www.thedevnw1.co.uk/",NA,"E09000007","Camden Town","E05013655",51.5410399904429,-0.142759988384065,528893.8762,184094.254699999,"Music_Venues_All"
"Camden Chapel (The)","Top Floor, The London Irish Centre","50-52 Camden Square","","Camden","N/A",NA,"E09000007","Camden Square","E05013654",51.5435800002477,-0.132150007478384,529622.3919,184395.434,"Music_Venues_All"
"Hampstead Jazz Club","23-25 New End","Hampstead","","Camden","https://www.hampsteadjazzclub.com",NA,"E09000007","Hampstead Town","E05013659",51.5587900111733,-0.177749991188505,526418.3711,186007.1028,"Music_Venues_All"
"Fiddler (The)","229 Kilburn High Road","","","Brent","https://www.thefiddlerlive.com",NA,"E09000005","Kilburn","E05013503",51.5422300113385,-0.198469972322484,525027.4919,184129.9992,"Music_Venues_All"
"Trinity","378-380 Station Rd","Harrow","","Harrow","http://www.trinity-bar.com/",NA,"E09000015","Greenhill","E05013546",51.5796399950435,-0.333899985472335,515541.7176,188067.745200001,"Music_Venues_All"
"Music Room London","116-118 New Cross Road","","","Lewisham","https://www.musicroomlondon.com",NA,"E09000023","Telegraph Hill","E05013732",51.4760599982031,-0.0480400405024353,535654.8294,177039.526900001,"Music_Venues_All"
"Aaja Music (Formerly Aaja Deptford)","Arch 2, Deptford Market Yard","","","Lewisham","https://www.aajamusic.com/",NA,"E09000023","Deptford","E05013719",51.4781600005956,-0.0260900149339028,537172.7655,177313.9319,"Music_Venues_All"
"Mycenae House","90 Mycenae Road","Blackheath","","Greenwich","https://www.mycenaehouse.co.uk",NA,"E09000011","Blackheath Westcombe","E05014073",51.4802499864321,0.0170399899960421,540161.2778,177627.948899999,"Music_Venues_All"
"Tola Peckham","Peckham High Street","","","Southwark","https://www.tolapeckham.com",NA,"E09000028","Rye Lane","E05011113",51.473309979282,-0.0708300148924864,534080.3006,176691.756200001,"Music_Venues_All"
"Sound Lounge (The)","216-220 High St","Sutton","","Sutton","https://www.thesoundlounge.org.uk/",NA,"E09000029","Sutton Central","E05013765",51.3662999824954,-0.194320007837439,525797.5421,164573.4333,"Music_Venues_All"
"Piano Bar Soho","16 Carlisle Street","","","Westminster","https://www.pianobarsoho.com",NA,"E09000033","West End","E05013808",51.5149099947705,-0.133860000002691,529585.1715,181204.273399999,"Music_Venues_All"
"Queen's Head (The)","144 Stockwell Road","","","Lambeth","https://www.queensheadbrixton.co.uk",NA,"E09000022","Brixton North","E05014096",51.4671699841521,-0.117760039659719,530838.7209,175924.1369,"Music_Venues_All"
"Bach Club","A08a Riverside","Bendon Valley","","Wandsworth","https://bach.club/",NA,"E09000032","Wandle","E05014026",51.4465800066777,-0.192900029806403,525676.3271,173503.079299999,"Music_Venues_All"
"Hoxton Cabin Ltd","132 Kingsland Rd, London E2 8DP","","","Hackney","",NA,"E09000012","Haggerston","E05009375",51.5297299953308,-0.0774000036618212,533459.1837,182953.6949,"Music_Venues_All"
"Aaja Deptford Limited","30 Deptford Church Street","","","Lewisham","",NA,"E09000023","Deptford","E05013719",51.4761599945325,-0.0227700273186341,537409.3115,177097.756999999,"Music_Venues_All"
"Night Owl Nightlife Limited","32 Engel Park","","","Barnet","",NA,"E09000003","Mill Hill","E05013645",51.6125499877264,-0.217599989271995,523510.3207,191917.3653,"Music_Venues_All"
"Cavendish Arms (The)","128 Hartington Rd","Stockwell","","Lambeth","https://www.thecavendisharmsstockwell.co.uk/",NA,"E09000022","Stockwell West & Larkhall","E05014111",51.4764699995827,-0.12746997209237,530137.8888,176941.025900001,"Music_Venues_All"
"Hemmingford Arms","158 Hemingford Road, Islington, London, N1 1DF","","","Islington","",NA,"E09000019","Barnsbury","E05013698",51.5431500082676,-0.113210007733966,530936.91,184381.3168,"Music_Venues_All"
"The Libertine","125 Great Suffolk Street","","","Southwark","",NA,"E09000028","Borough & Bankside","E05011095",51.5006499878323,-0.0978999596795437,532121.4051,179682.7838,"Music_Venues_All"
"The Thirsty Scholar","1 Park Crescent","Marylebone","","Westminster","",NA,"E09000033","West End","E05013808",51.5236399973599,-0.145099964226078,528780.6907,182155.237,"Music_Venues_All"
"Made In Brasil Boteco","48 Chalk Farm Road","","","Camden","",NA,"E09000007","Haverstock","E05013660",51.5428299872948,-0.148309982046446,528503.9807,184283.5514,"Music_Venues_All"
"North Pole Bar & Piano Restaurant","131 Greenwich High Road","","","Greenwich","",NA,"E09000011","Greenwich Park","E05014081",51.4773799806295,-0.0148199591430985,537957.6965,177248.3628,"Music_Venues_All"
"West Five Bar","Popes Ln, S Ealing Rd, London W5 4NT","","","Ealing","",NA,"E09000009","Ealing Common","E05013521",51.499050008151,-0.302299959840559,517939.1556,179156.095799999,"Music_Venues_All"
"Club 33 Limited","9 Wadeson Stree","","","Tower Hamlets","",NA,"E09000030","Bethnal Green","E05009317",51.5309249994106,-0.0516097832942324,535244.4297,183133.964500001,"Music_Venues_All"
"The Box Soho ","11-12 Walker's Ct","","11-12 Walker's Ct","Westminster","https://www.theboxsoho.com/",NA,"E09000033","West End","E05013808",51.5130949993099,-0.134889589424051,529518.8823,181000.6229,"Music_Venues_All"
"Union","66 Albert Embankment","","66 Albert Embankme","Lambeth","Union :: Vauxhall :: London (clubunion.co.uk)",NA,"E09000022","Vauxhall","E05014117",51.487899981897,-0.123220011805019,530400.4479,178219.612500001,"Music_Venues_All"
"Luxx Club","15 Berkeley Street","","","Westminster","",NA,"E09000033","West End","E05013808",51.5083200167105,-0.143389971356409,528942.5559,180454.643100001,"Music_Venues_All"
"Club 49","49 Greek Street","","","Westminster","",NA,"E09000033","West End","E05013808",51.5141000083789,-0.130970002535272,529787.989,181119.318700001,"Music_Venues_All"
"Medicine Bar & Nightclub","89 Great Eastern Street","","","Hackney","",NA,"E09000012","Hoxton East & Shoreditch","E05009377",51.5259000106424,-0.083349979623168,533057.6598,182516.956,"Music_Venues_All"
"Raffles Chelsea Ltd","25 Lonsdale Road","","","Richmond upon Thames","",NA,"E09000027","Barnes","E05013774",51.4861099848009,-0.237250021098714,522488.8066,177823.809800001,"Music_Venues_All"
"M.O.T Venue Ltd","Unit 18","Orion Business Centre Surrey Canal Ro","","Lewisham","",NA,"E09000023","New Cross Gate","E05013728",51.48441000844,-0.048099970374847,535625.9001,177967.9279,"Music_Venues_All"
"Scandals","82 Norwood High Street","","","Lambeth","",NA,"E09000022","Knight's Hill","E05014106",51.4296199804917,-0.101360008375335,532086.0217,171778.010600001,"Music_Venues_All"
"The Penthouse","1 Leicester Square","","","Westminster","",NA,"E09000033","St James's","E05013806",51.5107399978982,-0.13044001557711,529834.3116,180746.621200001,"Music_Venues_All"
"The Aviary Cave Bar","164 Basin Approach","","","Tower Hamlets","",NA,"E09000030","Limehouse","E05009326",51.5108200027055,-0.0338099987795979,536539.0894,180931.264799999,"Music_Venues_All"
"The Planet Nollywood","319 Camberwell Road","","","Southwark","",NA,"E09000028","Camberwell Green","E05011096",51.4760799890994,-0.0935400284623969,532495.1489,176958.4561,"Music_Venues_All"
"Pier One","162 Bidder St N","","162 Bidder St N","Newham","Pier One Nightspot | London Nightclub | Afro-Beat Music Nightclub",NA,"E09000025","Canning Town North","E05013906",51.5177100105063,0.00354998634379442,539110.4365,181767.724300001,"Music_Venues_All"
"Unit 58 Ltd","5 Albert Street","","","Camden","",NA,"E09000007","Regent's Park","E05013668",51.534589990066,-0.141800009246154,528978.6692,183378.697000001,"Music_Venues_All"
"Maggie's Club ","329 Fulham Rd","","329 Fulham Rd","Kensington and Chelsea","Maggie's Club - The 80s are back! Chelsea's premier eighties nightclub (maggies-club.com)",NA,"E09000020","Stanley","E05009405",51.4863899819054,-0.180059959563494,526458.5747,177952.080800001,"Music_Venues_All"
"The Roxy","3-5 Rathbone Pl","Soho","3-5 Rathbone Pl","Westminster","http://www.theroxy.co.uk/",NA,"E09000033","West End","E05013808",51.5166900163666,-0.13300999086539,529639.0949,181403.7179,"Music_Venues_All"
"Fantazya","69 Albert Embankment","","69 Albert Embankme","Lambeth","Fantazya | Arabic Night Club",NA,"E09000022","Vauxhall","E05014117",51.487899981897,-0.123220011805019,530400.4479,178219.612500001,"Music_Venues_All"
"Ligthbox","6 S Lambeth Pl","","6 S Lambeth Pl","Lambeth","",NA,"E09000022","Vauxhall","E05014117",51.4856499858867,-0.123489993545048,530388.1183,177968.930199999,"Music_Venues_All"
"The Watershed","267 The Broadway","","","Merton","",NA,"E09000024","Abbey","E05013810",51.4194200008418,-0.194940018358703,525608.9636,170479.392000001,"Music_Venues_All"
"The Cuckoo Club","Swallow Street","","Swallow Street","Westminster","https://www.thecuckooclub.com/",NA,"E09000033","West End","E05013808",51.5099099797216,-0.137890018555212,529319.7124,180641.143999999,"Music_Venues_All"
"Libertine","2 Winsley Street","","","Westminster","",NA,"E09000033","West End","E05013808",51.5159499785345,-0.138440039453038,529264.4523,181311.828299999,"Music_Venues_All"
"Hoxton Arches Events Limited","Arch 402 Cremer St, London E2 8HD","","","Hackney","",NA,"E09000012","Haggerston","E05009375",51.5303699952974,-0.0766599636720912,533508.6403,183026.215600001,"Music_Venues_All"
"Zoo Bar","13-17 Bear Street","","","Westminster","",NA,"E09000033","St James's","E05013806",51.5109099826045,-0.128979972048947,529935.1391,180768.112500001,"Music_Venues_All"
"The Guitar Social - Hackney","3 Mare Street","Hackney","3 Mare Street","Hackney","Contact Us - The Guitar Social",NA,"E09000012","London Fields","E05009381",51.5348999940562,-0.0572599665555925,534840.8039,183565.5715,"Music_Venues_All"
"The Bloomsbury Ballroom","Victoria House","Southampton Row","","Camden","",NA,"E09000007","Bloomsbury","E05013653",51.5191099983988,-0.122249974655229,530378.7168,181691.9201,"Music_Venues_All"
"Soho House (Old Compton Street)","19-21 Old Compton Street","","","Westminster","",NA,"E09000033","West End","E05013808",51.5133100146668,-0.130789960438262,529802.726,181031.7896,"Music_Venues_All"
"The Book Club","100-106 Leonard Street","","","Hackney","",NA,"E09000012","Hoxton East & Shoreditch","E05009377",51.5246299844659,-0.081720035292813,533174.4256,182378.6928,"Music_Venues_All"
"Boat Live ","66 - 78 White Post Ln","","","Tower Hamlets","",NA,"E09000030","Bow East","E05009319",51.5429799814452,-0.023149977681331,537182.105,184527.4016,"Music_Venues_All"
"Little Baobab Ltd","Waller House, Mayville Estate","","","Islington","",NA,"E09000019","Mildmay","E05013709",51.5508300117825,-0.0829299635214056,533014.1314,185290.012599999,"Music_Venues_All"
"The Intimate Space at St Mary's Tower","St. Mary's Tower","Hornsey Village","London","Haringey","https://www.intimatespace.co.uk/",NA,"E09000014","Hornsey","E05013593",51.587931600705,-0.115668453969191,530638.16395005,189356.79080674,"Music_Venues_All"
"The Post Bar","316 High Road","","","Haringey","https://www.thepostbar.co.uk/",NA,"E09000014","","",51.588103745808,-0.0704086329911305,533772.941427513,189457.796821392,"Music_Venues_All"
"Koko","1a Camden High Street; Camden Town; London NW1 7JE","London","1A Camden High St","Camden","https://www.koko.co.uk/",NA,"E09000007","Regent's Park","E05013668",51.5346169993854,-0.138337999841126,529218.6937,183387.802999999,"Music_Venues_Grassroots"
"Lafayette London","11 Goods Way, Kings Cross, London N1C 4DP","Kings Cross","11 Goods Way","Camden","What’s On - Lafayette London",NA,"E09000007","King's Cross","E05013666",51.5346129991672,-0.125075999443642,530138.4644,183410.8402,"Music_Venues_Grassroots"
"The Old Blue Last","38 Great Eastern Street","Hackney","38 Great Eastern S","Hackney","www.theoldbluelast.com",NA,"E09000012","Hoxton East & Shoreditch","E05009377",51.5238702095203,-0.0784924613651052,533400.5328,182300.084899999,"Music_Venues_Grassroots"
"Troy Bar","10 Hoxton St; Hoxton; London N1 6NG; United Kingdo","Hackney","10 Hoxton Street","Hackney","www.troybar.co.uk","10008242403","E09000012","Hoxton East & Shoreditch","E05009377",51.5276309991032,-0.0801290003621385,533276.0303,182715.307600001,"Music_Venues_Grassroots"
"Amersham Arms","388 New Cross Road; New Cross; London SE14 6TY; Un","","","Lewisham","https://www.theamershamarms.net",NA,"E09000023","Deptford","E05013719",51.4754279992342,-0.03046399932062,536877.2225,177001.953199999,"Music_Venues_Grassroots"
"Blues Kitchen Camden (The)","111-113 Camden High Street","Camden","111-113 Camden Hig","Camden","www.theblueskitchen.com/camden","5082330","E09000007","Regent's Park","E05013668",51.5365660895111,-0.139666350632272,529121.0552,183602.201099999,"Music_Venues_Grassroots"
"The Boogaloo","312 Archway Road","","312 Archway Road","Haringey","","1e+11","E09000014","Highgate","E05013592",51.5758709791166,-0.142146357136783,528838.029,187968.6435,"Music_Venues_Grassroots"
"The Camden Assembly Pub","49 Chalk Farm Road","Camden","49 Chalk Farm Road","Camden","www.camdenassembly.com","5020249","E09000007","Haverstock","E05013660",51.5427999995839,-0.147698663381964,528546.4544,184281.2896,"Music_Venues_Grassroots"
"Windmill Brixton","22 Blenheim Gardens","Lambeth","22 Blenheim Garden","Lewisham","www.windmillbrixton.co.uk","1e+11","E09000023","Perry Vale","E05013729",51.4410035694528,-0.0486142843472168,535718.8201,173140.2313,"Music_Venues_Grassroots"
"Oval Space","29-32 The Oval; Bethnal Green; London  E2 9DT; Uni","Tower Hamlets","29-32 The Oval","Tower Hamlets","www.ovalspace.co.uk/about/the-venues/oval-space","6155537","E09000030","St Peter's","E05009331",51.5331549995377,-0.0592619994679834,534707.1107,183367.830499999,"Music_Venues_Grassroots"
"O2 Shepherd's Bush Empire","211 Shepherd's Bush Grn","London","211 Shepherd's Bus","Hammersmith and Fulham","www.academymusicgroup.com/o2shepherdsbushempire","34030760","E09000013","Addison","E05013733",51.5038499994352,-0.219812999588922,523651.4146,179825.819800001,"Music_Venues_Grassroots"
"Folklore","186 Hackney Rd, London, E2 7QL","Tower Hamlets","186 Hackney Road","Tower Hamlets","https://www.folklorehoxton.com","6005502","E09000030","Weavers","E05009335",51.5305089994152,-0.0727680004288231,533778.1725,183048.785,"Music_Venues_Grassroots"
"Royal Vauxhall Tavern","372 Kennington Lane; Oval; London SE11 5HY; United","Lambeth","372 Kennington Lan","Lambeth","www.vauxhalltavern.com","1e+11","E09000022","Oval","E05014108",51.4848689990748,-0.115209000205583,530965.2779,177896.8506,"Music_Venues_Grassroots"
"Grow","98C Wallis Road; Main Yard; London E9 5LN","","","Hackney","www.grow-hackney.squarespace.com",NA,"E09000012","Hackney Wick","E05009374",51.544160999466,-0.0236329997745812,537145.0638,184657.8281,"Music_Venues_Grassroots"
"The Garage","20-26 Highbury Corner","Islington","20-26 Highbury Cor","Islington","www.thegarage.london","10008978416","E09000019","Highbury","E05013704",51.5461999994141,-0.102130812389599,531696.3293,184740.372099999,"Music_Venues_Grassroots"
"Biddle Bros","88 Lower Clapton,  London, E5 0QR","Hackney","88 Lower Clapton R","Hackney","","1e+11","E09000012","Springfield","E05009383",51.5714949998186,-0.0661670005515842,534115.5808,187618.631100001,"Music_Venues_Grassroots"
"Boom Boom Club","Sutton United Football Club The Borough Sports Gro","Gander Green Ln","Sutton United Foot","Sutton","www.feenstra.co.uk/boomboom","0","E09000029","Sutton West & East Cheam","E05013768",51.367086289135,-0.20279414057014,525205.5173,164646.375700001,"Music_Venues_Grassroots"
"St. Moritz Club","159 Wardour Street; W1F 8WH","Wardour Street","159 Wardour St","Westminster","www.stmoritzclub.co.uk","10033622399","E09000033","West End","E05013808",51.5144669995546,-0.13502599973314,529505.5273,181152.9497,"Music_Venues_Grassroots"
"Grace (The)/Garage (The)","20-22 Highbury Corner Highbury East","","20-22 Highbury Cor","Islington","www.thegrace.london",NA,"E09000019","Highbury","E05013704",51.5462400292719,-0.102417610249315,531676.3288,184744.307,"Music_Venues_Grassroots"
"Moth Club","Valette Street, London, Hackney, E9 6NU","Hackney","Hackney Trades Hal","Hackney","www.mothclub.co.uk",NA,"E09000012","Homerton","E05009376",51.5452509992078,-0.0546499999730804,534991.2128,184721.4416,"Music_Venues_Grassroots"
"Union Chapel","Union Chapel, Compton Terrace, London N1 2UN","Islington","19a Compton Terrac","Islington","www.unionchapel.org.uk","10008975865","E09000019","Laycock","E05013708",51.5447649992519,-0.10248100019975,531676.1909,184580.1657,"Music_Venues_Grassroots"
"Redon","Arch 289, Cambridge Heath Road, London, E2 9HA, UK","","","Tower Hamlets","",NA,"E09000030","St Peter's","E05009331",51.532113999149,-0.0572299995079959,534851.1135,183255.8125,"Music_Venues_Grassroots"
"Scala","275 Pentonville Road","London","275 Pentonville Rd","Camden","www.scala.co.uk","0","E09000007","King's Cross","E05013666",51.5301845995461,-0.119047519577175,530569.222,182929.127599999,"Music_Venues_Grassroots"
"93 Feet East","The Old Truman Brewery, 150 Brick Lane; Shoreditch","London","150 Brick Ln Shore","Tower Hamlets","www.93feeteast.co.uk",NA,"E09000030","Spitalfields & Banglatown","E05009333",51.5217059996457,-0.072288999426333,533837.1993,182070.751499999,"Music_Venues_Grassroots"
"Ain't Nothin' But...","20 Kingly Street","Soho","20 Kingly Street","Westminster","http://www.aintnothinbut.co.uk/","1e+11","E09000033","West End","E05013808",51.5124721890884,-0.137952896251008,529308.0963,180925.9537,"Music_Venues_Grassroots"
"Vortex Jazz Club","11 Gillett Square; De Beauvoir; London N16 8JH; Un","Hackney","11 Gillett Square","Hackney","https://www.vortexjazz.co.uk/","10091818908","E09000012","Dalston","E05009370",51.5493199998467,-0.0765170001062005,533463.1452,185133.7853,"Music_Venues_Grassroots"
"100 Club","100 Oxford Street, London, W1D 1LL","City Of Westminster","100 Oxford Street","Westminster","www.the100club.co.uk","10033540054","E09000033","West End","E05013808",51.5162149994181,-0.135332999686917,529479.2711,181346.786599999,"Music_Venues_Grassroots"
"Dingwalls","Middle Yard; Camden Town; London NW1 8AB; United K","London","Middle Yard Camden","Camden","www.dingwalls.com",NA,"E09000007","Camden Town","E05013655",51.5413569990936,-0.146086000104371,528662.3457,184123.6579,"Music_Venues_Grassroots"
"Green Note","106 Parkway, Camden, London NW1 7AN","Camden","106 Parkway","Camden","www.greennote.co.uk","5124523","E09000007","Camden Town","E05013655",51.5372529998058,-0.145812999989707,528692.8478,183667.7674,"Music_Venues_Grassroots"
"Oslo Hackney","1a Amhurst Road, Hackney, London,  E8 1LL","","1A Amhurst Rd","Hackney","www.oslohackney.com","10008289187","E09000012","Hackney Central","E05009372",51.5479819994222,-0.0575200002444169,534784.1614,185019.840500001,"Music_Venues_Grassroots"
"Servant Jazz Quarters","10a Bradbury Street , Dalston, N16 8JH","Hackney","10 Bradbury Street","Hackney","www.servantjazzquarters.com","10008302207","E09000012","Dalston","E05009370",51.5486419994007,-0.076722000587668,533450.9128,185058.0162,"Music_Venues_Grassroots"
"Sebright Arms","34 Coate Street; Bethnal Green; London E2 9AG; Uni","Tower Hamlets","31-35 Coate Street","Tower Hamlets","www.sebrightarms.co.uk","6021840","E09000030","St Peter's","E05009331",51.5320909995576,-0.063057000090994,534447.0469,183242.523399999,"Music_Venues_Grassroots"
"Village Underground","54 Holywell Lane; Shoreditch; London EC2A 3PQ; Uni","Hackney","54 Holywell Lane","Hackney","www.villageunderground.co.uk","10091784233","E09000012","Hoxton East & Shoreditch","E05009377",51.5237879996304,-0.078033999968605,533432.5757,182291.779100001,"Music_Venues_Grassroots"
"229 The Venue","229 Great Portland Street, Fitzrovia, London, W1W ","City Of Westminster","229 Great Portland","Westminster","www.229thevenue.com",NA,"E09000033","West End","E05013808",51.5227259998942,-0.14375000005833,528876.9167,182055.9738,"Music_Venues_Grassroots"
"Gladstone Arms","64 Lant Street","Southwark","64 Lant Street","Southwark","www.thegladpub.co.uk","2e+11","E09000028","Chaucer","E05011098",51.5002999997372,-0.0935300144492768,532425.712,179651.7541,"Music_Venues_Grassroots"
"Jazz After Dark","9 Greek Street","Soho","9 Greek Street","Camden","http://www.jazzafterdark.co.uk/","10033551268","E09000007","Holborn & Covent Garden","E05013662",51.5139823792971,-0.129430232797153,529895.1588,181108.967599999,"Music_Venues_Grassroots"
"Notting Hill Arts Club","21 Notting Hill Gate; Notting Hill; London W11 3JQ","Kensington And Chelsea","19-21 Notting Hill","Kensington and Chelsea","www.nottinghillartsclub.com","217059366","E09000020","Campden","E05009390",51.5093759998519,-0.194550000055335,525389.5063,180483.261700001,"Music_Venues_Grassroots"
"Piano Works","113-117 Farringdon Rd","","","Islington","https://www.pianoworks.bar","10012787103","E09000019","Clerkenwell","E05013702",51.522355849392,-0.106481583339321,531463.3271,182081.043500001,"Music_Venues_Grassroots"
"Red Room (Ealing Jazz Club)","42a The Broadway","","","Ealing","www.ealingclub.com/","12133012","E09000009","Ealing Broadway","E05013520",51.5139035996404,-0.300944676057099,517994.863,180810.0515,"Music_Venues_Grassroots"
"Roadtrip And The Workshop","243 Old Street","Hackney","","Hackney","www.roadtripbar.com","1e+11","E09000012","Hoxton East & Shoreditch","E05009377",51.5261558998431,-0.0824188512587223,533121.5016,182547.1051,"Music_Venues_Grassroots"
"Roundhouse","Chalk Farm Road","Chalk Farm","Chalk Farm Road Ca","Camden","www.roundhouse.org.uk/",NA,"E09000007","Camden Town","E05013655",51.5428169999082,-0.148537999319255,528488.2064,184281.7071,"Music_Venues_Grassroots"
"Shacklewell Arms","71 Shaclewell Lane","Hackney","71 Shacklewell Lan","Hackney","www.shacklewellarms.com","10091775225","E09000012","Shacklewell","E05009382",51.55239999922,-0.0698785653744769,533914.3654,185488.4267,"Music_Venues_Grassroots"
"Slaughtered Lamb","34-35 Great Sutton Street","Islington","","Islington","www.theslaughteredlambpub.com","10008975751","E09000019","Bunhill","E05013699",51.5228030890493,-0.0996582354666067,531935.3795,182143.046,"Music_Venues_Grassroots"
"Betsey Trotwood (The)","56 Farringdon Road","","","Islington","https://www.thebetsey.com/","5300032921","E09000019","Clerkenwell","E05013702",51.5228499296597,-0.106446667147307,531464.3269,182136.0483,"Music_Venues_Grassroots"
"George Tavern (The)","373 Commercial Road","","","Tower Hamlets","http://thegeorgetavern.co.uk/","6027924","E09000030","Shadwell","E05009332",51.5138252795097,-0.0512977226060248,535316.7454,181233.001,"Music_Venues_Grassroots"
"Harrison (The)","28 Harrison Street","","","Camden","https://harrisonbar.co.uk/","5058943","E09000007","King's Cross","E05013666",51.5270536696728,-0.118974721546792,530583.2254,182581.095899999,"Music_Venues_Grassroots"
"Jazz Cafe","5-7 Parkway London","","","Camden","https://thejazzcafelondon.com/","5048630","E09000007","Camden Town","E05013655",51.5381506696373,-0.141476550072591,528991.0397,183775.2183,"Music_Venues_Grassroots"
"Lexington (The)","96-98 Pentonville Road","","","Islington","https://www.thelexington.co.uk/","5300073232","E09000019","Clerkenwell","E05013702",51.531259569459,-0.109832348420074,531205.2923,183065.134199999,"Music_Venues_Grassroots"
"Macbeth (The)","70 Hoxton St","","","Hackney","https://www.themacbeth.co.uk/","1e+11","E09000012","Hoxton East & Shoreditch","E05009377",51.529634209147,-0.0784371834175015,533387.5256,182941.1514,"Music_Venues_Grassroots"
"Social (The)","5 Little Portland St","","","Westminster","https://www.thesocial.com/","1e+11","E09000033","West End","E05013808",51.5168812992859,-0.139228970636386,529207.0805,181414.000399999,"Music_Venues_Grassroots"
"Spice Of Life (The)","6 Moor Street","City Of Westminster","","Westminster","https://www.spiceoflifesoho.com","1e+11","E09000033","St James's","E05013806",51.5129101391193,-0.128176925103612,529985.1697,180991.956700001,"Music_Venues_Grassroots"
"Underworld","174 Camden High Street","","","Camden","https://www.theunderworldcamden.co.uk","5048636","E09000007","St Pancras & Somers Town","E05013669",51.5386820096688,-0.140387680981688,529065.0478,183836.2223,"Music_Venues_Grassroots"
"Water Rats","328 Grays Inn Rd","Kings Cross","","Camden","https://www.thewaterratsvenue.london/","5021978","E09000007","King's Cross","E05013666",51.5285550093938,-0.117817010315502,530659.233,182750.110400001,"Music_Venues_Grassroots"
"Tooting Tram And Social","46-48 Mitcham Road; Tooting; London SW17 9NA; Unit","","46-48 Mitcham Rd","Wandsworth","https://www.tootingtramandsocial.co.uk",NA,"E09000032","Tooting Broadway","E05014024",51.4267679997689,-0.166487999843917,527566.7246,171345.5735,"Music_Venues_Grassroots"
"The Oval (Formerly The Oval Tavern)","130 Oval Road","Croydon","","Croydon","www.theovaltavern.co.uk","1e+11","E09000008","Addiscombe West","E05011463",51.3778010391041,-0.0860393953480597,533301.5051,166043.4058,"Music_Venues_Grassroots"
"Leytonstone Ex-Servicemens Club","2 Harvey Road","Waltham Forest","2 Harvey Road","Waltham Forest","www.leytonstonesocial.club","1e+11","E09000031","Leytonstone","E05013897",51.5668678696327,0.0132542441081256,539633.2732,187252.6258,"Music_Venues_Grassroots"
"Beehive (The)","104 Empson Street","","","Tower Hamlets","N/A","6072864","E09000030","Bromley South","E05009322",51.5211171290525,-0.0120617555679965,538017.029,182117.045700001,"Music_Venues_Grassroots"
"St John At Hackney Church","St. John At Hackney Church","Lower Clapton Road","","Hackney","https://saint.church/","10091775145","E09000012","Homerton","E05009376",51.5486917092392,-0.0517265084105685,535183.732,185109.4483,"Music_Venues_Grassroots"
"Queen Of Hoxton","1-5 Curtain Road; Hoxton; London EC2A 3JX; United ","Hackney","1 Curtain Road","Hackney","www.queenofhoxton.com/",NA,"E09000012","Hoxton East & Shoreditch","E05009377",51.522174999108,-0.0814280006886356,533201.8448,182106.226399999,"Music_Venues_Grassroots"
"Strongroom","120-124 Curtain Road","Shoreditch","","Hackney","https://www.strongroombar.com/","0","E09000012","Hoxton East & Shoreditch","E05009377",51.5254993093787,-0.0785388062366054,533392.5583,182481.1587,"Music_Venues_Grassroots"
"Fighting Cocks Bar And Venue (The)","56 Old London Road","Kingston Upon Thames","","Kingston upon Thames","https://www.the-fighting-cocks.co.uk/","1e+11","E09000021","Kingston Town","E05013938",51.4101550299136,-0.296596694611042,518564.9264,169279.857899999,"Music_Venues_Grassroots"
"Waiting Room","175 Stoke Newington High St","Stoke Newington","","Hackney","https://threecrownsn16.com/index.php/gigs/","1e+11","E09000012","Stoke Newington","E05009385",51.561558729228,-0.0722432505396337,533723.6122,186502.565199999,"Music_Venues_Grassroots"
"Finsbury (The)","336 Green Lanes","Harringay","","Hackney","https://www.thefinsbury.co.uk/","1e+11","E09000012","Woodberry Down","E05009387",51.5714405193381,-0.0946860143040423,532139.4431,187560.626,"Music_Venues_Grassroots"
"World's End","21-23 Stroud Green Rd","Finsbury Park","21-23 Stroud Green","Haringey","https://www.worldsendfinsburypark.com/","10007028978","E09000014","Stroud Green","E05013600",51.566464869861,-0.106770576416539,531316.3235,186985.5394,"Music_Venues_Grassroots"
"Black Heart (The)","3 Greenland Place","Camden","","Camden","https://www.ourblackheart.com/",NA,"E09000007","Camden Town","E05013655",51.5391119998138,-0.14181499973621,528964.8527,183881.5233,"Music_Venues_Grassroots"
"Dublin Castle (The)","94 Parkway","","","Camden","https://thedublincastle.com/","5037821","E09000007","Camden Town","E05013655",51.5369403996495,-0.14399190615493,528820.0212,183636.2075,"Music_Venues_Grassroots"
"Powerhaus (Dingwalls)","Middle Yard","Camden Town","","Camden","http://dingwalls.com/","5084282","E09000007","Camden Town","E05013655",51.5409419897245,-0.143958879280576,528811.0177,184081.2475,"Music_Venues_Grassroots"
"Dome (The)","2a Dartmouth Park Hill","","","Islington","https://www.dometufnellpark.co.uk","5300027158","E09000019","Junction","E05013707",51.5570042797945,-0.137144326994526,529238.0572,185879.404999999,"Music_Venues_Grassroots"
"Fiddlers Elbow (The)","1 Malden Rd","Belsize Park","","Camden","https://www.thefiddlerselbow.co.uk/","5051822","E09000007","Haverstock","E05013660",51.5455631198843,-0.149554848877484,528409.9698,184585.2961,"Music_Venues_Grassroots"
"Olivers Jazz Bar","9 Nevada Street","Greenwich","9 Nevada Street","Greenwich","www.oliversjazzbar.co.uk","10010246216","E09000011","Greenwich Park","E05014081",51.4791279696222,-0.00638429612245717,538538.1784,177458.6505,"Music_Venues_Grassroots"
"New Cross Inn","323 New Cross Road; New Cross; London SE14 6AS; Un","Lewisham","323 New Cross Road","Lewisham","www.newcrossinn.com","1e+11","E09000023","Deptford","E05013719",51.4757729998464,-0.0370789993220414,536416.8348,177027.9738,"Music_Venues_Grassroots"
"Off The Cuff","Arch 645, 301-303 Railton Rd, Herne Hill SE24 0JN","Lambeth","301-303 Railton Ro","Lambeth","www.offthecuffbar.com","1e+11","E09000022","Herne Hill & Loughborough Junction","E05014104",51.4529839993485,-0.102127000066738,531965.4022,174374.692399999,"Music_Venues_Grassroots"
"Bedford (The) ","77 Bedford Hill","Balham","","Wandsworth","https://thebedford.com/","1e+11","E09000032","Balham","E05014009",51.4421616595879,-0.147693672705152,528829.9637,173090.171700001,"Music_Venues_Grassroots"
"Half Moon Putney","93 Lower Richmond Rd","Putney","","Wandsworth","https://www.halfmoon.co.uk/","121002857","E09000032","Thamesfield","E05014022",51.4667779191216,-0.218533971187137,523840.4943,175705.498,"Music_Venues_Grassroots"
"White Lion Sw16","232 Streatham High Road","Lambeth","","Lambeth","www.whitelionsw16.co.uk","1e+11","E09000022","Streatham St Leonard's","E05014115",51.4301061797914,-0.1281969095023,530219.1172,171784.0448,"Music_Venues_Grassroots"
"Electric Brixton","Town Hall Parade; Brixton; London SW2 1RJ; United ","Brixton","","Lambeth","https://www.electricbrixton.uk.com/",NA,"E09000022","Brixton Acre Lane","E05014095",51.4598419992963,-0.11686800030718,530921.627,175110.857100001,"Music_Venues_Grassroots"
"Pizza Express (The Pheasantry)","The Pheasantry, 152/154 King's Road","","","Kensington and Chelsea","www.pizzaexpresslive.com/venues/chelsea-the-pheasantry","217047024","E09000020","Royal Hospital","E05009403",51.4885714290562,-0.163878228305419,527575.9266,178222.708900001,"Music_Venues_Grassroots"
"Troubadour","263-267 Old Brompton Rd","","","Kensington and Chelsea","https://www.troubadourlondon.com/","217114565","E09000020","Redcliffe","E05009402",51.4883209295989,-0.189991804278026,525763.7316,178149.713199999,"Music_Venues_Grassroots"
"Nell's Jazz & Blues","3 North End Crescent","Hammersmith And Fulham","3 North End Cresce","Hammersmith and Fulham","https://nells.co.uk/","34151679","E09000013","Avonmore","E05013734",51.4917277090312,-0.205675684070297,524665.6098,178501.7531,"Music_Venues_Grassroots"
"Pizza Express (Jazz Club Soho)","10 Dean Street","City Of Westminster","","Westminster","www.pizzaexpresslive.com/venues/soho-jazz-club",NA,"E09000033","West End","E05013808",51.5151199994726,-0.133300000546893,529623.4298,181228.617000001,"Music_Venues_Grassroots"
"Ronnie Scotts","47 Frith Street","City Of Westminster","47 Frith Street","Westminster","https://www.ronniescotts.co.uk/","10033534558","E09000033","West End","E05013808",51.5128959896443,-0.130108948183708,529851.1551,180986.956599999,"Music_Venues_Grassroots"
"Boston Room (The) At George Iv","185 Chiswick High Rd","","","Hounslow","https://www.georgeiv.co.uk","1e+11","E09000018","Chiswick Homefields","E05013610",51.4917152694262,-0.255509594373368,521206.2331,178416.7787,"Music_Venues_Grassroots"
"Phoenix Arts Club","1 Phoenix Street","","","Camden","https://www.phoenixartsclub.com","5169960","E09000007","Holborn & Covent Garden","E05013662",51.513969319592,-0.127484864528668,530030.1736,181110.9669,"Music_Venues_Grassroots"
"The Magic Garden","231 Battersea Park Road","Wandsworth","231 Battersea Park","Wandsworth","http://www.magicgardenpub.com/","10024085883","E09000032","Battersea Park","E05014010",51.474699999801,-0.149208915016848,528633.2837,176705.819800001,"Music_Venues_Grassroots"
"Old Street Records","350-354 Old Street, London, EC1V 9NQ, United Kingd","","","Hackney","https://www.oldstreetrecords.com/",NA,"E09000012","Hoxton East & Shoreditch","E05009377",51.5267869999014,-0.0806480002178653,533242.4944,182620.508199999,"Music_Venues_Grassroots"
"Bermondsey Social Club","Arch 19 Almond Road, Bermondsey, London, SE16 3LR","Bermondsey","","Southwark","https://www.bermondseysocialclub.co.uk/",NA,"E09000028","South Bermondsey","E05011116",51.491721999354,-0.0595669994189716,534808.1947,178759.840299999,"Music_Venues_Grassroots"
"Venn Street Records","78 Vemm Street, Clapham, London, SW4 0BD","","","Lambeth","https://www.vennstreetrecords.com",NA,"E09000022","Clapham Town","E05014102",51.4625249992752,-0.138030000001939,529443.9897,175371.6185,"Music_Venues_Grassroots"
"Masons Arms","665 Harrow Road; Kensal Green; London NW10 5NU; Un","","","Brent","www.themasonsarmsnw10.co.uk","202001640","E09000005","Queens Park","E05013507",51.5300319995549,-0.227298999420061,523061.3142,182724.7148,"Music_Venues_Grassroots"
"Pickle Factory","13-14 The Oval","","13-14 The Oval","Tower Hamlets","www.ovalspace.co.uk","0","E09000030","St Peter's","E05009331",51.5320976698769,-0.0577047947003537,534818.2321,183253.120999999,"Music_Venues_Grassroots"
"Earth Hackney","11-17 Stoke Newington Rd","","11-17 Stoke Newing","Hackney","https://www.earthackney.co.uk",NA,"E09000012","Shacklewell","E05009382",51.5511039996023,-0.0752909996333303,533542.9299,185334.408199999,"Music_Venues_Grassroots"
"Map Studio Cafe","46 Grafton Road; London NW5 3DU; United Kingdom","","","Camden","http://www.mapmusic.net","5029686","E09000007","Kentish Town South","E05013664",51.5477209993794,-0.14504399931892,528716.6488,184833.174900001,"Music_Venues_Grassroots"
"Alchemy","28-30 St. Georges Walk","Croydon","","Croydon","N/A",NA,"E09000008","Fairfield","E05011468",51.3729309995861,-0.0981290005764857,532474.2191,165479.968900001,"Music_Venues_Grassroots"
"Slim Jim's Liquor Store","112 Upper St","","112 Upper St","Islington","www.slimjimsliquorstore.com","0","E09000019","St Mary's & St James'","E05013710",51.5374999997068,-0.101280590545282,531780.4034,183774.4418,"Music_Venues_Grassroots"
"Space 289 (Formerly Redon)","289 Cambridge Heath Rd","","","Tower Hamlets","https://www.space289.com/",NA,"E09000030","St Peter's","E05009331",51.532113999149,-0.0572299995079959,534851.1135,183255.8125,"Music_Venues_Grassroots"
"Paper Dress Vintage","352A Mare Street, Hackney E8 1HR","","352 Mare Street","Hackney","www.paperdressvintage.co.uk",NA,"E09000012","Hackney Central","E05009372",51.5472919993213,-0.054639000232472,534985.9447,184948.4242,"Music_Venues_Grassroots"
"Kansas Smitty's (Looking For A New Home)","63-65 Broadway Market","","","Hackney","https://www.kansassmittys.com","0","E09000012","London Fields","E05009381",51.5368171390732,-0.0598061981273814,534658.5621,183774.074999999,"Music_Venues_Grassroots"
"Eastcheap Records","20 Eastcheap, London, EC3M 1EB, United Kingdom","","","City of London","https://www.eastcheaprecords.com",NA,"E09000001","Billingsgate","E05009291",51.5105019998458,-0.0837739994972142,533073.1087,180803.9043,"Music_Venues_Grassroots"
"Colours","2-4 Hoxton Square","","","Hackney","https://colourshoxton.com/","10091942715","E09000012","Hoxton East & Shoreditch","E05009377",51.5269956192047,-0.0804226747447569,533257.5149,182644.1174,"Music_Venues_Grassroots"
"Boston Music Room","2a Dartmouth Park Hill","","","Islington","https://www.bostonmusicroom.co.uk/","5300053516","E09000019","Tufnell Park","E05013713",51.5568017495601,-0.136849623607536,529259.0596,185857.4035,"Music_Venues_Grassroots"
"Jam In A Jar","599A Green Lanes, Harringay, London N8 0RE, United","Harringay","","Haringey","https://www.jaminajar.co.uk",NA,"E09000014","Harringay","E05013590",51.5844719993537,-0.100421000343053,531704.3938,188999.4277,"Music_Venues_Grassroots"
"Hampstead Jazz Club","23-25 New End","Hampstead","","Camden","https://www.hampsteadjazzclub.com","5082763","E09000007","Hampstead Town","E05013659",51.5583954794645,-0.175884616448578,526548.7656,185966.452199999,"Music_Venues_Grassroots"
"Fox And Firkin (The)","316 Lewisham High Street","","","Lewisham","https://foxfirkin.com/","1e+11","E09000023","Ladywell","E05013725",51.4564649191383,-0.0128138535636656,538160.1396,174926.399700001,"Music_Venues_Grassroots"
"Sound Lounge (The)","216-220 High St","Sutton","","Sutton","https://www.thesoundlounge.org.uk/",NA,"E09000029","Sutton Central","E05013765",51.3660248696136,-0.192650669337092,525914.4982,164545.7042,"Music_Venues_Grassroots"
"The Guitar Social - King's Cross","","","","Islington","",NA,"E09000019","Caledonian","E05013700",51.5317959297287,-0.120665661492678,530452.384,183105.4255,"Music_Venues_Grassroots"
"The Lower Third (formerly 12 Bar Club)","26 Denmark Place; Soho; London WC2H 8NL; United Ki","","","Camden","http://www.12barclub.com","5300047855","E09000007","Holborn & Covent Garden","E05013662",51.5155969995131,-0.129247999492339,529903.2107,181288.838199999,"Music_Venues_Grassroots"
"HERE London","141 Charing Cross Rd, London, W1 4DG","","","Camden","https://hereldn.com",NA,"E09000007","Holborn & Covent Garden","E05013662",51.5157064292303,-0.129972996267913,529852.5981,181299.7214,"Music_Venues_Grassroots"
"Colours Hoxton","2-4 Hoxton Square London","","2-4 Hoxton Square ","Hackney","www.hoxtonsquarebar.com","10091942715","E09000012","Hoxton East & Shoreditch","E05009377",51.5269956192047,-0.0804226747447569,533257.5149,182644.1174,"Music_Venues_Grassroots"
"Gigis Hoxton Underbelly","11 Hoxton Square","","","Hackney","https://www.gigishoxton.com",NA,"E09000012","Hoxton East & Shoreditch","E05009377",51.5277900030234,-0.0815900315061416,533174.2257,182730.328400001,"Music_Venues_Grassroots"
"Piano Works West End (Formerly Studio 88)","47 Whitcomb Street","","","Islington","https://pianoworks.bar/venues/tpw-west-end/",NA,"E09000019","Clerkenwell","E05013702",51.5230300045855,-0.108110038360548,531348.4199,182153.0885,"Music_Venues_Grassroots"
"Blues Kitchen Shoreditch (The)","134-146 Curtain Road","","","Hackney","https://www.theblueskitchen.com/shoreditch/",NA,"E09000012","Hoxton East & Shoreditch","E05009377",51.5262900201286,-0.0799900117334559,533289.5859,182566.4419,"Music_Venues_Grassroots"
"Effra Hall Tavern","38 Kellet Road London","","","Lambeth","https://theeffra.com/",NA,"E09000022","Brixton Windrush","E05014098",51.4598299932367,-0.113920038960444,531126.4477,175114.793299999,"Music_Venues_Grassroots"
"Blues Kitchen Brixton (The)","40 Ace Lane","Brixton","","Lambeth","https://theblueskitchen.com/brixton/",NA,"E09000022","Brixton Acre Lane","E05014095",51.4603699975447,-0.120379970408288,530676.1542,175163.3017,"Music_Venues_Grassroots"
"606 Club (The)","90 Lots Road","","","Kensington and Chelsea","https://www.606club.co.uk",NA,"E09000020","Chelsea Riverside","E05009391",51.478619999826,-0.181109961177358,526407.1263,177086.227299999,"Music_Venues_Grassroots"
"Aces & Eights","156-158 Fortess Road","Tufnell Park","","Camden","http://www.acesandeightssaloonbar.com/",NA,"E09000007","Kentish Town North","E05013663",51.5562300107701,-0.138800042170692,529125.4767,185790.384,"Music_Venues_Grassroots"
"Stanley Arts (Formerly Stanley Halls)","12 S Norwood Hill","","","Croydon","https://stanleyarts.org/",NA,"E09000008","South Norwood","E05011485",51.4002399841611,-0.0757099596496185,533954.8344,168557.469900001,"Music_Venues_Grassroots"
"Nightjar","129 City Road","","","Hackney","https://www.barnightjar.com",NA,"E09000012","Hoxton West","E05009378",51.5266900042419,-0.0877300278211195,532751.5396,182596.847999999,"Music_Venues_Grassroots"
"Engine Rooms (The)","Unit 30 Bow Triangle Business Centre","","","Tower Hamlets","https://www.engineroomsstudios.com",NA,"E09000030","Bromley North","E05009321",51.5241900180305,-0.0231400035491255,537239.2691,182437.951400001,"Music_Venues_Grassroots"
"Jago Dalston (The)","440 Kingsland Rd","Dalston","","Hackney","https://www.thejagodalston.com",NA,"E09000012","London Fields","E05009381",51.5415600035324,-0.0761599835626449,533510.5836,184271.4987,"Music_Venues_Grassroots"
"Devonshire Arms (The Dev)","33 Kentish Town Road","Camden","","Camden","https://www.thedevnw1.co.uk/",NA,"E09000007","Camden Town","E05013655",51.5410399904429,-0.142759988384065,528893.8762,184094.254699999,"Music_Venues_Grassroots"
"Camden Chapel (The)","Top Floor, The London Irish Centre","50-52 Camden Square","","Camden","N/A",NA,"E09000007","Camden Square","E05013654",51.5435800002477,-0.132150007478384,529622.3919,184395.434,"Music_Venues_Grassroots"
"Fiddler (The)","229 Kilburn High Road","","","Brent","https://www.thefiddlerlive.com",NA,"E09000005","Kilburn","E05013503",51.5422300113385,-0.198469972322484,525027.4919,184129.9992,"Music_Venues_Grassroots"
"Trinity","378-380 Station Rd","Harrow","","Harrow","http://www.trinity-bar.com/",NA,"E09000015","Greenhill","E05013546",51.5796399950435,-0.333899985472335,515541.7176,188067.745200001,"Music_Venues_Grassroots"
"Mycenae House","90 Mycenae Road","Blackheath","","Greenwich","https://www.mycenaehouse.co.uk",NA,"E09000011","Blackheath Westcombe","E05014073",51.4802499864321,0.0170399899960421,540161.2778,177627.948899999,"Music_Venues_Grassroots"
"Music Room London","116-118 New Cross Road","","","Lewisham","https://www.musicroomlondon.com",NA,"E09000023","Telegraph Hill","E05013732",51.4760599982031,-0.0480400405024353,535654.8294,177039.526900001,"Music_Venues_Grassroots"
"Tola Peckham","Peckham High Street","","","Southwark","https://www.tolapeckham.com",NA,"E09000028","Rye Lane","E05011113",51.473309979282,-0.0708300148924864,534080.3006,176691.756200001,"Music_Venues_Grassroots"
"Aaja Music (Formerly Aaja Deptford)","Arch 2, Deptford Market Yard","","","Lewisham","https://www.aajamusic.com/",NA,"E09000023","Deptford","E05013719",51.4781600005956,-0.0260900149339028,537172.7655,177313.9319,"Music_Venues_Grassroots"
"Piano Bar Soho","16 Carlisle Street","","","Westminster","https://www.pianobarsoho.com",NA,"E09000033","West End","E05013808",51.5149099947705,-0.133860000002691,529585.1715,181204.273399999,"Music_Venues_Grassroots"
"Queen's Head (The)","144 Stockwell Road","","","Lambeth","https://www.queensheadbrixton.co.uk",NA,"E09000022","Brixton North","E05014096",51.4671699841521,-0.117760039659719,530838.7209,175924.1369,"Music_Venues_Grassroots"
"Bach Club","A08a Riverside","Bendon Valley","","Wandsworth","https://bach.club/",NA,"E09000032","Wandle","E05014026",51.4465800066777,-0.192900029806403,525676.3271,173503.079299999,"Music_Venues_Grassroots"
"The Guitar Social - Hackney","3 Mare Street","Hackney","3 Mare Street","Hackney","Contact Us - The Guitar Social",NA,"E09000012","London Fields","E05009381",51.5348999940562,-0.0572599665555925,534840.8039,183565.5715,"Music_Venues_Grassroots"
"Cavendish Arms (The)","128 Hartington Rd","Stockwell","","Lambeth","https://www.thecavendisharmsstockwell.co.uk/",NA,"E09000022","Stockwell West & Larkhall","E05014111",51.4764699990506,-0.127469972091197,530137.888801593,176941.025840837,"Music_Venues_Grassroots"
"Karamel N22","4 Coburg Road","London","","Haringey","",NA,"E09000014","","",51.594950148083,-0.111580547692053,530901.195479996,190144.597525758,"Music_Venues_Grassroots"
